open,high,low,close
24.497499,25.4725,24.387501,24.657499
24.8125,24.967501,24.74,24.7575
24.754999,24.889999,24.67,24.735001
24.625,24.997499,24.615,24.9125
24.6325,24.8375,24.620001,24.7075
24.672501,24.780001,24.275,24.334999
24.33,24.620001,24.1875,24.365
24.455,24.602501,24.2575,24.285
24.112499,24.4375,24.0175,24.387501
24.155001,24.1625,23.825001,23.8325
24.0,24.1425,23.7575,23.775
23.735001,24.0875,23.67,23.977501
24.0625,24.2225,23.8375,23.887501
23.985001,24.0725,23.8125,24.025
23.227501,23.665001,23.1625,23.35
23.25,23.262501,22.875,23.01
23.225,23.415001,23.035,23.397499
23.4925,23.637501,23.407499,23.6
23.610001,23.942499,23.575001,23.9
23.872499,24.1175,23.8325,23.9725
23.8475,23.85,23.615,23.747499
23.65,23.915001,23.592501,23.8825
23.924999,24.125,23.905001,23.985001
24.122499,24.2225,24.012501,24.17
24.1875,24.4125,24.182501,24.245001
24.2925,24.424999,24.280001,24.355
24.352501,24.4175,24.209999,24.217501
24.3475,24.747499,24.33,24.6975
24.73,24.825001,24.625,24.695
24.674999,25.032499,24.65,24.9575
24.889999,25.0,24.834999,24.967501
25.0,25.115,24.934999,24.99
24.9575,25.25,24.782499,24.8575
24.815001,24.825001,24.577499,24.665001
24.5625,24.709999,24.23,24.334999
24.205,24.4925,24.105,24.1675
26.067499,26.0875,25.6875,25.737499
25.7075,26.112499,25.705,26.084999
26.047501,26.137501,25.92,26.0525
26.102501,26.5375,26.102501,26.512501
26.512501,26.5175,26.0,26.120001
26.202499,26.459999,26.192499,26.4475
26.395,26.5,26.32,26.467501
26.567499,26.9125,26.545,26.870001
26.879999,27.092501,26.790001,27.092501
27.057501,27.235001,27.002501,27.202499
27.1775,27.225,26.940001,27.0
27.129999,27.2325,26.9625,26.9825
26.945,27.110001,26.945,27.045
27.035,27.385,27.02,27.370001
27.407499,27.557501,27.3025,27.344999
27.275,27.342501,27.084999,27.305
27.307501,27.4,27.254999,27.27
27.192499,27.422501,27.09,27.34
27.215,27.275,26.9625,27.127501
27.147499,27.33,27.1325,27.2125
27.1425,27.1875,26.92,27.0075
26.8475,26.969999,26.67,26.8925
26.852501,26.987499,26.577499,26.735001
26.655001,26.860001,26.5725,26.705
26.450001,26.625,26.375,26.5
26.415001,26.6425,26.41,26.525
26.535,26.700001,26.405001,26.682501
26.924999,27.0,26.705,26.932501
26.975,27.075001,26.877501,26.924999
26.9575,27.190001,26.7675,27.09
26.8125,26.817499,26.309999,26.379999
26.16,26.43,25.782499,25.782499
25.6625,26.43,25.6325,26.360001
26.877501,27.1975,26.809999,26.987499
27.182501,28.2575,27.15,27.942499
28.465,28.932501,28.372499,28.8925
28.780001,29.032499,28.51,28.73
28.797501,29.045,28.3125,28.395
28.262501,28.530001,28.127501,28.3925
28.4625,28.497499,28.110001,28.387501
28.5875,28.735001,28.5,28.655001
28.605,28.6975,27.887501,28.1775
27.91,28.3475,27.887501,28.219999
28.25,28.295,28.084999,28.272499
28.422501,28.66,28.3575,28.487499
28.290001,28.450001,27.950001,28.045
28.115,28.342501,27.950001,28.262501
28.1775,28.262501,28.07,28.129999
28.264999,28.577499,28.157499,28.25
28.35,28.415001,28.172501,28.262501
28.424999,28.584999,28.282499,28.4725
28.577499,28.639999,28.377501,28.514999
28.754999,29.1875,28.68,29.012501
29.424999,29.672501,29.049999,29.075001
29.3375,29.495001,29.1875,29.334999
29.1975,29.360001,28.93,29.245001
29.469999,29.5425,29.282499,29.407499
29.3325,29.459999,29.195,29.387501
29.545,29.5525,29.362499,29.3675
29.3125,29.440001,28.450001,29.280001
29.215,29.344999,29.0825,29.264999
29.202499,29.227501,29.07,29.15
29.275,29.434999,29.25,29.4125
29.487499,29.59,29.327499,29.5625
28.577499,28.924999,28.327499,28.897499
28.8475,28.965,28.525,28.620001
28.467501,28.8025,28.362499,28.43
28.4125,28.557501,28.299999,28.385
28.365,28.442499,27.6325,27.872499
27.85,28.0875,27.807501,27.897499
27.745001,27.865,27.387501,27.4575
27.1325,27.5625,27.0275,27.209999
27.52,27.627501,27.365,27.602501
27.577499,27.93,27.424999,27.764999
27.469999,27.83,27.012501,27.719999
27.772499,27.772499,26.4575,26.9475
26.780001,27.217501,26.637501,27.1075
26.9275,26.952499,26.02,26.4275
26.6425,26.92,26.540001,26.7775
26.674999,27.557501,26.65,27.497499
27.452499,27.5875,27.2075,27.487499
27.43,27.635,27.415001,27.514999
27.530001,27.997499,27.502501,27.932501
27.987499,28.105,27.85,27.950001
27.84,27.877501,27.5825,27.807501
27.782499,27.967501,27.737499,27.9475
27.8575,28.1175,27.8475,27.8925
27.695,28.0075,27.5175,27.865
27.9,28.049999,27.567499,27.629999
27.592501,27.735001,27.2575,27.372499
27.2925,27.522499,27.2125,27.475
27.5,27.5075,27.0625,27.2775
27.375,27.59,27.297501,27.487499
27.315001,27.797501,27.290001,27.7575
27.715,28.1075,27.65,28.030001
28.077499,28.674999,28.077499,28.487499
28.3225,28.75,28.122499,28.325001
28.459999,28.98,28.4375,28.797501
28.76,29.049999,28.745001,28.797501
28.844999,29.182501,28.807501,28.955
29.1175,29.125,28.9125,28.9925
28.950001,29.344999,28.9375,29.16
29.184999,29.375,29.17,29.237499
29.200001,29.35,29.195,29.264999
29.0875,29.127501,28.91,29.0725
28.897499,29.129999,28.897499,29.129999
29.129999,29.450001,29.122499,29.315001
29.379999,29.504999,29.049999,29.190001
29.112499,29.2775,29.1,29.182501
29.1625,29.299999,28.8575,28.955
28.950001,29.0825,28.690001,29.0375
28.9625,29.127501,28.9375,29.004999
28.98,29.215,28.952499,29.1525
29.195,29.540001,29.1175,29.477501
29.487499,29.8575,29.485001,29.747499
29.692499,29.844999,29.575001,29.7775
29.684999,29.9825,29.65,29.9375
29.725,29.825001,29.5525,29.8125
29.7775,29.905001,29.702499,29.76
29.584999,30.059999,29.555,30.0
30.0,30.125,29.9275,29.997499
29.85,30.022499,29.842501,29.945
30.112499,30.112499,29.932501,30.0
30.0,30.202499,29.942499,30.02
29.887501,30.025,29.875,29.9925
30.105,30.525,30.07,30.469999
30.4175,30.610001,30.4,30.485001
30.535,30.5875,30.4,30.487499
30.2325,30.407499,30.165001,30.407499
30.2875,30.3475,30.155001,30.3375
31.7575,32.622501,31.752501,32.1875
31.995001,32.3475,31.945,32.1325
32.077499,32.297501,32.040001,32.27
32.282501,32.625,32.224998,32.572498
32.634998,33.022499,32.612499,32.8825
32.837502,33.055,32.805,33.009998
32.912498,33.112499,32.779999,33.105
33.115002,33.235001,33.012501,33.029999
33.27,33.455002,33.1875,33.322498
33.3675,33.772499,33.3125,33.755001
33.880001,34.067501,33.654999,33.877499
33.9175,33.974998,33.709999,33.837502
33.775002,33.9575,33.775002,33.93
34.057499,34.1875,33.994999,34.174999
34.107498,34.279999,34.0275,34.2775
34.345001,34.369999,34.075001,34.1325
33.977501,34.165001,33.82,34.165001
34.285,34.360001,34.07,34.232498
34.27,34.360001,34.174999,34.247501
34.4725,35.037498,34.400002,34.947498
35.0,35.07,34.689999,34.740002
34.695,34.9575,34.647499,34.945
34.842499,34.942501,34.650002,34.834999
34.764999,34.994999,34.697498,34.880001
34.737499,34.950001,34.705002,34.75
34.685001,34.697498,34.262501,34.669998
34.8125,34.84,34.66,34.785
34.712502,34.857498,34.705002,34.799999
34.825001,34.912498,34.709999,34.747501
34.852501,35.1875,34.7575,35.115002
35.18,35.255001,35.064999,35.172501
35.25,35.25,34.9725,34.997501
35.099998,35.375,35.057499,35.365002
35.5275,35.700001,34.932499,34.959999
34.962502,35.400002,34.939999,35.355
35.314999,35.395,35.1525,35.23
35.375,35.435001,35.087502,35.16
34.8475,35.305,34.654999,35.220001
35.227501,36.009998,35.154999,35.950001
35.919998,36.122501,35.797501,36.029999
36.047501,36.125,35.875,35.982498
35.93,36.067501,35.752499,35.915001
35.927502,36.029999,35.762501,35.924999
35.8125,36.2225,35.7925,36.192501
36.055,36.365002,35.952499,36.005001
36.072498,36.130001,35.862499,35.915001
35.932499,36.044998,35.817501,35.834999
35.900002,35.970001,35.724998,35.7925
35.735001,35.837502,35.014999,35.407501
35.400002,35.537498,35.252499,35.450001
35.477501,35.595001,35.262501,35.262501
35.369999,35.470001,35.217499,35.4575
35.352501,35.509998,35.2775,35.299999
35.470001,35.5,35.112499,35.169998
35.305,35.73,35.290001,35.610001
35.610001,35.669998,35.462502,35.567501
35.875,35.987499,35.794998,35.91
35.977501,36.224998,35.967499,36.1325
36.1175,36.150002,35.845001,35.919998
35.98,36.040001,35.827499,35.947498
36.022499,36.075001,35.817501,35.912498
36.275002,36.799999,36.240002,36.645
36.884998,37.022499,36.709999,36.877499
36.397499,36.872501,36.067501,36.764999
36.630001,36.785,36.452499,36.6325
36.689999,37.244999,36.689999,37.240002
37.2575,38.424999,37.2575,38.252499
38.467499,38.720001,38.362499,38.497501
38.407501,38.485001,38.0275,38.314999
38.112499,38.517502,38.077499,38.487499
38.674999,39.105,38.6675,39.025002
39.002499,39.162498,38.762501,38.924999
38.985001,39.014999,38.68,38.8675
38.400002,38.642502,37.427502,37.5625
37.817501,38.334999,37.782501,38.134998
38.345001,38.494999,38.157501,38.264999
38.5,38.645,38.227501,38.497501
38.724998,38.724998,38.327499,38.450001
38.459999,38.5425,38.1675,38.334999
38.432499,38.587502,38.2575,38.467499
38.5,38.560001,38.327499,38.4025
38.355,38.607498,38.3325,38.4175
38.4925,38.5425,38.095001,38.189999
38.2925,38.3325,38.055,38.294998
38.395,38.862499,38.2225,38.862499
38.584999,38.612499,38.365002,38.482498
38.474998,38.952499,38.445,38.612499
38.755001,38.994999,38.619999,38.842499
38.8125,38.884998,38.599998,38.747501
38.797501,38.797501,36.505001,37.244999
36.435001,36.522499,35.627499,36.355
36.790001,36.862499,36.287498,36.647499
36.875,36.875,35.959999,36.290001
35.830002,36.119999,35.552502,36.072498
35.945,36.125,35.549999,35.567501
35.915001,36.685001,35.915001,36.584999
36.717499,36.717499,36.235001,36.252499
36.380001,36.517502,36.1525,36.467499
36.442501,36.674999,36.279999,36.407501
36.282501,36.790001,36.2775,36.57
36.7925,37.07,36.345001,36.455002
36.252499,36.540001,35.904999,35.932499
36.122501,36.5275,35.790001,36.4575
36.177502,36.282501,35.57,35.919998
36.112499,36.240002,35.945,36.005001
36.220001,36.325001,35.775002,35.875
35.922501,36.197498,35.68,36.022499
35.755001,35.875,35.602501,35.682499
35.724998,36.1875,35.724998,36.044998
36.0275,36.487499,35.842499,36.264999
36.182499,36.462502,36.095001,36.3825
36.467499,36.544998,36.205002,36.435001
36.375,37.122501,36.360001,36.942501
36.9925,37.3325,36.8325,37.259998
37.205002,37.724998,37.142502,37.389999
37.299999,37.532501,37.1675,37.52
37.619999,37.855,37.487499,37.755001
37.875,37.935001,37.547501,37.584999
37.497501,37.610001,37.220001,37.567501
37.645,38.110001,37.474998,38.022499
37.950001,38.459999,37.950001,38.185001
38.337502,38.482498,38.264999,38.365002
38.4375,38.497501,36.825001,37.639999
37.4725,37.557499,37.297501,37.375
37.474998,37.5825,37.032501,37.182499
37.275002,37.555,37.102501,37.512501
39.82,39.9375,39.040001,39.285
39.262501,39.302502,38.755001,38.892502
39.017502,39.349998,38.922501,39.0975
39.264999,39.73,39.1675,39.702499
39.650002,40.4575,39.567501,40.02
39.814999,40.317501,39.7775,40.264999
39.974998,40.0,38.657501,38.830002
39.150002,39.642502,39.017502,39.369999
39.830002,40.052502,39.6875,39.962502
40.165001,40.549999,40.035,40.400002
40.485001,40.627499,40.037498,40.237499
40.130001,40.177502,39.459999,39.465
39.465,39.875,39.18,39.375
39.375,39.4725,38.7775,39.302502
39.557499,40.0,39.505001,39.945
39.767502,40.1175,39.720001,39.994999
40.107498,40.185001,39.637501,39.817501
39.912498,40.139999,39.817501,39.965
40.035,40.5,39.982498,40.3675
40.025002,40.779999,40.0,40.727501
40.950001,40.9725,40.6525,40.837502
40.91,41.130001,40.869999,41.0
41.200001,41.235001,40.907501,41.012501
40.9375,41.0625,40.139999,40.52
40.677502,40.747501,40.130001,40.477501
40.522499,40.560001,40.09,40.314999
40.215,40.287498,39.6325,39.657501
40.125,40.512501,39.9725,40.375
40.6525,40.990002,39.692501,40.215
39.967499,39.990002,39.477501,39.912498
39.747501,39.849998,39.522499,39.57
39.6175,40.2425,39.5,39.970001
40.0275,40.125,39.5,39.6675
39.877499,39.942501,39.610001,39.682499
39.474998,39.564999,38.4575,39.017502
38.950001,38.950001,38.1875,38.3475
37.884998,38.067501,37.639999,37.9725
37.497501,37.9575,37.290001,37.637501
37.945,38.48,37.922501,38.285
38.450001,38.68,38.384998,38.557499
38.4725,38.57,38.174999,38.32
38.302502,38.532501,38.0,38.529999
38.564999,38.612499,38.18,38.452499
38.502499,38.772499,38.477501,38.619999
38.407501,38.465,38.115002,38.369999
38.544998,38.860001,38.512501,38.8475
38.7425,38.872501,38.639999,38.825001
38.952499,39.182499,38.872501,38.959999
39.014999,39.5,38.775002,38.974998
38.9925,39.244999,38.9375,39.137501
39.087502,39.342499,38.932499,39.0
39.182499,39.32,39.102501,39.247501
39.474998,40.0,39.412498,39.970001
39.945,40.217499,39.807499,40.1175
40.105,40.177502,39.900002,39.939999
39.1875,39.27,38.755001,38.994999
39.1525,39.4375,38.990002,39.0625
39.2225,39.422501,38.875,39.0425
39.072498,39.355,39.049999,39.275002
39.227501,39.387501,38.817501,39.102501
39.307499,39.4575,39.195,39.352501
39.822498,40.900002,39.674999,40.762501
40.9725,42.017502,40.93,41.68
41.974998,42.412498,41.735001,42.259998
42.467499,42.485001,41.4025,41.7225
41.650002,42.125,41.32,42.0275
43.5,43.564999,42.779999,43.125
43.092499,43.747501,42.93,43.5625
43.477501,43.8125,43.400002,43.702499
43.665001,44.060001,43.5825,44.060001
43.7775,44.025002,43.285,43.970001
43.7775,43.845001,43.567501,43.6675
43.375,43.625,43.349998,43.4925
43.259998,43.369999,42.794998,42.834999
42.4925,42.580002,42.095001,42.27
42.794998,42.967499,42.575001,42.775002
42.759998,42.8475,42.41,42.537498
42.572498,42.639999,42.389999,42.494999
42.695,43.424999,42.695,43.285
43.34,43.75,43.262501,43.740002
43.775002,43.875,43.662498,43.7425
43.762501,43.77,43.334999,43.522499
43.575001,43.717499,42.965,43.267502
43.157501,43.23,41.790001,42.369999
42.607498,43.035,42.110001,42.962502
42.487499,42.9175,42.125,42.762501
43.119999,43.154999,42.407501,42.450001
42.264999,42.880001,42.099998,42.41
41.875,42.549999,41.615002,42.252499
42.2575,42.610001,42.227501,42.330002
42.622501,42.75,42.205002,42.342499
42.299999,43.2225,42.197498,43.1675
43.037498,43.0975,42.865002,42.924999
43.125,43.384998,43.0,43.067501
43.099998,43.282501,42.912498,43.055
43.407501,43.5425,43.115002,43.4925
43.720001,44.299999,43.715,44.105
43.7575,43.8475,43.522499,43.634998
43.717499,43.855,43.3125,43.587502
43.5425,44.005001,43.525002,43.752499
43.669998,43.855,43.625,43.752499
42.700001,42.8675,42.419998,42.642502
42.525002,42.695,42.427502,42.650002
42.75,42.962502,42.619999,42.77
42.630001,42.647499,42.305,42.307499
42.540001,43.075001,42.314999,43.064999
43.1325,43.637501,42.990002,43.057499
43.134998,43.3675,43.02,43.2575
43.360001,43.842499,43.262501,43.75
43.587502,43.9025,43.482498,43.587502
43.637501,43.764999,43.352501,43.5825
43.290001,43.575001,43.25,43.572498
43.647499,43.872501,43.622501,43.82
44.044998,44.34,43.912498,44.272499
44.474998,44.8475,44.035,44.047501
44.037498,44.8125,43.767502,44.775002
44.842499,45.025002,44.5625,44.814999
44.6525,44.895,44.352501,44.615002
44.325001,44.445,44.150002,44.25
44.325001,44.860001,44.205002,44.259998
44.3125,44.325001,43.299999,43.555
43.627499,43.737499,42.6325,42.7775
43.0,43.0,42.514999,42.877499
42.540001,42.540001,41.767502,41.990002
41.3825,41.842499,41.174999,41.7425
41.717499,42.110001,41.625,41.857498
41.7925,42.154999,41.689999,41.945
41.5,41.700001,40.025002,40.125
39.775002,40.970001,39.0,39.122501
38.7075,40.93,38.5,40.7575
40.772499,40.849998,39.767502,39.884998
40.072498,40.25,38.7575,38.787498
39.267502,39.4725,37.560001,39.102501
39.625,40.9725,39.377499,40.677502
40.487499,41.1875,40.412498,41.084999
40.759998,41.884998,40.720001,41.842499
42.447498,43.272499,42.25,43.247501
43.09,43.705002,42.942501,43.107498
43.012501,43.564999,42.855,42.962502
43.2075,43.529999,42.752499,42.767502
42.950001,43.487499,42.927502,43.125
43.4175,43.912498,43.384998,43.875
44.087502,44.8475,44.052502,44.7425
44.775002,45.119999,44.540001,44.5975
44.814999,45.154999,44.512501,44.529999
44.634998,44.945,43.165001,43.75
43.200001,44.075001,43.112499,44.052502
43.802502,44.435001,43.630001,44.205002
44.477501,44.5625,44.032501,44.1675
43.735001,43.962502,43.567501,43.7575
43.869999,44.279999,43.767502,44.235001
44.490002,45.0,44.3475,44.994999
45.072498,45.5975,45.052502,45.43
45.647499,45.875,44.810001,44.9925
45.080002,45.130001,44.452499,44.610001
44.625,45.060001,44.517502,44.662498
44.662498,44.779999,44.404999,44.505001
44.330002,44.3675,43.415001,43.825001
43.810001,44.200001,43.735001,43.810001
43.759998,43.772499,42.814999,42.817501
42.5,43.169998,42.150002,42.212502
42.0975,42.48,41.235001,41.235001
42.017502,43.275002,41.610001,43.192501
43.419998,43.787498,41.73,42.084999
41.8125,42.505001,41.297501,41.619999
41.952499,42.9375,41.724998,41.945
41.66,42.235001,41.1175,41.669998
41.91,42.1875,41.220001,42.0975
41.220001,43.002499,41.192501,42.9025
43.145,43.557499,43.02,43.200001
42.7425,43.119999,42.049999,42.095001
42.470001,43.272499,42.462502,42.512501
43.25,43.5,42.8825,43.3125
43.057499,43.48,42.924999,43.110001
43.352501,43.75,43.259998,43.535
43.695,43.959999,43.462502,43.682499
43.7575,44.047501,43.7075,43.955002
44.122501,44.735001,44.102501,44.560001
44.452499,44.705002,44.220001,44.459999
43.439999,43.8475,43.165001,43.200001
42.650002,42.805,41.357498,41.43
41.7075,41.73,41.022499,41.310001
41.4175,41.5825,40.305,40.735001
40.654999,41.355,40.602501,40.912498
41.029999,41.432499,40.842499,41.055
41.0,41.0825,40.157501,40.580002
40.532501,41.814999,40.459999,41.314999
41.602501,42.299999,41.317501,42.275002
43.807499,44.4375,43.450001,44.142502
43.970001,44.375,43.610001,44.2225
44.5625,46.0625,44.5425,45.9575
46.294998,46.9175,46.1875,46.290001
46.247501,46.555,45.9175,46.512501
46.637501,46.849998,46.305,46.84
46.935001,47.592499,46.912498,47.509998
47.372501,47.514999,46.862499,47.147499
47.252499,47.3825,46.965,47.037498
46.695,46.767502,46.275002,46.610001
46.517502,47.115002,46.5,47.044998
47.0,47.227501,46.59,46.747501
46.797501,46.952499,46.532501,46.577499
47.0,47.317501,46.727501,46.907501
47.095001,47.220001,46.695,46.790001
46.587502,47.125,46.439999,47.09
47.192501,47.209999,46.552502,47.037498
47.057499,47.412498,46.912498,47.145
46.900002,47.1875,46.717499,46.974998
46.93,47.0,46.695,46.875
46.805,47.057499,46.535,46.717499
46.997501,47.564999,46.9375,47.560001
47.91,48.355,47.837502,47.9575
48.267502,48.485001,48.09,48.327499
48.407501,48.52,47.98,48.494999
48.535,48.549999,48.084999,48.365002
47.7925,48.0,47.442501,47.924999
47.837502,47.9925,47.552502,47.807499
47.8475,48.1525,47.787498,48.07
48.105,48.220001,47.610001,47.674999
47.887501,47.892502,47.555,47.700001
47.5075,47.540001,47.064999,47.209999
46.970001,47.305,46.799999,47.185001
46.285,46.5825,45.862499,46.422501
46.587502,46.799999,46.432499,46.625
46.8125,47.087502,46.235001,46.365002
46.529999,46.537498,46.174999,46.23
45.849998,46.23,45.182499,45.5425
45.747501,46.6325,45.634998,46.107498
46.307499,46.82,46.0075,46.040001
46.025002,46.552502,45.950001,46.375
46.572498,46.797501,45.727501,46.2775
45.955002,46.825001,45.855,46.794998
46.947498,46.987499,45.884998,45.98
46.314999,46.602501,46.07,46.349998
46.355,47.107498,46.299999,46.9925
47.375,47.669998,47.325001,47.645
47.677502,47.82,47.544998,47.587502
47.125,47.445,46.9025,46.970001
47.3825,47.852501,47.327499,47.7575
47.77,47.959999,47.724998,47.8325
47.880001,48.162498,47.605,47.727501
47.4375,47.967499,47.299999,47.862499
47.945,47.950001,47.482498,47.599998
47.422501,48.137501,47.422501,47.970001
47.945,48.107498,47.5425,47.860001
47.669998,47.990002,47.389999,47.9025
48.112499,48.415001,48.012501,48.25
48.264999,48.712502,48.107498,48.705002
48.6525,48.990002,48.4025,48.552502
48.747501,48.797501,47.525002,47.744999
47.974998,48.049999,47.267502,47.477501
47.575001,48.035,47.334999,47.572498
49.782501,50.439999,49.327499,50.375
50.145,52.095001,50.087502,51.8475
51.7575,52.185001,51.369999,51.997501
52.0,52.3125,51.767502,52.267502
52.330002,52.375,51.689999,51.7775
51.512501,51.952499,51.130001,51.8125
52.3825,52.445,51.799999,52.220001
51.84,52.275002,51.6675,51.8825
52.327499,52.737499,51.924999,52.217499
52.540001,52.639999,52.064999,52.4375
52.305,52.685001,52.0825,52.560001
52.9375,53.452499,52.8675,53.330002
53.360001,54.487499,53.290001,54.395
54.525002,54.794998,53.7775,53.865002
54.200001,54.297501,53.5075,53.759998
53.525002,54.09,53.459999,53.762501
53.662498,54.262501,53.650002,53.872501
54.150002,54.224998,53.7775,54.040001
54.287498,54.685001,54.0825,54.485001
54.752499,55.134998,54.73,54.924999
55.037498,55.872501,54.852501,55.744999
55.8125,57.064999,55.599998,56.2575
56.627499,57.217499,56.5,56.907501
57.102501,57.294998,56.657501,57.09
57.247501,57.4175,56.275002,56.717499
56.557499,56.837502,55.325001,55.775002
55.462502,56.342499,55.177502,55.325001
55.237499,55.462502,54.1175,54.5825
54.502499,56.075001,54.139999,55.962502
56.235001,56.25,54.959999,55.267502
55.880001,57.087502,55.642502,56.602501
56.4375,56.709999,55.630001,55.959999
55.537498,55.737499,54.317501,54.470001
54.447498,55.462502,54.279999,54.560001
54.625,54.904999,53.825001,54.592499
55.060001,55.57,54.787498,55.0075
55.195,55.34,54.322498,54.415001
54.205002,55.314999,54.157501,55.197498
54.9375,55.705002,54.924999,55.547501
55.25,55.9375,54.939999,55.105
55.955002,56.610001,55.884998,56.237499
56.197498,56.459999,56.005001,56.435001
56.987499,57.355,56.587502,56.814999
56.8125,57.5,56.657501,57.32
57.512501,58.3675,57.445,58.017502
57.695,58.087502,56.682499,56.997501
56.990002,57.102501,55.145,56.072498
55.552502,56.200001,55.049999,55.942501
55.91,56.817501,55.5625,56.717499
56.365002,56.587502,54.012501,54.09
53.630001,54.875,53.080002,53.612499
55.105,55.720001,54.209999,55.5275
55.290001,55.4575,54.317501,54.34
54.732498,55.747501,54.189999,55.537498
55.575001,55.66,54.834999,55.297501
54.465,54.935001,53.25,54.005001
54.514999,55.314999,54.357498,54.827499
54.947498,55.84,54.735001,55.162498
53.9575,55.8125,53.674999,55.682499
55.650002,56.057499,53.634998,53.772499
54.427502,55.345001,54.1875,54.950001
53.974998,55.047501,53.1675,54.075001
54.797501,54.922501,51.522499,53.060001
52.787498,53.794998,52.317501,53.325001
54.220001,55.112499,54.154999,54.715
54.762501,55.59,54.202499,55.555
52.387501,53.412498,51.357498,51.869999
51.075001,51.0975,49.5425,50.397499
50.48,51.18,50.422501,50.942501
51.4925,52.514999,51.032501,52.487499
52.494999,52.529999,51.6875,52.122501
51.387501,51.502499,50.5625,51.1175
49.75,49.962502,48.447498,48.5425
47.907501,49.294998,47.862499,48.057499
48.474998,48.619999,46.482498,46.700001
47.0975,47.9925,46.724998,47.852501
47.625,48.7425,47.365002,48.3825
47.5,47.674999,46.247501,46.465
44.592499,45.3675,43.877499,44.244999
44.932499,45.067501,44.137501,44.195
43.735001,44.150002,43.025002,43.072498
43.560001,43.737499,42.564999,43.654999
42.877499,43.692501,42.720001,43.560001
44.182499,45.322498,43.732498,45.235001
45.665001,45.700001,44.424999,44.887501
45.072498,45.0825,44.2575,44.645
46.115002,46.235001,45.302502,46.205002
45.237499,45.5975,44.067501,44.172501
42.939999,43.695,42.605,43.68
43.372501,43.622501,42.075001,42.122501
41.25,42.522499,40.8325,42.400002
42.915001,42.947498,41.75,42.157501
42.599998,42.98,42.255001,42.275002
42.622501,43.142502,42.387501,42.737499
42.25,42.27,41.32,41.369999
41.362499,42.087502,40.682499,40.985001
41.345001,41.8825,41.0975,41.517502
41.5,41.862499,39.772499,40.2225
40.099998,40.5275,38.825001,39.2075
39.215,39.540001,37.407501,37.682499
37.037498,37.887501,36.647499,36.7075
37.075001,39.307499,36.68,39.2925
38.959999,39.192501,37.517502,39.037498
39.375,39.630001,38.637501,39.057499
39.6325,39.84,39.119999,39.435001
38.7225,39.712502,38.557499,39.48
35.994999,36.43,35.5,35.547501
36.1325,37.137501,35.950001,37.064999
37.174999,37.2075,36.474998,36.982498
37.389999,37.955002,37.130001,37.6875
37.822498,38.6325,37.407501,38.327499
38.125,38.4925,37.715,38.450001
38.220001,38.424999,37.877499,38.072498
37.712502,37.817501,37.305,37.5
37.567501,38.3475,37.512501,38.267502
38.27,38.970001,38.25,38.735001
38.549999,39.415001,38.314999,38.965
39.375,39.470001,38.994999,39.205002
39.102501,39.182499,38.154999,38.325001
38.537498,38.785,37.924999,38.48
38.5275,38.619999,37.935001,38.174999
38.869999,39.532501,38.580002,39.439999
38.947498,39.0825,38.415001,39.075001
39.0625,39.532501,38.5275,38.669998
40.8125,41.537498,40.057499,41.3125
41.5275,42.25,41.139999,41.610001
41.740002,42.244999,41.482498,41.630001
41.852501,42.915001,41.82,42.8125
43.215,43.77,43.087502,43.544998
43.662498,43.892502,43.212502,43.560001
43.099998,43.485001,42.584999,42.735001
42.247501,42.665001,42.105,42.602501
42.762501,42.802502,42.3125,42.357498
42.525002,42.75,42.424999,42.7225
42.8475,43.119999,42.48,42.544998
42.427502,42.814999,42.345001,42.700001
42.8125,42.924999,42.4375,42.605
42.427502,42.860001,42.372501,42.732498
42.797501,43.330002,42.747501,43.0075
42.950001,43.092499,42.575001,42.764999
42.895,43.25,42.845001,43.2425
43.540001,43.967499,43.487499,43.557499
43.427502,43.825001,43.2925,43.5825
43.302502,43.75,43.182499,43.717499
43.580002,43.727501,43.23,43.287498
43.57,43.787498,43.2225,43.7425
43.922501,44.4375,43.4925,43.962502
43.985001,44.0,43.634998,43.8825
43.6675,43.872501,43.485001,43.630001
43.467499,43.610001,43.005001,43.125
42.580002,43.267502,42.375,43.227501
43.872501,44.779999,43.837502,44.724998
45.0,45.6675,44.842499,45.227501
45.5625,45.825001,45.23,45.427502
45.974998,46.025002,45.639999,45.932499
46.212502,46.8325,45.935001,46.529999
46.450001,47.0975,46.447498,47.005001
47.087502,47.247501,46.48,46.6325
46.557499,47.372501,46.182499,47.040001
47.505001,49.0825,47.452499,48.772499
48.834999,49.422501,47.695,47.762501
47.877499,47.994999,46.650002,47.185001
47.915001,48.220001,46.145,46.697498
47.1875,47.439999,46.637501,47.1175
47.237499,47.389999,46.8825,47.18
47.4575,47.52,47.134998,47.487499
47.91,47.919998,47.095001,47.810001
47.772499,48.615002,47.762501,48.505001
48.3125,49.125,48.287498,48.837502
48.697498,49.092499,48.285,48.922501
49.112499,49.275002,48.982498,49.25
49.105,50.057499,49.084999,50.025002
50.080002,50.712502,49.807499,49.875
49.669998,50.185001,49.544998,50.154999
50.212502,50.25,49.610001,49.737499
49.799999,50.035,49.052502,49.717499
49.645,49.962502,49.502499,49.807499
49.865002,50.342499,49.639999,49.8125
49.884998,50.845001,49.6525,50.782501
50.779999,51.037498,50.630001,50.965
50.7075,51.235001,50.584999,51.1325
51.107498,51.9375,50.974998,51.869999
51.84,52.119999,51.762501,51.790001
51.7075,51.939999,51.279999,51.32
51.224998,51.25,50.529999,51.075001
51.099998,51.4925,50.965,51.1525
50.764999,50.849998,49.7775,50.1675
52.470001,53.827499,52.307499,52.630001
52.459999,53.162498,52.032501,52.287498
52.7225,52.959999,52.557499,52.9375
51.072498,52.209999,50.875,52.119999
51.470001,51.855,50.2075,50.715
50.474998,51.334999,50.4375,50.724998
50.099998,50.419998,49.165001,50.18
49.355,49.712502,48.192501,49.294998
46.927502,47.369999,45.712502,46.43
46.602501,47.424999,46.352501,47.165001
46.567501,47.9375,46.505001,47.73
47.477501,48.1175,47.209999,47.52
46.732498,47.724998,46.689999,47.25
45.880001,46.087502,45.07,45.772499
46.305,47.0,46.174999,46.650002
46.165001,46.427502,45.637501,45.695
44.950001,45.134998,44.452499,44.915001
45.049999,45.535,44.654999,44.7425
44.73,45.147499,44.477501,44.557499
44.105,44.837502,44.0,44.345001
44.487499,44.807499,44.1675,44.575001
44.057499,44.497501,43.747501,43.767502
43.900002,44.48,42.567501,43.325001
43.860001,44.9575,43.630001,44.91
46.07,46.247501,45.285,45.634998
45.77,46.3675,45.537498,46.305
46.627499,47.98,46.442501,47.537498
47.952499,48.842499,47.904999,48.145
48.715,49.0,48.400002,48.702499
48.487499,48.9925,48.3475,48.547501
48.674999,49.197498,48.400002,48.537498
47.887501,48.397499,47.575001,48.185001
48.224998,48.740002,48.0425,48.4725
49.012501,50.072498,48.802502,49.612499
49.919998,49.970001,49.327499,49.467499
50.092499,50.1525,49.5075,49.865002
49.700001,50.212502,49.537498,49.695
49.634998,50.040001,49.5425,49.645
49.607498,49.814999,48.822498,48.892502
49.442501,50.247501,49.337502,49.950001
50.072498,50.392502,49.892502,49.935001
49.669998,49.875,49.262501,49.48
50.7925,51.122501,50.162498,50.387501
50.352501,50.782501,50.34,50.682499
50.82,51.110001,50.672501,51.102501
50.837502,51.27,50.724998,51.057499
50.202499,50.349998,49.602501,50.005001
49.799999,50.377499,49.702499,50.310001
50.462502,50.932499,50.389999,50.807499
50.827499,51.0975,50.427502,50.4375
50.612499,51.0,50.549999,50.825001
51.022499,51.467499,51.0,51.302502
51.147499,51.5275,50.875,51.125
51.012501,51.272499,50.817501,50.837502
51.0,51.470001,50.924999,51.415001
51.447498,51.625,50.59,50.647499
50.912498,51.807499,50.9025,51.805
52.115002,52.227501,51.822498,52.209999
51.9175,52.287498,51.7925,52.1675
52.2225,52.310001,51.682499,51.755001
51.869999,52.432499,51.785,51.935001
52.115002,52.66,52.110001,52.419998
52.189999,52.540001,51.827499,52.195
54.105,55.342499,52.825001,53.259998
53.474998,54.5075,51.685001,52.107498
51.3825,51.607498,50.407501,51.005001
49.497501,49.662498,48.145,48.334999
49.077499,49.517502,48.509998,49.25
48.852501,49.889999,48.455002,49.759998
50.049999,50.8825,49.8475,50.857498
50.325001,50.689999,49.822498,50.247501
49.904999,50.512501,49.787498,50.119999
50.255001,53.035,50.119999,52.2425
50.790001,51.610001,50.647499,50.6875
50.865002,51.285,49.9175,50.435001
51.07,51.790001,50.959999,51.625
52.654999,53.182499,52.5075,52.587502
52.720001,53.337502,52.580002,52.59
53.247501,53.412498,52.900002,53.16
53.297501,53.610001,52.6875,53.115002
52.357498,53.012501,50.25,50.66
51.465,51.797501,51.264999,51.622501
51.965,52.137501,50.8825,51.040001
51.025002,51.43,50.830002,51.3825
52.125,52.330002,51.665001,52.252499
52.540001,52.612499,51.799999,52.185001
51.607498,51.744999,51.055,51.424999
52.0975,52.369999,51.830002,52.297501
53.0,53.4925,52.877499,53.32
53.512501,53.605,53.127499,53.314999
53.709999,54.110001,52.767502,53.5425
53.465,54.195,52.927502,54.174999
54.517502,55.927502,54.432499,55.897499
56.200001,56.605,55.715,55.772499
55.0,55.197498,54.255001,54.6875
54.432499,55.032501,54.389999,54.974998
54.990002,55.205002,54.779999,55.174999
55.264999,55.712502,54.860001,55.692501
55.502499,55.939999,55.092499,55.240002
55.345001,55.639999,54.3675,54.432499
54.737499,54.959999,54.412498,54.68
55.2575,55.622501,54.297501,54.419998
54.637501,55.375,54.285,55.2575
55.0,55.235001,54.7075,54.9725
55.134998,55.240002,54.32,54.705002
55.224998,56.145,55.197498,55.9925
56.267502,57.055,56.049999,56.147499
55.764999,55.895,54.482498,54.740002
54.607498,55.240002,53.782501,55.205002
56.41,56.872501,55.9725,56.752499
56.567501,57.482498,56.459999,56.764999
56.455002,57.014999,56.0825,56.099998
56.7575,56.947498,56.41,56.7575
56.982498,57.610001,56.825001,57.522499
58.237499,59.41,58.077499,59.052502
58.724998,59.532501,58.6675,58.967499
59.0975,59.412498,58.720001,58.830002
58.342499,58.810001,58.299999,58.592499
58.772499,59.037498,58.380001,58.82
58.647499,59.395,58.572498,59.102501
59.380001,60.247501,59.330002,60.127499
60.290001,60.549999,59.904999,59.990002
60.525002,60.810001,60.305,60.794998
61.127499,61.200001,60.452499,60.895
60.790001,61.682499,60.720001,61.645
61.855,62.3125,61.68,62.262501
62.2425,62.4375,60.642502,60.822498
61.189999,61.325001,60.302502,60.814999
61.810001,62.2925,59.314999,62.189999
62.384998,63.982498,62.290001,63.955002
64.332497,64.462502,63.845001,64.375
64.262497,64.547501,64.080002,64.282501
64.192497,64.372498,63.842499,64.309998
64.684998,65.087502,64.527496,64.857498
64.672501,65.110001,64.212502,65.035004
64.574997,65.6175,64.57,65.550003
65.387497,65.697502,65.230003,65.489998
65.282501,66.195,65.267502,66.1175
65.9375,66.220001,65.525002,65.660004
65.919998,66.445,65.752502,66.440002
66.449997,66.857498,66.057503,66.775002
66.974998,67.0,66.347504,66.572502
66.385002,66.519997,65.099998,65.797501
65.922501,66.002502,65.294998,65.502502
65.647499,65.794998,65.209999,65.445
65.677498,66.610001,65.629997,66.592499
66.735001,66.790001,65.625,66.072502
66.394997,66.995003,66.327499,66.959999
66.650002,67.0,66.474998,66.8125
66.817497,67.0625,65.862503,66.040001
64.577499,64.8825,64.072502,64.862503
65.267502,65.827499,65.169998,65.434998
65.947502,66.472504,65.682503,66.394997
66.870003,67.75,66.824997,67.677498
67.5,67.699997,66.227501,66.730003
67.150002,67.517502,66.464996,67.120003
67.202499,67.775002,67.125,67.692497
66.945,68.139999,66.830002,67.864998
67.864998,68.824997,67.732498,68.787498
69.25,70.197502,69.245003,69.964996
69.892502,70.442497,69.699997,70.102501
69.949997,70.474998,69.779999,69.934998
69.875,70.294998,69.737503,70.004997
70.557503,70.662498,69.639999,69.860001
70.1325,71.0625,70.092499,71.0
71.172501,71.222504,70.730003,71.067497
71.205002,72.495003,71.175003,72.477501
72.779999,73.4925,72.029999,72.449997
72.364998,73.172501,71.305,72.879997
72.482498,73.419998,72.379997,73.412498
74.059998,75.150002,73.797501,75.087502
74.287498,75.144997,74.125,74.357498
73.447502,74.989998,73.1875,74.949997
74.959999,75.224998,74.370003,74.597504
74.290001,76.110001,74.290001,75.797501
76.809998,77.607498,76.550003,77.407501
77.650002,78.167503,77.0625,77.582497
77.910004,79.267502,77.787498,79.239998
79.175003,79.392502,78.042503,78.169998
77.962502,78.875,77.387497,77.834999
78.397499,78.925003,78.022499,78.809998
79.067497,79.684998,78.75,79.682503
79.297501,79.754997,79.0,79.142502
79.644997,79.997498,79.327499,79.425003
79.480003,79.889999,78.912498,79.807503
80.0625,80.832497,79.379997,79.577499
77.514999,77.942497,76.220001,77.237503
78.150002,79.599998,78.047501,79.422501
81.112503,81.962502,80.345001,81.084999
80.135002,81.022499,79.6875,80.967499
80.232498,80.669998,77.072502,77.377502
76.074997,78.372498,75.555,77.165001
78.827499,79.910004,78.407501,79.712502
80.879997,81.190002,79.737503,80.362503
80.642502,81.305,80.065002,81.302498
80.592499,80.849998,79.5,80.0075
78.544998,80.387497,78.462502,80.387497
80.900002,80.974998,79.677498,79.902496
80.3675,81.805,80.3675,81.800003
81.047501,81.555,80.837502,81.217499
81.184998,81.495003,80.712502,81.237503
78.839996,79.9375,78.652496,79.75
80.0,81.142502,80.0,80.904999
80.657501,81.162498,79.552498,80.074997
79.654999,80.112503,77.625,78.262497
74.315002,76.044998,72.307503,74.544998
75.237503,75.6325,71.532501,72.019997
71.6325,74.470001,71.625,73.162498
70.275002,71.5,68.239998,68.379997
64.315002,69.602501,64.092499,68.339996
70.57,75.360001,69.43,74.702499
75.917503,76.0,71.449997,72.330002
74.110001,75.849998,73.282501,75.684998
73.879997,74.887497,72.852501,73.230003
70.5,72.705002,70.307503,72.2575
65.9375,69.522499,65.75,66.542503
69.285004,71.610001,67.342499,71.334999
69.347504,70.305,67.964996,68.857498
63.985001,67.5,62.0,62.057499
66.222504,69.980003,63.237499,69.4925
60.487499,64.769997,60.0,60.552502
61.877499,64.402496,59.599998,63.215
59.942501,62.5,59.279999,61.6675
61.8475,63.209999,60.6525,61.195
61.794998,62.9575,57.0,57.310001
57.02,57.125,53.1525,56.092499
59.09,61.922501,58.575001,61.720001
62.6875,64.5625,61.075001,61.380001
61.630001,64.669998,61.59,64.610001
63.1875,63.967499,61.762501,61.935001
62.685001,63.880001,62.349998,63.702499
63.900002,65.622498,63.0,63.572498
61.625,62.18,59.782501,60.227501
60.084999,61.287498,59.224998,61.232498
60.700001,61.424999,59.7425,60.352501
62.724998,65.777496,62.345001,65.6175
67.699997,67.925003,64.75,64.857498
65.684998,66.842499,65.307503,66.517502
67.175003,67.517502,66.175003,66.997498
67.077499,68.425003,66.457497,68.3125
70.0,72.0625,69.512497,71.762497
70.599998,71.582497,70.157501,71.107498
71.845001,72.050003,70.587502,71.672501
71.172501,71.737503,69.214996,70.699997
69.487503,70.419998,69.212502,69.232498
69.07,69.3125,66.357498,67.092499
68.402496,69.474998,68.050003,69.025002
68.967499,70.4375,68.717499,68.7575
69.300003,70.752502,69.25,70.7425
70.449997,71.135002,69.987503,70.792503
71.269997,71.457497,69.550003,69.644997
71.182503,72.417503,70.972504,71.932503
72.489998,73.6325,72.087502,73.449997
71.5625,74.75,71.462502,72.267502
72.292503,73.422501,71.580002,73.290001
73.764999,75.25,73.614998,74.389999
75.114998,75.809998,74.717499,75.157501
75.805,76.292503,75.4925,75.934998
76.410004,77.587502,76.072502,77.532501
77.025002,79.262497,76.809998,78.752502
79.457497,79.922501,77.727501,77.852501
78.037498,78.987503,75.802498,76.912498
76.127502,77.447502,75.3825,77.385002
75.087502,76.974998,75.052498,76.927498
78.292503,79.125,77.580002,78.739998
78.7575,79.629997,78.252502,78.285004
79.169998,79.879997,79.129997,79.807503
79.665001,80.222504,78.967499,79.212502
78.942497,79.807503,78.837502,79.722504
80.875,81.059998,79.125,79.182503
79.035004,79.677498,78.272499,79.527496
79.192497,80.860001,78.907501,79.5625
79.8125,80.287498,79.1175,79.485001
79.4375,80.587502,79.302498,80.462502
80.1875,80.860001,79.732498,80.834999
81.165001,81.550003,80.574997,81.279999
81.097504,81.404999,80.195,80.580002
80.837502,82.9375,80.807503,82.875
82.5625,83.400002,81.830002,83.364998
83.035004,86.402496,83.002502,85.997498
86.974998,88.692497,86.522499,88.209999
87.327499,87.764999,83.870003,83.974998
86.18,86.949997,83.555,84.699997
83.3125,86.419998,83.144997,85.747498
87.864998,88.300003,86.18,88.019997
88.787498,88.849998,87.772499,87.897499
87.852501,88.362503,87.305,87.932503
88.660004,89.139999,86.287498,87.43
87.834999,89.864998,87.787498,89.717499
91.0,93.095001,90.567497,91.6325
91.25,92.197502,89.629997,90.014999
90.175003,91.25,89.392502,91.209999
91.102501,91.330002,88.254997,88.407501
88.3125,90.542503,87.82,90.445
90.019997,91.495003,90.0,91.199997
91.279999,91.839996,90.977501,91.027496
91.962502,92.6175,90.910004,91.027496
92.5,93.945,92.467499,93.462502
93.852501,94.654999,93.057503,93.172501
94.18,95.375,94.089996,95.342499
96.262497,96.317497,94.672501,95.752502
95.334999,95.980003,94.705002,95.919998
97.264999,99.955002,95.2575,95.477501
94.839996,97.254997,93.877502,97.057503
98.989998,99.247498,96.489998,97.724998
96.5625,97.404999,95.904999,96.522499
96.987503,97.147499,95.839996,96.327499
96.417503,98.5,96.0625,98.357498
99.172501,99.25,96.7425,97.0
96.692497,97.974998,96.602501,97.272499
96.997498,97.077499,92.010002,92.845001
90.987503,92.970001,89.144997,92.614998
93.709999,94.904999,93.480003,94.809998
94.3675,94.550003,93.247498,93.252502
93.75,95.230003,93.712502,95.040001
94.1875,96.297501,93.767502,96.190002
102.885002,106.415001,100.824997,106.260002
108.199997,111.637497,107.892502,108.9375
109.1325,110.790001,108.387497,109.665001
109.377502,110.392502,108.897499,110.0625
110.404999,114.412498,109.797501,113.902496
113.205002,113.675003,110.292503,111.112503
112.599998,113.775002,110.0,112.727501
111.970001,112.482498,109.107498,109.375
110.497498,113.275002,110.297501,113.010002
114.43,116.042503,113.927498,115.010002
114.830002,115.0,113.044998,114.907501
116.0625,116.087502,113.962502,114.607498
114.352501,116.0,114.0075,115.5625
115.982498,117.162498,115.610001,115.707497
115.75,118.392502,115.732498,118.275002
119.262497,124.8675,119.25,124.370003
128.697495,128.785004,123.9375,125.857498
124.697502,125.18,123.052498,124.824997
126.18,126.9925,125.082497,126.522499
127.142502,127.485001,123.832497,125.010002
126.012497,126.442497,124.577499,124.807503
127.580002,131.0,126.0,129.039993
132.759995,134.800003,130.529999,134.179993
137.589996,137.979996,127.0,131.399994
126.910004,128.839996,120.5,120.879997
120.07,123.699997,110.889999,120.959999
113.949997,118.989998,112.68,112.82
117.260002,119.139999,115.260002,117.32
120.360001,120.5,112.5,113.489998
114.57,115.230003,110.0,112.0
114.720001,115.93,112.800003,115.360001
118.330002,118.830002,113.610001,115.540001
115.230003,116.0,112.040001,112.129997
109.720001,112.199997,108.709999,110.339996
110.400002,110.879997,106.089996,106.839996
104.540001,110.190002,103.099998,110.080002
112.68,112.860001,109.160004,111.809998
111.620003,112.110001,106.769997,107.120003
105.169998,110.25,105.0,108.220001
108.43,112.440002,107.669998,112.279999
115.010002,115.32,112.779999,114.959999
114.550003,115.309998,113.57,114.089996
113.790001,117.260002,113.620003,115.809998
117.639999,117.720001,115.830002,116.790001
112.889999,115.370003,112.220001,113.019997
113.910004,116.650002,113.550003,116.5
115.699997,116.120003,112.25,113.160004
114.620003,115.550003,114.129997,115.080002
116.25,116.400002,114.589996,114.970001
115.279999,117.0,114.919998,116.970001
120.059998,125.18,119.279999,124.400002
125.269997,125.389999,119.650002,121.099998
121.0,123.029999,119.620003,121.190002
118.720001,121.199997,118.150002,120.709999
121.279999,121.550003,118.809998,119.019997
119.959999,120.419998,115.660004,115.980003
116.199997,118.980003,115.629997,117.510002
116.669998,118.709999,116.449997,116.870003
117.449997,118.040001,114.589996,115.75
116.389999,116.550003,114.279999,115.040001
114.010002,116.550003,112.879997,115.050003
115.489998,117.279999,114.540001,116.599998
115.050003,115.43,111.099998,111.199997
112.370003,116.93,112.199997,115.32
111.059998,111.989998,107.720001,108.860001
109.110001,110.68,107.32,108.769997
109.660004,111.489998,108.730003,110.440002
114.139999,115.589996,112.349998,114.949997
117.949997,119.620003,116.870003,119.029999
118.32,119.199997,116.129997,118.690002
120.5,121.989998,116.050003,116.32
115.550003,117.589996,114.129997,115.970001
117.190002,119.629997,116.440002,119.489998
119.620003,120.529999,118.57,119.209999
119.440002,119.669998,117.870003,119.260002
118.919998,120.989998,118.150002,120.300003
119.550003,120.669998,118.959999,119.389999
118.610001,119.82,118.0,118.029999
117.589996,119.059998,116.809998,118.639999
118.639999,118.769997,117.290001,117.339996
117.18,117.620003,113.75,113.849998
113.910004,115.849998,112.589996,115.169998
115.550003,116.75,115.169998,116.029999
116.57,117.489998,116.220001,116.589996
116.970001,120.970001,116.809998,119.050003
121.010002,123.470001,120.010002,122.720001
122.019997,123.370003,120.889999,123.080002
123.519997,123.779999,122.209999,122.940002
122.599998,122.860001,121.519997,122.25
122.309998,124.57,122.25,123.75
124.370003,124.980003,123.089996,124.379997
124.529999,125.949997,121.0,121.779999
120.5,123.870003,120.150002,123.239998
122.43,122.760002,120.550003,122.410004
122.599998,123.349998,121.540001,121.779999
124.339996,127.900002,124.129997,127.879997
127.410004,128.369995,126.559998,127.809998
128.899994,129.580002,128.039993,128.699997
128.960007,129.100006,126.120003,126.660004
125.019997,128.309998,123.449997,128.229996
131.610001,134.410004,129.649994,131.880005
132.160004,132.429993,130.779999,130.960007
131.320007,133.460007,131.100006,131.970001
133.990005,137.339996,133.509995,136.690002
138.050003,138.789993,134.339996,134.869995
135.580002,135.990005,133.399994,133.720001
134.080002,134.740005,131.720001,132.690002
133.520004,133.610001,126.760002,129.410004
128.889999,131.740005,128.429993,131.009995
127.720001,131.050003,126.379997,126.599998
128.360001,131.630005,127.860001,130.919998
132.429993,132.630005,130.229996,132.050003
129.190002,130.169998,128.5,128.979996
128.5,129.690002,126.860001,128.800003
128.759995,131.449997,128.490005,130.889999
130.800003,131.0,128.759995,128.910004
128.779999,130.220001,127.0,127.139999
127.779999,128.710007,126.940002,127.830002
128.660004,132.490005,128.550003,132.029999
133.800003,139.669998,133.589996,136.869995
136.279999,139.850006,135.020004,139.070007
143.070007,145.089996,136.539993,142.919998
143.600006,144.300003,141.369995,143.160004
143.429993,144.300003,140.410004,142.059998
139.520004,141.990005,136.699997,137.089996
135.830002,136.740005,130.210007,131.960007
133.75,135.380005,130.929993,134.139999
135.729996,136.309998,134.610001,134.990005
135.759995,135.770004,133.610001,133.940002
136.300003,137.399994,134.589996,137.389999
137.350006,137.419998,135.860001,136.759995
136.029999,136.960007,134.919998,136.910004
136.619995,137.880005,135.850006,136.009995
136.479996,136.990005,134.399994,135.389999
135.899994,136.389999,133.770004,135.130005
134.350006,135.529999,133.690002,135.369995
135.490005,136.009995,132.789993,133.190002
131.25,132.220001,129.470001,130.839996
129.199997,130.0,127.410004,129.710007
130.240005,130.710007,128.800003,129.869995
128.009995,129.720001,125.599998,126.0
123.760002,126.709999,118.389999,125.860001
124.940002,125.559998,122.230003,125.349998
124.68,126.459999,120.540001,120.989998
122.589996,124.849998,121.199997,121.260002
123.75,127.93,122.790001,127.790001
128.410004,128.720001,125.010002,125.120003
124.809998,125.709999,121.839996,122.059998
121.75,123.599998,118.620003,120.129997
120.980003,121.940002,117.57,121.419998
120.93,121.0,116.209999,116.360001
119.029999,122.059998,118.790001,121.089996
121.690002,122.169998,119.449997,119.980003
122.540001,123.209999,121.260002,121.959999
120.400002,121.169998,119.160004,121.029999
121.410004,124.0,120.419998,123.989998
125.699997,127.220001,124.720001,125.57
124.050003,125.860001,122.339996,124.760002
122.879997,123.18,120.32,120.529999
119.900002,121.43,119.68,119.989998
120.330002,123.870003,120.260002,123.389999
123.330002,124.239998,122.139999,122.540001
122.82,122.900002,120.07,120.089996
119.540001,121.660004,119.0,120.589996
120.349998,121.480003,118.919998,121.209999
121.650002,122.580002,120.730003,121.389999
120.110001,120.400002,118.860001,119.900002
121.650002,123.519997,121.150002,122.150002
123.660004,124.18,122.489998,123.0
123.870003,126.160004,123.07,125.900002
126.5,127.129997,125.650002,126.209999
125.830002,127.919998,125.139999,127.900002
128.949997,130.389999,128.520004,130.360001
129.800003,133.039993,129.470001,133.0
132.520004,132.850006,130.630005,131.240005
132.440002,134.660004,131.929993,134.429993
134.940002,135.0,131.660004,132.029999
133.820007,135.0,133.639999,134.5
134.300003,134.669998,133.279999,134.160004
133.509995,135.470001,133.339996,134.839996
135.020004,135.529999,131.809998,133.110001
132.360001,133.75,131.300003,133.5
133.039993,134.149994,131.410004,131.940002
132.160004,135.119995,132.160004,134.320007
134.830002,135.059998,133.559998,134.720001
135.009995,135.410004,134.110001,134.389999
134.309998,135.020004,133.080002,133.580002
136.470001,137.070007,132.449997,133.479996
131.779999,133.559998,131.070007,131.460007
132.039993,134.070007,131.830002,132.539993
131.190002,131.490005,126.699997,127.849998
129.199997,130.449997,127.970001,128.100006
127.889999,129.75,127.129997,129.740005
130.850006,131.259995,129.479996,130.210007
129.410004,129.539993,126.809998,126.849998
123.5,126.269997,122.769997,125.910004
123.400002,124.639999,122.25,122.769997
124.580002,126.150002,124.260002,124.970001
126.25,127.889999,125.849998,127.449997
126.82,126.93,125.169998,126.269997
126.559998,126.989998,124.779999,124.849998
123.160004,124.919998,122.860001,124.690002
125.230003,127.720001,125.099998,127.309998
127.82,128.0,125.209999,125.43
126.010002,127.940002,125.940002,127.099998
127.82,128.320007,126.32,126.900002
126.959999,127.389999,126.419998,126.849998
126.440002,127.639999,125.080002,125.279999
125.57,125.800003,124.550003,124.610001
125.080002,125.349998,123.940002,124.279999
124.279999,125.239998,124.050003,125.059998
124.68,124.849998,123.129997,123.540001
124.07,126.160004,123.849998,125.889999
126.169998,126.32,124.830002,125.900002
126.599998,128.460007,126.209999,126.739998
127.209999,127.75,126.519997,127.129997
127.019997,128.190002,125.940002,126.110001
126.529999,127.440002,126.099998,127.349998
127.82,130.539993,127.07,130.479996
129.940002,130.600006,129.389999,129.639999
130.369995,130.889999,128.460007,130.149994
129.800003,132.550003,129.649994,131.789993
130.710007,131.509995,130.240005,130.460007
130.300003,132.410004,129.210007,132.300003
132.130005,134.080002,131.619995,133.979996
133.770004,134.320007,133.229996,133.699997
134.449997,134.639999,132.929993,133.410004
133.460007,133.889999,132.809998,133.110001
133.410004,135.25,133.350006,134.779999
134.800003,136.490005,134.350006,136.330002
136.169998,137.410004,135.869995,136.960007
136.600006,137.330002,135.759995,137.270004
137.899994,140.0,137.75,139.960007
140.070007,143.149994,140.070007,142.020004
143.539993,144.889999,142.660004,144.570007
141.580002,144.059998,140.669998,143.240005
142.75,145.649994,142.649994,145.110001
146.210007,146.320007,144.0,144.5
144.029999,147.460007,143.630005,145.639999
148.100006,149.570007,147.679993,149.149994
149.240005,150.0,147.089996,148.479996
148.460007,149.759995,145.880005,146.389999
143.75,144.070007,141.669998,142.449997
143.460007,147.100006,142.960007,146.149994
145.529999,146.130005,144.630005,145.399994
145.940002,148.199997,145.809998,146.800003
147.550003,148.720001,146.919998,148.559998
148.270004,149.830002,147.699997,148.990005
149.119995,149.210007,145.550003,146.770004
144.809998,146.970001,142.539993,144.979996
144.690002,146.550003,144.580002,145.639999
144.380005,146.330002,144.110001,145.860001
146.360001,146.949997,145.25,145.520004
145.809998,148.039993,145.179993,147.360001
147.270004,147.789993,146.279999,146.949997
146.979996,147.839996,146.169998,147.059998
146.350006,147.110001,145.630005,146.139999
146.199997,146.699997,145.520004,146.089996
146.440002,147.710007,145.300003,145.600006
146.050003,146.720001,145.529999,145.860001
146.190002,149.050003,145.839996,148.889999
148.970001,149.440002,148.270004,149.100006
148.539993,151.190002,146.470001,151.119995
150.229996,151.679993,149.089996,150.190002
149.800003,150.720001,146.149994,146.360001
145.029999,148.0,144.5,146.699997
147.440002,148.5,146.779999,148.190002
148.309998,150.190002,147.889999,149.710007
149.449997,150.860001,149.149994,149.619995
149.809998,150.320007,147.800003,148.360001
148.350006,149.119995,147.509995,147.539993
147.479996,148.75,146.830002,148.600006
149.0,153.490005,148.610001,153.119995
152.660004,152.800003,151.289993,151.830002
152.830002,154.979996,152.339996,152.509995
153.869995,154.720001,152.399994,153.649994
153.759995,154.630005,153.089996,154.300003
154.970001,157.259995,154.389999,156.690002
156.979996,157.039993,153.979996,155.110001
155.490005,156.110001,153.949997,154.070007
155.0,155.479996,148.699997,148.970001
150.630005,151.419998,148.75,149.550003
150.350006,151.070007,146.910004,148.119995
148.559998,149.440002,146.369995,149.029999
148.440002,148.970001,147.220001,148.789993
148.820007,148.820007,145.759995,146.059998
143.800003,144.839996,141.270004,142.940002
143.929993,144.600006,142.779999,143.429993
144.449997,146.429993,143.699997,145.850006
146.649994,147.080002,145.639999,146.830002
145.660004,147.470001,145.559998,146.919998
145.470001,145.960007,143.820007,145.369995
143.25,144.75,141.690002,141.910004
142.470001,144.449997,142.029999,142.830002
143.660004,144.380005,141.279999,141.5
141.899994,142.919998,139.110001,142.649994
141.759995,142.210007,138.270004,139.139999
139.490005,142.240005,139.360001,141.110001
139.470001,142.149994,138.369995,142.0
143.059998,144.220001,142.720001,143.289993
144.029999,144.179993,142.559998,142.899994
142.270004,144.809998,141.809998,142.809998
143.229996,143.25,141.039993,141.509995
141.240005,141.399994,139.199997,140.910004
142.110001,143.880005,141.509995,143.759995
143.770004,144.899994,143.509995,144.839996
143.449997,146.839996,143.160004,146.550003
147.009995,149.169998,146.550003,148.759995
148.699997,149.75,148.119995,149.259995
148.809998,149.639999,147.869995,149.479996
149.690002,150.179993,148.639999,148.690002
148.679993,149.369995,147.619995,148.639999
149.330002,150.839996,149.009995,149.320007
149.360001,149.729996,148.490005,148.850006
149.820007,153.169998,149.720001,152.570007
147.220001,149.940002,146.410004,149.800003
148.990005,149.699997,147.800003,148.960007
148.660004,151.570007,148.649994,150.020004
150.389999,151.970001,149.820007,151.490005
151.580002,152.429993,150.639999,150.960007
151.889999,152.199997,150.059998,151.279999
151.410004,151.570007,150.160004,150.440002
150.199997,151.429993,150.059998,150.809998
150.020004,150.130005,147.850006,147.919998
148.960007,149.429993,147.679993,147.869995
148.429993,150.399994,147.479996,149.990005
150.369995,151.880005,149.429993,150.0
149.940002,151.490005,149.339996,151.0
151.0,155.0,150.990005,153.490005
153.710007,158.669998,153.050003,157.869995
157.649994,161.020004,156.529999,160.550003
161.679993,165.699997,161.0,161.020004
161.119995,161.800003,159.059998,161.410004
160.75,162.139999,159.639999,161.940002
159.570007,160.449997,156.360001,156.809998
159.369995,161.190002,158.789993,160.240005
159.990005,165.520004,159.919998,165.300003
167.479996,170.300003,164.529999,164.770004
158.740005,164.199997,157.800003,163.759995
164.020004,164.960007,159.720001,161.839996
164.289993,167.880005,164.279999,165.320007
169.080002,171.580002,168.339996,171.179993
172.130005,175.960007,170.699997,175.080002
174.910004,176.75,173.919998,174.559998
175.210007,179.630005,174.690002,179.449997
181.119995,182.130005,175.529999,175.740005
175.25,177.740005,172.210007,174.330002
175.110001,179.5,172.309998,179.300003
179.279999,181.139999,170.75,172.259995
169.929993,173.470001,169.690002,171.139999
168.279999,170.580002,167.460007,169.75
171.559998,173.199997,169.119995,172.990005
173.039993,175.860001,172.149994,175.639999
175.850006,176.850006,175.270004,176.279999
177.089996,180.419998,177.070007,180.330002
180.160004,181.330002,178.529999,179.289993
179.330002,180.630005,178.139999,179.380005
179.470001,180.570007,178.089996,178.199997
178.089996,179.229996,177.259995,177.570007
177.830002,182.880005,177.710007,182.009995
182.630005,182.940002,179.119995,179.699997
179.610001,180.169998,174.639999,174.919998
172.699997,175.300003,171.639999,172.0
172.889999,174.139999,171.029999,172.169998
169.080002,172.5,168.169998,172.190002
172.320007,175.179993,170.820007,175.080002
176.119995,177.179993,174.820007,175.529999
175.779999,176.619995,171.789993,172.190002
171.339996,173.779999,171.089996,173.070007
171.509995,172.539993,169.410004,169.800003
170.0,171.080002,165.940002,166.229996
166.979996,169.679993,164.179993,164.509995
164.419998,166.330002,162.300003,162.410004
160.020004,162.300003,154.699997,161.619995
158.979996,162.759995,157.020004,159.779999
163.5,164.389999,157.820007,159.690002
162.449997,163.839996,158.279999,159.220001
165.710007,170.350006,162.800003,170.330002
170.160004,175.0,169.509995,174.779999
174.009995,174.839996,172.309998,174.610001
174.75,175.880005,173.330002,175.839996
174.479996,176.240005,172.119995,172.899994
171.679993,174.100006,170.679993,172.389999
172.860001,173.949997,170.949997,171.660004
171.729996,175.350006,171.429993,174.830002
176.050003,176.649994,174.899994,176.279999
174.139999,175.479996,171.550003,172.119995
172.330002,173.080002,168.039993,168.639999
167.369995,169.580002,166.559998,168.880005
170.970001,172.949997,170.25,172.789993
171.850006,173.339996,170.050003,172.550003
171.029999,171.910004,168.470001,168.880005
169.820007,170.539993,166.190002,167.300003
164.979996,166.690002,162.149994,164.320007
165.539993,166.149994,159.75,160.070007
152.580002,162.850006,152.0,162.740005
163.839996,165.119995,160.869995,164.850006
163.059998,165.419998,162.429993,165.119995
164.699997,166.600006,161.970001,163.199997
164.389999,167.360001,162.949997,166.559998
168.470001,168.910004,165.550003,166.229996
164.490005,165.550003,162.100006,163.169998
163.360001,165.020004,159.039993,159.300003
158.820007,162.880005,155.800003,157.440002
161.479996,163.410004,159.410004,162.949997
160.199997,160.389999,155.979996,158.520004
158.929993,159.279999,154.5,154.729996
151.449997,154.119995,150.100006,150.619995
150.899994,155.570007,150.380005,155.089996
157.050003,160.0,154.460007,159.589996
158.610001,161.0,157.630005,160.619995
160.509995,164.479996,159.759995,163.979996
163.509995,166.350006,163.009995,165.380005
165.509995,169.419998,164.910004,168.820007
167.990005,172.639999,167.649994,170.210007
171.059998,174.139999,170.210007,174.070007
173.880005,175.279999,172.75,174.720001
172.169998,175.729996,172.0,175.600006
176.690002,179.009995,176.339996,178.960007
178.550003,179.610001,176.699997,177.770004
177.839996,178.029999,174.399994,174.610001
174.029999,174.880005,171.940002,174.309998
174.570007,178.490005,174.440002,178.440002
177.5,178.300003,174.419998,175.059998
172.360001,173.630005,170.130005,171.830002
171.160004,173.360001,169.850006,172.139999
171.779999,171.779999,169.199997,170.089996
168.710007,169.029999,165.5,165.75
168.020004,169.869995,166.639999,167.660004
167.389999,171.039993,166.770004,170.399994
170.619995,171.270004,165.039993,165.289993
163.919998,166.600006,163.570007,165.070007
165.020004,167.820007,163.910004,167.399994
168.759995,168.880005,166.100006,167.229996
168.910004,171.529999,165.910004,166.419998
166.460007,167.869995,161.5,161.789993
161.119995,163.169998,158.460007,162.880005
162.25,162.339996,156.720001,156.800003
155.910004,159.789993,155.380005,156.570007
159.25,164.520004,158.929993,163.639999
161.839996,166.199997,157.25,157.649994
156.710007,158.229996,153.270004,157.960007
158.149994,160.710007,156.320007,159.479996
159.669998,166.479996,159.259995,166.020004
163.850006,164.080002,154.949997,156.770004
156.009995,159.440002,154.179993,157.279999
154.929993,155.830002,151.490005,152.059998
155.520004,156.740005,152.929993,154.509995
153.5,155.449997,145.809998,146.5
142.770004,146.199997,138.800003,142.559998
144.589996,148.100006,143.110001,147.110001
145.550003,147.520004,144.179993,145.539993
148.860001,149.770004,146.679993,149.240005
146.850006,147.360001,139.899994,140.820007
139.880005,141.660004,136.600006,137.350006
139.089996,140.699997,132.610001,137.589996
137.789993,143.259995,137.649994,143.110001
140.809998,141.970001,137.330002,140.360001
138.429993,141.789993,138.339996,140.520004
137.389999,144.339996,137.139999,143.779999
145.389999,149.679993,145.259995,149.639999
149.070007,150.660004,146.839996,148.839996
149.899994,151.740005,147.679993,148.710007
147.830002,151.270004,146.860001,151.210007
146.899994,147.970001,144.460007,145.380005
147.029999,148.570007,144.899994,146.139999
144.350006,149.0,144.100006,148.710007
148.580002,149.869995,147.460007,147.960007
147.080002,147.949997,142.529999,142.639999
140.279999,140.759995,137.059998,137.130005
132.869995,135.199997,131.440002,131.880005
133.130005,133.889999,131.479996,132.759995
134.289993,137.339996,132.160004,135.429993
132.080002,132.389999,129.039993,130.059998
130.070007,133.080002,129.809998,131.559998
133.419998,137.059998,133.320007,135.869995
134.789993,137.759995,133.910004,135.350006
136.820007,138.589996,135.630005,138.270004
139.899994,141.910004,139.770004,141.660004
142.699997,143.490005,140.970001,141.660004
142.130005,143.419998,137.320007,137.440002
137.460007,140.669998,136.669998,139.229996
137.25,138.369995,133.770004,136.720001
136.039993,139.039993,135.660004,138.929993
137.770004,141.610001,136.929993,141.559998
141.350006,144.119995,141.080002,142.919998
143.289993,146.550003,143.279999,146.350006
145.259995,147.550003,145.0,147.039993
145.669998,146.639999,143.779999,144.869995
145.759995,148.449997,145.050003,145.860001
142.990005,146.449997,142.119995,145.490005
144.080002,148.949997,143.25,148.470001
149.779999,150.860001,148.199997,150.169998
150.740005,151.570007,146.699997,147.070007
147.919998,151.229996,146.910004,151.0
151.119995,153.720001,150.369995,153.039993
154.5,155.570007,151.940002,155.350006
155.389999,156.279999,153.410004,154.089996
154.009995,155.039993,152.279999,152.949997
152.259995,153.089996,150.800003,151.600006
152.580002,157.330002,152.160004,156.789993
156.979996,157.639999,154.410004,157.350006
161.240005,163.630005,159.5,162.509995
161.009995,163.589996,160.889999,161.509995
160.100006,162.410004,159.630005,160.009995
160.839996,166.589996,160.75,166.130005
166.009995,167.190002,164.429993,165.809998
163.210007,165.850006,163.0,165.350006
166.369995,167.809998,164.199997,164.869995
164.020004,165.820007,163.25,164.919998
167.679993,169.339996,166.899994,169.240005
170.059998,170.990005,168.190002,168.490005
169.820007,172.169998,169.399994,172.100006
171.520004,173.389999,171.350006,173.190002
172.779999,173.710007,171.660004,173.029999
172.770004,176.149994,172.570007,174.550003
173.75,174.899994,173.119995,174.149994
173.029999,173.740005,171.309998,171.520004
169.690002,169.860001,167.139999,167.570007
167.080002,168.710007,166.649994,167.229996
167.320007,168.110001,166.25,167.529999
168.779999,170.139999,168.350006,170.029999
170.570007,171.050003,163.559998,163.619995
161.149994,162.899994,159.820007,161.380005
162.130005,162.559998,157.720001,158.910004
160.309998,160.580002,157.139999,157.220001
156.639999,158.419998,154.669998,157.960007
159.75,160.360001,154.970001,155.809998
156.470001,157.089996,153.690002,154.529999
154.820007,156.669998,153.610001,155.960007
154.639999,156.360001,152.679993,154.460007
155.470001,157.820007,154.75,157.369995
159.589996,164.259995,159.300003,163.429993
159.899994,160.539993,153.369995,153.839996
154.789993,157.100006,153.610001,155.309998
154.649994,155.240005,151.380005,152.369995
151.210007,151.350006,148.369995,150.699997
149.309998,154.559998,149.100006,154.479996
153.399994,158.080002,153.080002,156.899994
157.339996,158.740005,153.600006,153.720001
152.380005,154.470001,150.910004,152.740005
151.190002,151.470001,148.559998,150.429993
149.660004,153.770004,149.639999,150.770004
152.740005,154.720001,149.949997,151.759995
147.639999,150.639999,144.839996,149.839996
146.100006,146.720001,140.679993,142.479996
141.279999,143.100006,138.0,138.199997
138.210007,143.070007,137.690002,142.449997
145.029999,146.220001,144.259995,146.100006
144.070007,147.380005,143.009995,146.399994
145.809998,147.539993,145.220001,145.429993
142.539993,143.100006,139.449997,140.089996
140.419998,141.889999,138.570007,140.419998
139.899994,141.350006,138.220001,138.979996
139.130005,140.360001,138.160004,138.339996
134.990005,143.589996,134.369995,142.990005
144.309998,144.520004,138.190002,138.380005
141.070007,142.899994,140.270004,142.410004
145.490005,146.699997,140.610001,143.75
141.690002,144.949997,141.5,143.860001
143.020004,145.889999,142.649994,143.389999
142.869995,147.850006,142.649994,147.270004
147.190002,150.229996,146.0,149.449997
150.089996,152.490005,149.360001,152.339996
150.960007,151.990005,148.039993,149.350006
148.070007,149.050003,144.130005,144.800003
148.199997,157.5,147.820007,155.740005
153.160004,154.240005,151.919998,153.339996
155.080002,155.449997,149.130005,150.649994
148.949997,152.169998,145.0,145.029999
142.059998,142.800003,138.75,138.880005
142.089996,142.669998,134.380005,138.380005
137.110001,139.149994,135.669998,138.919998
140.410004,141.429993,137.490005,139.5
138.5,138.550003,134.589996,134.869995
141.240005,146.869995,139.5,146.869995
145.820007,150.009995,144.369995,149.699997
148.970001,150.279999,147.429993,148.279999
152.220001,153.589996,148.559998,150.039993
149.130005,149.869995,147.289993,148.789993
146.429993,151.479996,146.149994,150.720001
152.309998,152.699997,149.970001,151.289993
150.160004,150.369995,147.720001,148.009995
148.130005,150.419998,146.929993,150.179993
149.449997,151.830002,149.339996,151.070007
148.309998,148.880005,147.119995,148.110001
145.139999,146.639999,143.380005,144.220001
144.289993,144.809998,140.350006,141.169998
141.399994,148.720001,140.550003,148.029999
148.210007,149.130005,146.610001,148.309998
145.960007,148.0,145.649994,147.809998
147.770004,150.919998,145.770004,146.630005
147.070007,147.300003,141.919998,142.910004
142.190002,143.369995,140.0,140.940002
142.360001,143.520004,141.100006,142.649994
142.339996,145.570007,140.899994,142.160004
142.699997,144.5,141.059998,144.490005
149.5,149.970001,144.240005,145.470001
145.350006,146.660004,141.160004,143.210007
141.110001,141.800003,136.029999,136.5
136.690002,137.649994,133.729996,134.509995
135.110001,135.199997,131.320007,132.369995
131.389999,133.25,129.889999,132.300003
132.979996,136.809998,132.75,135.449997
134.350006,134.559998,130.300003,132.229996
130.919998,132.419998,129.639999,131.860001
131.380005,131.410004,128.720001,130.029999
129.669998,131.029999,125.870003,126.040001
127.989998,130.479996,127.730003,129.610001
128.410004,129.949997,127.43,129.929993
130.279999,130.899994,124.169998,125.07
126.889999,128.660004,125.080002,126.360001
127.129997,127.769997,124.760002,125.019997
126.010002,130.289993,124.889999,129.619995
130.470001,133.410004,129.889999,130.149994
130.259995,131.259995,128.119995,130.729996
131.25,133.509995,130.460007,133.490005
133.880005,134.259995,131.440002,133.410004
132.029999,134.919998,131.660004,134.759995
134.830002,137.289993,134.130005,135.940002
136.820007,138.610001,135.029999,135.210007
134.080002,136.25,133.770004,135.270004
135.279999,138.020004,134.220001,137.869995
138.119995,143.320007,137.899994,141.110001
140.309998,143.160004,140.300003,142.529999
140.889999,142.429993,138.809998,141.860001
143.169998,144.25,141.899994,143.960007
143.160004,147.229996,143.080002,145.929993
144.960007,145.550003,142.850006,143.0
142.699997,144.339996,142.279999,144.289993
143.970001,146.610001,141.320007,145.429993
148.899994,151.179993,148.169998,150.820007
148.029999,157.380005,147.830002,154.5
152.570007,153.100006,150.779999,151.729996
150.639999,155.229996,150.639999,154.649994
153.880005,154.580002,151.169998,151.919998
153.779999,154.330002,150.419998,150.869995
149.460007,151.339996,149.220001,151.009995
150.949997,154.259995,150.919998,153.850006
152.119995,153.770004,150.860001,153.199997
153.110001,155.5,152.880005,155.330002
153.509995,156.330002,153.350006,153.710007
152.350006,153.0,150.850006,152.550003
150.199997,151.300003,148.410004,148.479996
148.869995,149.949997,147.160004,148.910004
150.089996,150.339996,147.240005,149.399994
147.110001,147.190002,145.720001,146.710007
147.710007,149.169998,147.449997,147.919998
147.050003,149.080002,146.830002,147.410004
146.830002,147.229996,145.009995,145.309998
144.380005,146.710007,143.899994,145.910004
148.039993,151.110001,147.330002,151.029999
153.789993,156.300003,153.460007,153.830002
153.699997,154.029999,151.130005,151.600006
152.809998,153.470001,151.830002,152.869995
153.559998,154.539993,150.229996,150.589996
150.210007,150.940002,147.610001,148.5
147.809998,153.139999,147.699997,150.470001
151.279999,153.399994,150.100006,152.589996
151.190002,153.25,149.919998,152.990005
152.160004,156.460007,151.639999,155.850006
156.080002,156.740005,154.279999,155.0
155.070007,157.820007,154.149994,157.399994
157.320007,159.399994,156.539993,159.279999
159.300003,162.139999,157.809998,157.830002
158.830002,161.550003,157.679993,158.929993
158.860001,160.339996,157.850006,160.25
159.940002,160.770004,157.869995,158.279999
157.970001,158.490005,155.979996,157.649994
159.369995,161.050003,159.350006,160.770004
161.529999,162.470001,161.270004,162.360001
162.440002,165.0,161.910004,164.899994
164.270004,166.289993,164.220001,166.169998
166.600006,166.839996,165.110001,165.630005
164.740005,165.050003,161.800003,163.759995
162.429993,164.960007,162.0,164.660004
161.419998,162.029999,160.080002,162.029999
162.350006,162.360001,160.509995,160.800003
161.220001,162.059998,159.779999,160.100006
161.630005,165.800003,161.419998,165.559998
164.589996,166.320007,163.820007,165.210007
165.089996,165.389999,164.029999,165.229996
166.100006,167.410004,165.649994,166.470001
165.800003,168.160004,165.539993,167.630005
166.089996,167.869995,165.559998,166.649994
165.050003,166.449997,164.490005,165.020004
165.0,165.600006,163.889999,165.330002
165.190002,166.309998,163.729996,163.770004
163.059998,165.279999,162.800003,163.759995
165.190002,168.559998,165.190002,168.410004
168.490005,169.850006,167.880005,169.679993
169.279999,170.449997,168.639999,169.589996
170.089996,170.350006,167.539993,168.539993
169.5,170.919998,167.160004,167.449997
164.889999,167.039993,164.309998,165.789993
170.979996,174.300003,170.759995,173.570007
172.479996,173.850006,172.110001,173.5
173.050003,173.539993,171.600006,171.770004
173.020004,174.029999,171.899994,173.559998
173.850006,174.589996,172.169998,173.75
173.619995,174.059998,171.0,172.570007
173.160004,173.210007,171.470001,172.070007
171.990005,173.139999,171.800003,172.070007
171.710007,172.929993,170.419998,172.690002
173.0,175.240005,172.580002,175.050003
176.389999,176.389999,174.940002,175.160004
173.979996,174.710007,173.449997,174.199997
173.130005,173.380005,171.279999,171.559998
171.089996,172.419998,170.520004,171.839996
172.410004,173.899994,171.690002,172.990005
173.320007,175.770004,173.110001,175.429993
176.960007,178.990005,176.570007,177.300003
177.330002,179.350006,176.759995,177.25
177.699997,180.119995,176.929993,180.089996
181.029999,181.779999,179.259995,180.949997
182.630005,184.949997,178.039993,179.580002
179.970001,180.119995,177.429993,179.210007
178.440002,181.210007,177.320007,177.820007
177.899994,180.839996,177.460007,180.570007
181.5,182.229996,180.630005,180.960007
181.270004,183.889999,180.970001,183.789993
182.800003,184.149994,182.440002,183.309998
183.369995,184.389999,182.020004,183.949997
183.960007,186.520004,183.779999,186.009995
186.729996,186.990005,184.270004,184.919998
184.410004,186.100006,184.410004,185.009995
184.899994,185.410004,182.589996,183.960007
183.740005,187.050003,183.669998,187.0
185.550003,187.559998,185.009995,186.679993
186.830002,188.050003,185.229996,185.270004
185.889999,188.389999,185.669998,188.059998
187.929993,189.899994,187.600006,189.25
189.080002,190.070007,188.940002,189.589996
191.630005,194.479996,191.259995,193.970001
193.779999,193.880005,191.759995,192.460007
191.570007,192.979996,190.619995,191.330002
189.839996,192.020004,189.199997,191.809998
191.410004,192.669998,190.240005,190.679993
189.259995,189.990005,187.039993,188.610001
189.160004,189.300003,186.600006,188.080002
189.679993,191.699997,188.470001,189.770004
190.5,191.190002,189.779999,190.539993
190.229996,191.179993,189.630005,190.690002
191.899994,194.320007,191.809998,193.990005
193.350006,194.330002,192.419998,193.729996
193.100006,198.229996,192.649994,195.100006
195.089996,196.470001,192.5,193.130005
194.100006,194.970001,191.229996,191.940002
193.410004,194.910004,192.25,192.75
193.330002,194.440002,192.919998,193.619995
193.669998,195.639999,193.320007,194.5
196.020004,197.199997,192.550003,193.220001
194.669998,196.630005,194.139999,195.830002
196.059998,196.490005,195.259995,196.449997
196.240005,196.729996,195.279999,195.610001
195.039993,195.179993,191.850006,192.580002
191.570007,192.369995,190.690002,191.169998
185.520004,187.380005,181.919998,181.990005
182.130005,183.130005,177.350006,178.850006
179.690002,180.270004,177.580002,179.800003
180.869995,180.929993,177.009995,178.190002
179.479996,180.75,177.600006,177.970001
177.320007,178.619995,176.550003,177.789993
177.970001,179.690002,177.309998,179.460007
178.880005,179.479996,177.050003,177.449997
177.130005,178.539993,176.5,176.570007
177.139999,177.509995,173.479996,174.0
172.300003,175.100006,171.960007,174.490005
175.070007,176.130005,173.740005,175.839996
177.059998,177.679993,176.25,177.229996
178.520004,181.550003,178.330002,181.119995
180.669998,181.100006,176.009995,176.380005
177.380005,179.149994,175.820007,178.610001
180.089996,180.589996,178.550003,180.190002
179.699997,184.899994,179.5,184.119995
184.940002,187.850006,184.740005,187.649994
187.839996,189.119995,187.479996,187.869995
189.490005,189.919998,188.279999,189.460007
188.279999,189.979996,187.610001,189.699997
188.399994,188.850006,181.470001,182.910004
175.179993,178.210007,173.539993,177.559998
178.350006,180.240005,177.789993,178.179993
180.070007,180.300003,177.339996,179.360001
179.490005,180.130005,174.820007,176.300003
176.509995,177.300003,173.979996,174.210007
174.0,176.100006,173.580002,175.740005
176.479996,176.5,173.820007,175.009995
176.479996,179.380005,176.169998,177.970001
177.520004,179.630005,177.130005,179.070007
179.259995,179.699997,175.399994,175.490005
174.550003,176.300003,173.860001,173.929993
174.669998,177.080002,174.050003,174.789993
174.199997,176.970001,174.149994,176.080002
174.820007,175.199997,171.660004,171.960007
172.619995,173.039993,169.050003,170.429993
169.339996,172.029999,167.619995,170.690002
172.020004,173.070007,170.339996,171.210007
171.220001,174.300003,170.929993,173.75
172.259995,173.630005,170.820007,172.399994
171.089996,174.210007,170.970001,173.660004
173.789993,175.449997,172.679993,174.910004
173.800003,177.990005,173.179993,177.490005
176.809998,179.050003,175.800003,178.990005
178.100006,179.720001,177.949997,178.389999
178.199997,179.850006,177.600006,179.800003
180.070007,182.339996,179.039993,180.710007
181.419998,181.929993,178.139999,178.850006
176.75,179.080002,176.509995,178.720001
176.649994,178.419998,174.800003,177.149994
175.580002,177.580002,175.110001,175.839996
176.039993,177.839996,175.190002,175.460007
175.309998,175.419998,172.639999,172.880005
170.910004,174.009995,169.929993,173.0
173.050003,173.669998,171.449997,173.440002
171.880005,173.059998,170.649994,171.100006
170.369995,171.380005,165.669998,166.889999
166.910004,168.960007,166.830002,168.220001
169.020004,171.169998,168.869995,170.289993
169.350006,170.899994,167.899994,170.770004
171.0,174.229996,170.119995,173.970001
175.520004,177.779999,175.460007,177.570007
174.240005,176.820007,173.350006,176.649994
176.380005,179.429993,176.210007,179.229996
179.179993,182.440002,178.970001,181.820007
182.350006,183.449997,181.589996,182.889999
182.960007,184.119995,181.809998,182.410004
183.970001,186.570007,183.529999,186.399994
185.820007,186.029999,184.210007,184.800003
187.699997,188.110001,186.300003,187.440002
187.850006,189.5,187.779999,188.009995
189.570007,190.960007,188.649994,189.710007
190.25,190.380005,188.570007,189.690002
189.889999,191.910004,189.880005,191.449997
191.410004,191.520004,189.740005,190.639999
191.490005,192.929993,190.830002,191.309998
190.869995,190.899994,189.25,189.970001
189.919998,190.669998,188.899994,189.789993
189.779999,191.080002,189.399994,190.399994
190.899994,192.089996,188.970001,189.369995
189.839996,190.320007,188.190002,189.949997
190.330002,191.559998,189.229996,191.240005
189.979996,190.050003,187.449997,189.429993
190.210007,194.399994,190.179993,193.419998
194.449997,194.759995,192.110001,192.320007
193.630005,195.0,193.589996,194.270004
194.199997,195.990005,193.669998,195.710007
193.110001,193.490005,191.419998,193.179993
193.080002,194.720001,191.720001,194.710007
195.089996,198.0,194.850006,197.960007
198.020004,199.619995,196.160004,198.110001
197.529999,198.399994,197.0,197.570007
196.089996,196.630005,194.389999,195.889999
196.160004,196.949997,195.889999,196.940002
196.899994,197.679993,194.830002,194.830002
196.100006,197.080002,193.5,194.679993
195.179993,195.410004,192.970001,193.600006
193.610001,193.889999,192.830002,193.050003
192.490005,193.5,191.089996,193.149994
194.139999,194.660004,193.169998,193.580002
193.899994,194.399994,191.729996,192.529999
187.149994,188.440002,183.889999,185.639999
184.220001,185.880005,183.429993,184.25
182.149994,183.089996,180.880005,181.910004
181.990005,182.759995,180.169998,181.179993
182.089996,185.600006,181.5,185.559998
183.919998,185.149994,182.729996,185.139999
184.350006,186.399994,183.919998,186.190002
186.539993,187.050003,183.619995,185.589996
186.059998,186.740005,185.190002,185.919998
182.160004,184.259995,180.929993,183.630005
181.270004,182.929993,180.300003,182.679993
186.089996,189.139999,185.830002,188.630005
189.330002,191.949997,188.820007,191.559998
192.300003,195.330002,192.259995,193.889999
195.020004,195.75,193.830002,195.179993
195.419998,196.380005,194.339996,194.5
195.220001,196.270004,193.110001,194.169998
194.270004,194.759995,191.940002,192.419998
192.009995,192.199997,189.580002,191.729996
190.940002,191.800003,187.470001,188.039993
187.039993,187.100006,184.350006,184.399994
183.990005,186.949997,183.820007,186.860001
179.860001,187.330002,179.25,185.850006
188.149994,189.25,185.839996,187.679993
186.860001,189.309998,186.770004,189.300003
190.639999,191.050003,188.610001,189.410004
189.389999,189.539993,187.350006,188.320007
188.649994,189.990005,188.0,188.850006
188.419998,188.669998,186.789993,187.149994
185.770004,186.210007,183.509995,185.039993
185.320007,185.529999,182.440002,184.149994
183.550003,184.490005,181.350006,183.860001
183.419998,184.850006,181.669998,182.309998
181.789993,182.429993,180.0,181.559998
181.940002,182.889999,180.660004,182.320007
183.479996,184.960007,182.460007,184.369995
185.009995,185.039993,182.229996,182.520004
182.240005,182.759995,180.649994,181.160004
181.100006,183.919998,179.559998,182.630005
182.509995,183.119995,180.130005,181.419998
181.270004,182.570007,179.529999,180.75
179.550003,180.529999,177.380005,179.660004
176.149994,176.899994,173.789993,175.100006
170.759995,172.039993,169.619995,170.119995
171.059998,171.240005,168.679993,169.119995
169.149994,170.729996,168.490005,169.0
169.0,173.699997,168.940002,170.729996
172.940002,174.380005,172.050003,172.75
173.149994,174.029999,171.009995,173.229996
172.770004,173.190002,170.759995,171.130005
172.910004,174.309998,172.050003,173.0
171.169998,172.619995,170.289993,172.619995
175.570007,177.710007,173.520004,173.720001
174.339996,176.610001,173.029999,176.080002
175.720001,178.669998,175.089996,178.669998
177.050003,177.490005,170.839996,171.369995
171.759995,173.050003,170.059998,172.279999
170.570007,171.940002,169.449997,170.850006
170.0,171.419998,169.580002,169.710007
170.410004,173.600006,170.110001,173.309998
171.75,172.229996,170.509995,171.479996
171.190002,171.25,169.479996,170.029999
169.080002,169.339996,168.229996,168.839996
168.789993,170.679993,168.580002,169.649994
170.289993,171.919998,168.820007,168.820007
169.589996,170.389999,168.949997,169.580002
169.029999,169.199997,168.240005,168.449997
168.699997,170.080002,168.350006,169.669998
168.800003,169.089996,167.110001,167.779999
168.339996,175.460007,168.160004,175.039993
174.259995,178.360001,174.210007,176.550003
175.360001,176.630005,172.5,172.690002
171.75,173.759995,168.270004,169.380005
169.610001,170.649994,168.0,168.0
168.029999,168.639999,166.550003,167.039993
166.210007,166.399994,164.080002,165.0
165.520004,167.259995,164.770004,165.839996
165.350006,167.050003,164.919998,166.899994
166.539993,169.300003,166.210007,169.020004
169.529999,170.610001,168.149994,169.889999
169.880005,171.339996,169.179993,169.300003
173.369995,176.029999,173.100006,173.5
173.330002,174.990005,170.0,170.330002
169.580002,172.710007,169.110001,169.300003
172.509995,173.419998,170.889999,173.029999
186.649994,187.0,182.660004,183.380005
182.350006,184.199997,180.419998,181.710007
183.449997,184.899994,181.320007,182.399994
182.850006,183.070007,181.449997,182.740005
182.559998,184.660004,182.110001,184.570007
184.899994,185.089996,182.130005,183.050003
185.440002,187.100006,184.619995,186.279999
187.509995,188.300003,186.289993,187.429993
187.910004,190.649994,187.369995,189.720001
190.470001,191.100006,189.660004,189.839996
189.509995,190.809998,189.179993,189.869995
189.330002,191.919998,189.009995,191.039993
191.089996,192.729996,190.919998,192.350006
192.270004,192.820007,190.270004,190.899994
190.979996,191.0,186.630005,186.880005
188.820007,190.580002,188.039993,189.979996
191.509995,193.0,189.100006,189.990005
189.610001,192.25,189.509995,190.289993
190.759995,192.179993,190.630005,191.289993
191.440002,192.570007,189.910004,192.25
192.899994,194.990005,192.520004,194.029999
194.639999,195.320007,193.029999,194.350006
195.399994,196.899994,194.869995,195.869995
195.690002,196.5,194.169998,194.479996
194.649994,196.940002,194.139999,196.889999
196.899994,197.300003,192.149994,193.119995
193.649994,207.160004,193.630005,207.149994
207.369995,220.199997,206.899994,213.070007
214.740005,216.75,211.600006,214.240005
213.850006,215.169998,211.300003,212.490005
213.369995,218.949997,212.720001,216.669998
217.589996,218.630005,213.0,214.289993
213.929993,214.240005,208.850006,209.679993
210.389999,211.889999,207.110001,207.490005
207.720001,212.699997,206.589996,208.139999
209.149994,211.380005,208.610001,209.070007
211.5,214.860001,210.639999,213.25
214.690002,215.740005,212.350006,214.100006
215.770004,216.070007,210.300003,210.619995
212.089996,217.509995,211.919998,216.75
216.149994,220.380005,215.100006,220.270004
220.0,221.550003,219.029999,221.550003
221.649994,226.449997,221.649994,226.339996
227.089996,227.850006,223.25,227.820007
227.929993,229.399994,226.369995,228.679993
229.300003,233.080002,229.25,232.979996
231.389999,232.389999,225.770004,227.570007
228.919998,232.639999,228.679993,230.539993
236.479996,237.229996,233.089996,234.399994
235.0,236.270004,232.330002,234.820007
229.449997,231.460007,226.639999,228.880005
230.279999,230.440002,222.270004,224.179993
224.820007,226.800003,223.279999,224.309998
227.009995,227.779999,223.089996,223.960007
224.369995,226.940002,222.679993,225.009995
224.0,224.800003,217.130005,218.539993
218.929993,220.850006,214.619995,217.490005
218.699997,219.490005,216.009995,217.960007
216.960007,219.300003,215.75,218.240005
219.190002,220.330002,216.119995,218.800003
221.440002,223.820007,220.630005,222.080002
224.369995,224.479996,217.020004,218.360001
219.149994,225.600006,217.710007,219.860001
199.089996,213.5,196.0,209.270004
205.300003,209.990005,201.070007,207.229996
206.899994,213.639999,206.389999,209.820007
213.110001,214.199997,208.830002,213.309998
212.100006,216.779999,211.970001,216.240005
216.070007,219.509995,215.600006,217.529999
219.009995,221.889999,219.009995,221.270004
220.570007,223.029999,219.699997,221.720001
224.600006,225.350006,222.759995,224.720001
223.919998,226.830002,223.649994,226.050003
225.720001,225.990005,223.039993,225.889999
225.770004,227.169998,225.449997,226.509995
226.520004,227.979996,225.050003,226.399994
227.789993,228.339996,223.899994,224.529999
225.660004,228.220001,224.330002,226.839996
226.759995,227.279999,223.889999,227.179993
226.0,228.850006,224.889999,228.029999
227.919998,229.860001,225.679993,226.490005
230.100006,232.919998,228.880005,229.789993
230.190002,230.399994,227.479996,229.0
228.550003,229.0,221.169998,222.770004
221.660004,221.779999,217.479996,220.850006
221.630005,225.479996,221.520004,222.380005
223.949997,225.240005,219.770004,220.820007
220.820007,221.270004,216.710007,220.910004
218.919998,221.479996,216.729996,220.110001
221.460007,223.089996,217.889999,222.660004
222.5,223.550003,219.820007,222.770004
223.580002,224.039993,221.910004,222.5
216.539993,217.220001,213.919998,216.320007
215.75,216.899994,214.5,216.789993
217.550003,222.710007,217.539993,220.690002
224.990005,229.820007,224.630005,228.869995
229.970001,233.089996,227.619995,228.199997
227.339996,229.449997,225.809998,226.470001
228.649994,229.350006,225.729996,227.369995
224.929993,227.289993,224.020004,226.369995
227.300003,228.5,225.410004,227.520004
228.460007,229.520004,227.300003,227.789993
230.039993,233.0,229.649994,233.0
229.520004,229.649994,223.740005,226.210007
225.889999,227.369995,223.020004,226.779999
225.139999,226.809998,223.320007,225.669998
227.899994,228.0,224.130005,226.800003
224.5,225.690002,221.330002,221.690002
224.300003,225.979996,223.25,225.770004
225.229996,229.75,224.830002,229.539993
227.779999,229.5,227.169998,229.039993
229.300003,229.410004,227.339996,227.550003
228.699997,231.729996,228.600006,231.300003
233.610001,237.490005,232.369995,233.850006
231.600006,232.119995,229.839996,231.779999
233.429993,233.850006,230.520004,232.149994
236.179993,236.179993,234.009995,235.0
234.449997,236.850006,234.449997,236.479996
233.889999,236.220001,232.600006,235.860001
234.080002,235.139999,227.759995,230.759995
229.979996,230.820007,228.410004,230.570007
229.740005,233.220001,229.570007,231.410004
233.320007,234.729996,232.550003,233.399994
233.100006,234.330002,232.320007,233.669998
232.610001,233.470001,229.550003,230.100006
229.339996,229.830002,225.369995,225.910004
220.970001,225.350006,220.270004,222.910004
220.990005,222.789993,219.710007,222.009995
221.800003,223.949997,221.139999,223.449997
222.610001,226.070007,221.190002,222.720001
224.630005,227.880005,224.570007,227.479996
227.169998,228.660004,226.410004,226.960007
225.0,225.699997,221.5,224.229996
224.550003,225.589996,223.360001,224.229996
224.009995,226.649994,222.759995,225.119995
225.020004,228.869995,225.0,228.220001
226.399994,226.919998,224.270004,225.0
225.25,229.740005,225.169998,228.020004
226.979996,230.160004,226.660004,228.279999
228.059998,229.929993,225.889999,229.0
228.880005,230.160004,225.710007,228.520004
228.059998,230.720001,228.059998,229.869995
231.460007,233.25,229.740005,232.869995
233.330002,235.570007,233.330002,235.059998
234.470001,235.690002,233.809998,234.929993
234.809998,237.809998,233.970001,237.330002
237.270004,240.789993,237.160004,239.589996
239.809998,242.759995,238.899994,242.649994
242.869995,244.110001,241.25,243.009995
243.990005,244.539993,242.130005,243.039993
242.910004,244.630005,242.080002,242.839996
241.830002,247.240005,241.75,246.75
246.889999,248.210007,245.339996,247.770004
247.960007,250.800003,246.259995,246.490005
246.889999,248.740005,245.679993,247.960007
247.820007,249.289993,246.240005,248.130005
247.990005,251.380005,247.649994,251.039993
250.080002,253.830002,249.779999,253.479996
252.160004,254.279999,247.740005,248.050003
247.5,252.0,247.089996,249.789993
248.039993,255.0,245.690002,254.490005
254.770004,255.649994,253.449997,255.270004
255.490005,258.209991,255.289993,258.200012
258.190002,260.100006,257.630005,259.019989
257.829987,258.700012,253.059998,255.589996
252.229996,253.5,250.75,252.199997
252.440002,253.279999,249.429993,250.419998
248.929993,249.100006,241.820007,243.850006
243.360001,244.179993,241.889999,243.360001
244.309998,247.330002,243.199997,245.0
242.979996,245.550003,241.350006,242.210007
241.919998,243.710007,240.050003,242.699997
240.009995,240.160004,233.0,236.850006
233.529999,234.669998,229.720001,234.399994
234.75,236.119995,232.470001,233.279999
234.639999,238.960007,234.429993,237.869995
237.350006,238.009995,228.029999,228.259995
232.119995,232.289993,228.479996,229.979996
224.0,224.419998,219.380005,222.639999
219.789993,224.119995,219.789993,223.830002
224.740005,227.029999,222.300003,223.660004
224.779999,225.630005,221.410004,222.779999
224.020004,232.149994,223.979996,229.860001
230.850006,240.190002,230.809998,238.259995
234.119995,239.860001,234.009995,239.360001
238.669998,240.789993,237.210007,237.589996
247.190002,247.190002,233.440002,236.0
229.990005,231.830002,225.699997,228.009995
227.25,233.130005,226.649994,232.800003
228.529999,232.669998,228.270004,232.470001
231.289993,233.800003,230.429993,233.220001
232.600006,234.0,227.259995,227.630005
229.570007,230.589996,227.199997,227.649994
228.199997,235.229996,228.130005,232.619995
231.199997,236.960007,230.679993,236.869995
236.910004,242.339996,235.570007,241.529999
241.25,245.550003,240.990005,244.600006
244.149994,245.179993,241.839996,244.470001
244.660004,246.009995,243.160004,244.869995
244.940002,246.779999,244.289993,245.830002
245.949997,248.690002,245.220001,245.550003
244.929993,248.860001,244.419998,247.100006
248.0,250.0,244.910004,247.039993
244.330002,244.979996,239.130005,240.360001
239.410004,242.460007,237.059998,237.300003
236.949997,242.089996,230.199997,241.839996
241.789993,244.029999,236.110001,238.029999
237.710007,240.070007,234.679993,235.929993
235.419998,236.550003,229.229996,235.740005
234.440002,237.860001,233.160004,235.330002
235.110001,241.369995,234.759995,239.070007
235.539993,236.160004,224.220001,227.479996
223.809998,225.839996,217.449997,220.839996
220.139999,221.75,214.910004,216.979996
215.949997,216.839996,208.419998,209.679993
211.25,213.949997,209.580002,213.490005
213.309998,215.220001,209.970001,214.0
214.160004,215.149994,211.490005,212.690002
214.220001,218.759995,213.75,215.240005
213.990005,217.490005,212.220001,214.100006
211.559998,218.839996,211.279999,218.270004
221.0,221.479996,218.580002,220.729996
220.770004,224.100006,220.080002,223.75
223.509995,225.020004,220.470001,221.529999
221.389999,224.990005,220.559998,223.850006
221.669998,223.809998,217.679993,217.899994
217.009995,225.619995,216.229996,222.130005
219.809998,223.679993,218.899994,223.190002
221.320007,225.190002,221.020004,223.889999
205.539993,207.490005,201.25,203.190002
193.889999,199.880005,187.339996,188.380005
177.199997,194.149994,174.619995,181.460007
186.699997,190.339996,169.210007,172.419998
171.949997,200.610001,171.889999,198.850006
189.070007,194.779999,183.0,190.419998
186.100006,199.539993,186.059998,198.149994
211.440002,212.940002,201.160004,202.520004
201.860001,203.509995,199.800003,202.139999
198.360001,200.699997,192.369995,194.270004
197.199997,198.830002,194.419998,196.979996
193.270004,193.800003,189.809998,193.160004
196.119995,201.589996,195.970001,199.740005
206.0,208.0,202.800003,204.600006
204.889999,208.830002,202.940002,208.369995
206.369995,209.75,206.199997,209.279999
210.0,211.5,207.460007,210.139999
208.690002,212.240005,208.369995,211.210007
209.300003,213.580002,206.669998,212.5
209.080002,214.559998,208.899994,213.320007
206.089996,206.990005,202.160004,205.350006
203.100006,204.100006,198.210007,198.889999
198.210007,200.649994,197.020004,198.509995
199.169998,199.440002,193.25,196.25
197.720001,200.050003,194.679993,197.490005
199.0,200.539993,197.539993,198.529999
210.970001,211.270004,206.75,210.789993
210.429993,213.399994,209.0,212.929993
212.429993,213.940002,210.580002,212.330002
210.949997,212.960007,209.539993,211.449997
212.360001,212.570007,209.770004,211.259995
207.910004,209.479996,204.259995,208.779999
207.669998,208.470001,205.029999,206.860001
205.169998,207.039993,200.710007,202.089996
200.710007,202.75,199.699997,201.360001
193.669998,197.699997,193.460007,195.270004
198.300003,200.740005,197.429993,200.210007
200.589996,202.729996,199.899994,200.419998
203.580002,203.809998,198.509995,199.949997
199.369995,201.960007,196.779999,200.850006
200.279999,202.130005,200.119995,201.699997
201.350006,203.770004,200.960007,203.270004
202.910004,206.240005,202.100006,202.820007
203.5,204.75,200.149994,200.630005
203.0,205.699997,202.050003,203.919998
204.389999,206.0,200.020004,201.449997
200.600006,204.350006,200.570007,202.669998
203.5,204.5,198.410004,198.779999
199.080002,199.679993,197.360001,199.199997
199.729996,200.369995,195.699997,196.449997
197.300003,198.690002,196.559998,198.419998
197.199997,198.389999,195.210007,195.639999
195.940002,197.570007,195.070007,196.580002
198.240005,201.699997,196.860001,201.0
201.630005,202.300003,198.960007,201.5
202.589996,203.440002,200.199997,200.300003
201.449997,203.669998,200.619995,201.559998
201.429993,202.639999,199.460007,201.0
201.889999,203.220001,200.0,201.080002
202.009995,207.389999,199.259995,205.169998
206.669998,210.190002,206.139999,207.820007
208.910004,213.339996,208.139999,212.440002
212.149994,214.649994,211.809998,213.550003
212.679993,216.229996,208.800003,209.949997
210.100006,211.429993,208.449997,210.009995
209.529999,211.330002,207.220001,211.139999
210.509995,213.479996,210.029999,212.410004
210.570007,212.130005,209.860001,211.160004
209.929993,210.910004,207.539993,208.619995
209.220001,211.889999,208.919998,209.110001
210.300003,212.399994,208.639999,210.160004
210.570007,211.800003,209.589996,210.020004
210.869995,211.789993,209.699997,211.179993
212.100006,215.779999,211.630005,212.479996
213.139999,214.949997,212.229996,214.399994
215.0,215.149994,212.410004,214.149994
213.899994,215.690002,213.529999,213.759995
214.699997,215.240005,213.399994,213.880005
214.029999,214.850006,213.059998,214.050003
214.179993,214.809998,210.820007,211.270004
211.899994,212.389999,207.720001,209.050003
208.490005,209.839996,207.160004,207.570007
210.869995,213.580002,201.5,202.380005
204.509995,207.880005,201.679993,203.350006
203.399994,205.339996,202.160004,202.919998
205.630005,215.380005,205.589996,213.25
218.880005,220.850006,216.580002,220.029999
220.830002,231.0,219.25,229.350006
227.919998,229.559998,224.759995,227.179993
228.009995,230.800003,227.070007,229.649994
231.070007,235.0,230.429993,233.330002
234.059998,235.119995,230.850006,232.779999
234.0,234.279999,229.339996,231.589996
231.699997,233.119995,230.110001,230.889999
231.279999,232.869995,229.350006,230.559998
229.979996,230.470001,225.770004,226.009995
226.270004,226.520004,223.779999,224.899994
226.169998,229.089996,225.410004,227.759995
226.479996,229.300003,226.229996,227.160004
226.869995,229.490005,224.690002,229.309998
228.610001,230.899994,228.259995,230.490005
230.820007,233.410004,229.339996,232.559998
232.509995,233.380005,231.369995,232.139999
229.25,230.850006,226.970001,229.720001
237.210007,238.850006,234.360001,238.470001
238.449997,239.899994,236.740005,239.779999
240.0,241.320007,238.490005,239.690002
239.300003,240.149994,236.339996,237.880005
237.0,238.779999,233.360001,234.350006
232.190002,232.419998,225.949997,226.789993
226.880005,230.449997,226.649994,230.029999
229.220001,234.509995,229.020004,234.070007
237.0,238.190002,235.029999,236.699997
237.179993,241.220001,236.320007,238.149994
238.970001,240.100006,237.729996,238.990005
239.970001,241.199997,236.649994,237.880005
241.229996,246.300003,240.210007,245.5
248.300003,256.640015,248.119995,256.079987
255.880005,257.339996,253.580002,254.429993
255.220001,255.740005,251.039993,252.309998
253.210007,257.170013,251.710007,256.869995
254.100006,257.600006,253.779999,255.460007
254.559998,255.0,253.009995,254.429993
254.860001,255.919998,253.110001,254.630005
255.039993,258.790009,254.929993,255.449997
256.579987,258.179993,254.149994,257.130005
254.669998,259.23999,253.949997,258.019989
257.98999,259.070007,255.050003,256.690002
256.809998,257.399994,255.429993,256.480011
256.519989,258.519989,256.109985,258.059998
257.809998,258.0,253.139999,254.039993
254.940002,256.380005,244.0,245.270004
249.380005,249.690002,245.559998,247.660004
246.600006,248.850006,244.699997,247.770004
249.490005,251.820007,247.470001,249.339996
248.25,249.039993,245.130005,247.449997
248.020004,253.380005,247.270004,252.289993
255.889999,264.380005,255.630005,262.23999
261.880005,265.290009,261.829987,262.769989
262.649994,262.850006,255.429993,258.450012
259.940002,260.619995,258.01001,259.579987
261.190002,264.130005,259.179993,262.820007
264.880005,269.119995,264.649994,268.809998
268.98999,269.890015,268.149994,269.0
269.279999,271.410004,267.109985,269.700012
271.98999,274.140015,268.480011,271.399994
276.98999,277.320007,269.160004,270.369995
270.420013,270.850006,266.25,269.049988
268.329987,271.48999,267.619995,270.040009
268.609985,271.700012,266.929993,270.140015
267.890015,273.399994,267.890015,269.769989
269.799988,272.290009,266.769989,268.470001
268.959991,273.730011,267.459991,269.429993
269.809998,275.910004,269.799988,275.25
275.0,275.730011,271.700012,273.470001
274.109985,276.700012,272.089996,272.950012
271.049988,275.959991,269.600006,272.410004
268.820007,270.48999,265.730011,267.459991
269.98999,270.709991,265.320007,267.440002
265.529999,272.209991,265.5,268.559998
270.829987,275.429993,265.920013,266.25
265.950012,273.329987,265.670013,271.48999
270.899994,277.0,270.899994,275.920013
275.269989,280.380005,275.25,276.970001
276.959991,279.529999,276.630005,277.549988
277.26001,279.0,275.98999,278.850006
278.01001,283.420013,276.140015,283.100006
283.0,287.399994,282.630005,286.190002
286.200012,288.619995,283.299988,284.149994
284.100006,284.730011,278.589996,280.700012
280.540009,281.140015,278.049988,278.779999
278.130005,279.670013,276.149994,277.890015
278.160004,280.029999,276.920013,277.179993
277.75,279.75,276.440002,278.779999
279.100006,279.589996,273.809998,278.029999
277.899994,279.220001,276.820007,278.279999
280.149994,280.149994,272.839996,274.109985
272.820007,275.5,271.790009,274.609985
275.01001,276.160004,271.640015,271.839996
273.609985,273.630005,266.950012,272.190002
272.149994,274.600006,269.899994,273.670013
272.859985,273.880005,270.51001,270.970001
270.839996,272.5,269.559998,272.359985
272.339996,275.429993,272.200012,273.809998
274.160004,275.369995,272.859985,273.399994
272.690002,274.359985,272.350006,273.76001
272.809998,274.079987,272.279999,273.079987
273.059998,273.679993,271.75,271.859985
272.26001,277.839996,269.0,271.01001
270.640015,271.51001,266.140015,267.26001
267.0,267.549988,262.119995,262.359985
263.200012,263.679993,259.809998,260.329987
257.019989,259.290009,255.699997,259.040009
259.079987,260.209991,256.220001,259.369995
259.160004,261.299988,256.799988,260.25
258.720001,261.809998,258.390015,261.049988
259.48999,261.820007,256.709991,259.959991
260.649994,261.040009,257.049988,258.209991
257.899994,258.899994,254.929993,255.529999
252.729996,254.789993,243.419998,246.699997
248.699997,251.559998,245.179993,247.649994
249.199997,251.0,248.149994,248.350006
247.320007,249.410004,244.679993,248.039993
251.479996,256.559998,249.800003,255.410004
259.170013,261.950012,258.209991,258.269989
257.649994,258.859985,254.509995,256.440002
258.0,259.649994,254.410004,258.279999
255.169998,261.899994,252.179993,259.480011
260.029999,270.48999,259.209991,270.01001
269.200012,271.880005,267.609985,269.480011
272.290009,278.950012,272.290009,276.48999
278.130005,279.5,273.230011,275.910004
277.119995,280.910004,276.929993,278.119995
277.910004,278.200012,271.700012,274.619995
274.890015,275.369995,272.940002,273.679993
274.700012,280.179993,274.450012,275.5
275.589996,275.720001,260.179993,261.730011
262.01001,262.230011,255.449997,255.779999
258.049988,266.290009,255.539993,263.880005
263.600006,266.820007,262.450012,264.350006
262.600006,264.480011,260.049988,260.579987
258.970001,264.75,258.160004,264.579987
263.48999,269.429993,263.380005,266.179993
267.859985,274.890015,267.709991,272.140015
271.779999,274.940002,271.049988,274.230011
274.950012,276.109985,270.799988,272.950012
272.809998,272.809998,262.890015,264.179993
262.410004,266.529999,260.200012,264.720001
263.480011,265.559998,260.130005,263.75
264.649994,266.149994,261.420013,262.519989
260.790009,261.559998,257.25,260.290009
258.630005,258.769989,254.369995,257.459991
255.690002,261.149994,253.679993,259.880005
257.649994,262.480011,256.950012,260.829987
261.089996,262.130005,259.549988,260.809998
258.660004,258.950012,254.179993,255.759995
255.479996,256.329987,249.520004,250.119995
252.110001,253.889999,249.880005,252.820007
252.960007,255.130005,252.179993,254.229996
252.630005,254.940002,249.0,249.940002
249.399994,251.830002,247.300003,248.960007
247.979996,249.199997,246.0,247.990005
253.970001,254.600006,250.279999,251.490005
250.350006,254.830002,249.550003,251.639999
254.100006,255.0,251.600006,252.619995
252.119995,257.0,250.770004,252.889999
253.899994,255.490005,248.070007,248.800003
250.070007,250.869995,245.509995,246.630005
247.910004,255.479996,247.100006,253.789993
254.080002,256.179993,253.330002,255.630005
254.199997,256.130005,250.649994,255.919998
256.51001,262.160004,256.459991,258.859985
256.160004,256.200012,245.699997,253.5
258.450012,259.75,256.529999,258.899994
259.0,261.119995,256.070007,260.48999
259.980011,262.190002,259.019989,260.480011
259.730011,260.179993,256.660004,259.200012
259.25,261.929993,257.190002,258.829987
258.160004,266.559998,257.809998,266.429993
266.799988,267.160004,261.269989,263.399994
266.959991,272.299988,266.720001,270.230011
270.329987,274.279999,270.290009,273.049988
271.5,272.799988,265.399994,266.170013
267.820007,273.73999,266.869995,273.170013
275.049988,275.769989,271.649994,273.429993
272.76001,273.059998,269.649994,271.059998
266.089996,268.359985,265.070007,267.609985
272.339996,273.230011,268.660004,270.709991
267.549988,271.040009,267.040009,270.170013
270.5,276.0,268.140015,271.350006
278.859985,287.220001,278.369995,280.140015
279.660004,280.630005,274.859985,276.829987
276.929993,284.570007,276.5,284.179993
281.920013,288.029999,281.070007,287.51001
289.269989,292.130005,285.779999,287.440002
290.01001,294.76001,290.0,293.320007
291.980011,293.880005,290.230011,292.679993
292.559998,295.269989,292.559998,294.799988
293.5,300.920013,293.5,298.869995
299.820007,300.450012,295.380005,298.209991
297.899994,303.200012,296.519989,300.230011
300.23999,300.660004,294.910004,297.839996
296.970001,300.51001,296.350006,298.970001
298.179993,302.799988,298.079987,302.25
301.059998,305.540009,300.399994,304.98999
306.119995,311.399994,305.839996,308.820007
309.559998,311.820007,307.670013,308.329987
308.329987,313.26001,308.299988,310.850006
310.679993,312.799988,309.570007,312.51001
311.779999,315.0,309.529999,312.059998
309.630005,310.940002,305.019989,306.309998
307.459991,315.450012,306.690002,315.200012
314.179993,316.940002,308.850006,310.26001
313.230011,313.540009,309.649994,311.230011
