open,high,low,close
36.325001,36.575001,36.221001,36.336498
36.494499,36.5,36.0275,36.187
36.32,36.471001,36.080002,36.332001
36.154999,36.445499,36.115002,36.3825
36.1175,36.249001,35.710499,35.8955
35.7005,36.099499,35.557999,35.762001
35.616501,36.040501,35.613499,35.965
36.099998,36.127998,35.6675,35.713001
35.602501,35.900002,35.264999,35.8755
35.9095,35.91,34.959,35.3195
35.674999,36.065498,35.540501,35.7005
35.785999,35.919998,35.636002,35.791
35.828999,35.849998,35.378502,35.529999
35.775002,36.105999,35.625,36.104
34.650002,35.626499,34.610001,34.948002
34.600498,34.841,34.105999,34.568001
35.0,35.400002,34.908501,35.397499
35.787498,35.974998,35.676998,35.779999
35.860001,35.968498,35.626999,35.780998
35.866001,36.400002,35.827,36.284
36.139999,36.478001,35.980499,36.404999
36.2855,36.8885,36.129002,36.880501
36.966499,36.977501,36.581501,36.828499
37.007,37.305,36.900002,37.290501
37.5,37.794998,37.349998,37.688999
37.842999,37.867001,37.016499,37.4105
37.338001,37.843498,37.0625,37.1315
37.443001,37.452,36.951,37.060001
37.327499,37.327499,36.702499,36.771999
36.774502,37.080002,36.436001,36.803501
36.625,37.1665,36.615501,36.997501
37.200001,37.3125,37.035,37.285999
37.375,37.467999,37.1395,37.2215
37.3895,37.563999,37.176498,37.243
37.327499,37.424999,36.767502,36.980499
37.135502,37.156502,36.637501,36.779499
36.898499,37.047001,36.693001,36.8335
37.299,37.667999,36.985001,37.630501
38.25,38.299999,37.75,37.940498
37.9935,38.525002,37.853001,38.387001
38.190498,38.2505,37.851002,38.028999
37.853001,37.9445,37.612499,37.731998
37.685001,38.25,37.517502,38.038502
38.240501,38.4235,38.154499,38.299
38.3405,38.349998,38.050999,38.327999
38.369499,38.630001,38.345001,38.415501
38.490002,38.605,38.309502,38.428001
38.497002,38.6875,38.456001,38.562
38.423,38.657501,38.421001,38.627998
38.595001,38.602001,38.385502,38.4245
38.431,38.436501,38.191002,38.202
38.220501,38.261002,37.959999,38.231499
38.200001,38.258499,38.029999,38.223
38.095001,38.1245,37.844501,37.865501
37.875,37.9925,37.605,37.973999
38.165501,38.235001,38.049999,38.122501
38.150002,38.170502,37.768002,37.862499
37.799999,38.028,37.737,37.960999
38.002499,38.5,37.990002,38.450001
38.436001,38.749001,38.43,38.564499
38.552502,38.591999,38.278,38.379002
38.330002,38.481998,38.200001,38.458
38.544998,38.602001,38.337502,38.530998
38.705502,38.799999,38.584999,38.622002
38.702,39.473999,38.511002,39.443501
39.476501,39.539501,39.216499,39.223999
39.1945,39.325001,39.071999,39.202999
38.967999,39.049999,38.005501,38.007
37.8675,38.632999,37.799999,38.574501
38.438499,38.494499,37.952499,38.050499
38.110001,38.375,37.942501,38.054501
38.099998,38.543499,37.879002,38.484501
38.664001,39.022999,38.583,38.925999
38.998501,39.097,38.549999,38.755001
38.799999,39.068501,38.799999,39.011002
39.162498,39.5345,38.9505,39.487
39.713501,40.294498,39.713501,40.235001
40.156502,40.387501,40.105999,40.287498
40.09,40.296501,39.857498,39.958
40.092499,40.832001,40.0555,40.8055
40.900002,41.507,40.851501,41.436001
41.412998,41.875,41.231499,41.452499
41.630501,41.997501,41.619999,41.865501
41.799999,41.993,41.5625,41.837002
42.045502,42.1185,41.513,41.7015
41.900002,42.283501,41.806,42.217999
42.185001,42.3605,42.029999,42.083
42.289501,42.297501,41.872501,41.9715
42.162498,42.259998,42.0135,42.085499
42.050999,42.064499,41.4175,41.549999
41.700001,41.883499,41.505001,41.704498
41.450001,41.59,41.060501,41.464001
41.754002,41.786999,41.147999,41.147999
41.075001,41.099998,40.584,40.647499
41.105499,41.162998,40.750999,40.8825
41.02,41.033501,40.758499,40.884499
40.699501,40.7855,40.154999,40.515999
40.467999,40.971001,40.450001,40.949501
41.247501,41.915001,41.1105,41.904499
41.965,42.154499,41.660999,41.758999
41.638,41.672001,41.0,41.129501
41.562,41.585999,40.7715,40.917999
39.099998,39.474499,38.730499,38.816002
39.051498,39.685001,39.005501,39.491001
39.950001,40.042,38.835499,39.2705
39.196499,39.237499,38.177502,38.278
38.252499,38.849998,38.200001,38.351501
38.1395,38.299999,37.661499,37.752499
38.582001,39.386501,38.547001,39.246498
39.248501,39.587002,38.955002,39.387501
38.200001,38.875,38.004501,38.594002
38.940498,38.941502,35.884998,37.118999
36.786499,37.162998,36.445,36.9505
37.275501,37.299999,35.505001,35.953499
36.5,37.339001,36.2995,37.161999
36.993999,37.4935,36.780499,37.324501
37.466,37.875,37.400002,37.82
38.049999,38.387001,37.882,38.007999
38.299999,39.017502,38.255501,39.0
39.408501,39.619999,39.049999,39.266499
39.086498,39.087502,38.655998,39.006001
39.325001,39.337502,38.895,39.018501
38.849499,38.849998,38.212002,38.338501
38.400002,38.494499,38.066002,38.125999
38.099998,38.404499,37.512501,37.5285
37.620499,37.668499,36.901501,37.182499
37.169998,37.4245,36.834999,37.016998
37.25,38.074501,37.099998,37.967999
38.199501,38.411999,37.862499,38.236
38.227501,38.521,37.791,38.521
38.593498,38.689499,38.259499,38.366501
38.5,38.512501,38.266998,38.432999
38.32,38.344501,37.860001,38.006001
38.248001,39.123001,38.099998,38.716999
38.912498,39.042999,38.140499,38.441002
38.313999,38.455002,38.015499,38.049999
38.25,38.2565,37.700001,37.8885
37.9445,38.525002,37.807999,38.299999
38.432499,38.719501,38.385502,38.561001
38.5,38.561001,38.285,38.529999
38.405998,38.560501,38.151001,38.317001
38.227501,38.325001,37.899502,38.029499
38.169998,38.732498,38.060001,38.57
38.8125,39.0,38.525002,38.606499
38.619999,38.669998,38.0425,38.2575
38.323502,38.369999,37.414001,37.4935
37.896,37.938,37.384998,37.683498
37.919498,37.984001,37.709999,37.859001
38.077499,39.119999,38.013,39.022499
39.118,39.972,38.924,39.7995
39.900002,40.088501,39.588501,39.846001
39.830002,39.900002,39.477001,39.794998
39.682999,39.974998,39.475498,39.951
40.015499,40.706501,39.974998,40.681999
40.716,41.0825,40.57,40.856998
40.785,40.799999,40.172001,40.486
40.474998,40.586498,40.213501,40.374001
40.5,40.675499,40.366001,40.452
40.764,40.800999,40.313,40.4165
40.34,40.924999,40.254002,40.894001
41.099998,41.199501,40.724998,41.122002
41.289501,41.870998,41.2645,41.826
41.776501,42.192001,41.650002,41.9575
41.950001,41.985001,41.472,41.788502
41.650002,41.674999,40.819,41.519001
41.1875,41.349499,40.978001,41.174
41.460499,41.688999,41.247002,41.6175
41.829498,42.1245,41.412998,41.997501
40.335999,40.915001,40.200001,40.509998
40.490002,40.535999,40.150002,40.382
40.4655,40.807999,40.375,40.625
40.634499,41.074001,40.625,40.9855
41.080002,41.25,40.9855,41.068001
41.191002,41.400002,41.142502,41.373001
41.581001,42.150002,41.427502,41.8265
41.849998,41.915501,41.572498,41.8195
41.700001,42.140499,41.640999,42.134998
42.091999,42.25,41.969002,42.207001
42.099998,42.363499,42.036499,42.253502
42.442001,42.898998,42.362499,42.821999
42.8475,42.921501,42.609001,42.780499
42.878502,43.042999,42.400002,42.609501
42.234501,42.290501,41.887501,42.262001
42.118999,42.625,41.983501,42.431999
42.572498,42.704498,42.102501,42.251999
42.6525,42.741501,42.4505,42.653999
42.653999,42.741001,42.363998,42.445499
42.360001,42.599499,42.313499,42.493999
42.261501,42.4245,42.056,42.330502
42.273998,42.423,42.1875,42.300999
42.400002,42.6535,42.3395,42.525002
42.549999,42.82,42.515499,42.650002
42.849998,42.8675,42.585999,42.623001
42.588501,42.7845,42.585499,42.7295
42.677502,42.6875,42.377499,42.626499
42.716499,42.7225,42.355499,42.648499
42.764999,42.775002,42.525501,42.671001
42.6745,42.691502,42.532001,42.615501
42.5755,42.889999,42.550499,42.848499
42.942001,43.139999,42.065498,42.16
42.0215,42.468498,41.952499,42.403
42.41,42.544498,42.240002,42.368999
42.584,42.59,42.176498,42.280499
41.9035,42.514999,41.674999,42.341
42.587502,42.923,42.505001,42.799999
42.952499,43.821999,42.951,43.716
43.747501,43.853001,43.583,43.817001
43.849998,44.517502,43.8325,44.327
44.400002,44.6745,44.271,44.5755
44.575001,45.426998,44.514,45.341499
45.541,46.186001,45.280998,45.464001
45.689999,45.859501,44.724499,44.914001
44.982498,45.004501,44.4655,44.743999
44.981499,45.425499,44.950001,45.352001
45.352001,45.562,44.875,45.118
45.154499,45.204498,44.762501,44.811501
44.572498,44.748501,44.224499,44.233501
44.375,45.118999,44.375,45.099499
45.0495,45.480499,45.039001,45.188999
45.391998,45.525002,44.8685,44.959999
44.985001,45.265999,44.814499,45.103001
45.133499,45.182499,44.838501,44.926498
45.433998,45.4995,45.191002,45.370499
45.352001,45.473999,45.150002,45.381001
45.514999,45.787498,45.377998,45.4645
45.719501,46.092999,45.605499,45.918999
47.441502,47.4795,46.216499,46.2495
46.389999,47.720001,46.389999,47.411499
47.3325,47.505001,47.070499,47.347
47.299999,47.299999,46.794998,47.051498
47.237499,47.25,46.710999,46.876499
47.026001,47.039501,46.514999,46.7075
47.047501,47.452499,46.960499,47.452
47.639999,47.894501,47.509998,47.640999
47.674999,47.6875,47.25,47.447498
47.255501,47.5145,47.039001,47.381001
47.724998,48.1395,47.5765,48.067501
47.936501,48.157501,47.803001,47.898499
48.049999,48.502998,48.045502,48.303501
47.735001,48.02,47.206001,47.237999
47.240002,48.137501,47.237999,47.9245
48.141998,48.445999,47.986,47.992001
48.200001,48.569,48.145,48.533501
48.750999,48.759998,48.342499,48.577
48.799999,49.049999,48.511501,49.017502
49.2425,49.950001,49.105499,49.668999
49.75,49.932499,49.462502,49.789001
49.8255,50.060001,49.776001,49.834999
50.0,50.006001,49.108002,49.730999
49.929501,49.949501,49.568501,49.797501
49.949501,50.424,49.783501,50.336498
50.3615,50.6605,50.175499,50.567001
50.599998,50.825001,50.0625,50.150002
50.297501,50.512501,50.099998,50.503502
50.603001,50.6805,50.3055,50.5135
50.625,50.649502,46.349998,48.915501
48.349998,48.797501,47.25,48.245499
48.899502,49.224998,48.305,49.039501
49.429501,49.516998,48.335499,48.823502
47.935001,48.286499,47.542999,48.2085
49.799999,49.987499,49.099998,49.385502
50.849998,50.849998,49.494999,49.758499
49.900002,50.243999,49.601002,49.629501
49.935001,50.136002,49.6325,50.1115
50.1115,50.348,49.860001,50.064999
50.126999,50.230999,49.901001,50.187
50.424999,50.490002,49.599998,49.699001
49.5345,49.939999,48.799999,48.839001
48.927502,49.534,48.460499,49.516499
48.950001,49.377998,48.262501,48.796501
49.006001,49.1735,48.380501,48.400002
48.6395,48.724499,47.549999,47.682999
48.0765,48.75,47.762501,48.57
48.233002,48.720001,47.951,48.257
48.477501,49.005501,48.457001,48.938
49.25,49.972,49.174999,49.823502
49.650002,49.7995,49.186001,49.706501
50.032501,50.427502,49.904999,50.3255
50.230999,50.344002,49.794998,50.031502
50.119999,50.2225,49.844501,50.0905
50.234501,50.737499,50.190498,50.501999
50.299999,51.301498,50.200001,51.2225
51.25,51.579498,51.125,51.343498
51.579498,51.748501,51.125999,51.435001
51.063999,51.305,50.549999,51.283501
51.417,52.150501,51.371498,51.947498
51.9025,52.1665,51.624001,51.9935
52.16,52.66,52.16,52.639999
53.477501,54.165501,52.008999,52.299999
50.606998,51.642502,50.049999,51.001999
50.952499,50.952499,49.351002,49.389
49.8055,50.32,49.578999,49.809502
50.088501,50.1605,49.086498,49.794498
49.973499,49.974998,49.2295,49.346001
49.484001,49.5835,49.099998,49.379002
49.532501,49.75,49.356998,49.613499
49.717499,49.813999,49.289501,49.492001
49.130001,49.400002,48.7635,49.100498
48.814999,48.993,47.734001,47.846001
48.0,48.519501,47.569,48.399502
48.920502,49.275002,48.809502,49.165001
49.445,49.587002,49.099998,49.137001
49.0825,49.323002,48.660999,48.909
48.891998,48.891998,48.015999,48.0285
48.07,48.2715,47.732498,47.9235
47.878502,48.060001,47.272999,47.664501
47.776001,48.3965,47.775002,48.345001
47.969002,48.099998,47.709999,47.900002
47.870998,47.950001,47.056999,47.622501
47.799999,47.881001,47.205002,47.263
47.327,47.650002,47.112499,47.300999
47.0,47.799999,46.816502,47.702999
47.922001,48.470501,47.845501,48.379501
48.735001,49.049999,48.638,49.029999
49.209999,49.224998,48.844002,48.912498
48.77,48.838501,48.018501,48.2635
48.416,48.591999,48.029999,48.389999
48.700001,49.029499,48.627499,48.973499
48.955002,48.993999,48.1735,48.294998
48.723,49.097,48.710999,48.897999
49.163502,49.233501,48.776001,49.129002
49.198502,50.0,48.971001,49.98
49.84,49.928001,49.387001,49.6105
49.650501,49.8125,49.2015,49.3395
49.52,49.6395,48.408501,48.709499
48.862499,48.911999,48.373001,48.493
48.5895,48.740501,48.108002,48.6605
48.565498,48.584999,48.101002,48.232498
48.050499,48.280499,47.721001,47.755001
47.4655,47.471001,46.644501,46.989498
47.274502,47.431499,46.587502,46.93
47.400002,47.764999,47.165001,47.543499
47.592999,47.985001,47.505001,47.82
48.005501,48.241501,47.918999,48.067501
48.200001,48.365501,47.605999,47.959499
47.900002,48.184502,47.518501,47.855
47.710499,48.3895,47.702499,48.272499
48.5,49.0755,48.481998,49.0425
48.782001,49.787498,48.782001,49.479
49.661999,49.924999,49.375,49.5495
49.8335,49.897499,49.005001,49.360001
49.563499,49.775002,49.334999,49.75
49.8405,50.422001,49.619999,50.046501
50.349998,50.3885,50.051498,50.146999
50.422001,50.4785,50.051998,50.317001
50.279499,50.573502,50.219002,50.456501
50.463501,51.115501,49.827499,49.849998
49.5,49.552502,49.012001,49.330502
49.676498,49.730999,49.099998,49.1455
49.336498,49.339001,48.125,48.314999
48.450001,48.9925,48.25,48.794998
48.900002,49.222,48.312,48.6455
49.016499,49.145,48.427502,48.621498
52.907001,55.278999,52.5275,55.047501
54.7505,56.1395,54.678001,55.5425
55.450001,55.527,55.056,55.264
55.27,55.448502,54.837002,55.183998
54.890499,55.097,54.343498,54.710999
54.557499,55.633999,54.425999,55.580002
55.4575,56.2705,55.438499,56.033001
56.237,56.529999,55.875,56.158501
56.140999,56.777,55.955502,56.644001
56.298,56.480999,55.788502,56.456501
56.305,56.587502,56.202999,56.267502
56.150002,56.994999,56.117001,56.4585
56.505501,56.900002,56.1945,56.841999
56.350498,56.587502,56.081501,56.334499
56.507999,56.908001,56.502499,56.864498
56.914001,56.939999,56.290501,56.493999
56.488499,56.671001,56.127499,56.315498
56.643002,57.0,56.41,56.974499
57.049999,58.0135,57.049999,57.807999
58.035,59.341999,58.035,59.299999
60.132999,60.670502,59.557499,59.7915
60.243999,60.266998,59.425999,59.68
59.740002,59.740002,57.259499,58.063499
58.355,58.928501,58.0,58.837502
58.602501,58.982498,57.599998,58.1175
58.692501,58.759998,56.400002,56.697498
56.412998,57.963501,56.237,57.078499
56.899502,57.794498,56.804001,57.6175
57.829498,58.1595,57.549999,57.989498
58.52,58.6395,57.855,58.099998
58.23,58.494999,57.849998,58.445999
58.3255,58.68,58.080502,58.254002
58.5,58.543499,58.0135,58.206501
58.185501,58.8965,58.122501,58.713001
58.9515,59.137501,58.466499,58.957001
59.3685,59.738998,59.045502,59.528999
59.4575,59.648499,58.957001,59.368999
59.525002,59.549999,58.799999,58.881001
58.794998,58.9585,58.382,58.737999
58.604,58.730999,58.391499,58.417999
58.417999,58.916,58.0275,58.838001
58.995499,59.364498,58.780499,59.112999
59.450001,59.505001,59.219002,59.305
59.1175,59.200001,58.375,58.473499
58.599998,59.5,58.525501,59.4505
59.415001,60.274502,59.415001,60.209999
60.25,60.793499,60.233002,60.4795
60.8755,61.457001,60.5,61.457001
61.799999,62.653999,61.601501,62.343498
62.845001,62.966499,62.088001,62.634998
62.2575,62.716499,61.8615,62.716499
62.987,63.838501,62.823002,63.834
63.669498,65.288002,63.669498,65.260002
66.150002,66.997002,64.614998,65.242996
65.612,65.699997,64.043999,64.75
64.697502,65.230003,64.200996,64.666
65.599998,65.650002,64.649498,64.728996
64.858498,66.372498,64.833,66.365501
66.904503,68.245003,66.866997,68.126999
68.740997,69.407997,66.900002,67.875504
68.400002,68.917,67.880997,68.897499
69.600502,70.126503,69.045502,70.102501
70.459,71.569504,70.022003,70.884003
70.158501,71.962502,69.599998,71.890999
72.565002,73.628998,72.501999,72.544502
72.25,72.994003,69.257004,69.5
73.869499,74.900002,70.699997,71.497498
70.130997,72.948997,66.036003,69.5
68.072998,72.199501,67.5895,72.141998
72.449997,73.0495,70.7575,70.838997
71.484001,71.6875,67.497002,67.525002
68.6745,69.175003,63.296501,66.980003
68.233498,69.690498,67.2005,69.311501
69.296501,70.986,69.176498,70.725502
70.3125,72.602997,70.167999,72.552498
73.344498,73.446999,71.842003,73.087997
72.8685,73.290001,72.328003,72.434502
72.324501,74.438499,72.324501,73.417503
74.25,75.1745,73.945999,74.146004
74.767998,75.126999,73.788002,74.266998
74.766998,75.0,74.324997,75.0
75.459999,76.141998,75.349998,76.097504
76.224998,76.338997,75.360497,75.598999
75.975502,76.434998,75.599998,75.622498
75.68,75.9245,73.25,74.672501
73.455002,75.052498,72.750504,75.012497
74.711998,76.268997,74.050003,76.180496
76.660004,77.106499,76.400002,76.882004
76.325996,77.294998,76.125504,77.25
77.5,77.744003,77.262497,77.593002
78.175003,78.946999,77.954002,78.944504
79.629997,80.266502,79.334999,79.919502
80.797997,80.876999,78.900497,79.408997
79.849998,80.321999,79.544502,79.550003
79.75,79.845497,78.905502,79.115997
79.172501,79.472,78.375,78.584
77.726501,78.083,76.267502,77.246498
77.516998,79.349998,77.2705,79.3255
79.322502,79.5,78.158501,79.093002
78.273499,78.692497,77.120003,77.246002
76.9505,77.450996,74.767998,74.778
76.5,77.849503,74.962502,77.792999
78.620003,78.7985,74.115997,74.852501
72.349998,72.794998,69.308502,71.570999
70.300003,72.773499,68.260002,72.366997
70.880997,71.068001,67.75,68.599503
69.569,70.699997,67.766502,69.602501
67.912003,70.769501,67.643997,70.528503
72.099503,72.977997,71.3535,72.587502
71.498497,72.625,70.013,70.261497
71.251503,71.924004,70.128502,70.304001
71.599503,71.918999,70.785004,71.810997
71.972,72.439003,71.244499,71.352501
71.974998,72.606003,71.752998,72.425003
72.457001,72.988998,71.225998,71.539497
72.25,72.349998,71.374001,72.074997
73.114998,75.359497,72.850998,75.191498
75.732498,76.690002,75.205498,76.391998
77.161003,78.426003,76.953003,77.845497
78.059998,78.059998,75.804497,76.374496
77.334503,77.400002,75.170502,75.892998
76.790001,76.974998,72.422501,73.004501
72.900002,73.499496,70.750999,73.008499
74.250504,76.471001,73.925003,75.898003
81.7005,81.904999,78.369499,78.630997
79.125,79.800003,78.046997,78.306503
78.161003,79.25,77.609001,79.112999
79.049004,79.425003,78.318001,78.484001
78.000504,78.739998,77.301003,78.603996
78.122498,79.245003,78.109497,79.047501
79.467003,80.347504,79.391502,80.007004
79.75,79.844002,79.125504,79.619499
80.0,80.400002,79.599998,80.400002
80.424004,80.779999,80.171997,80.454002
80.5495,80.555,79.894501,80.1455
80.199997,80.558998,80.002502,80.077003
79.389999,79.389999,78.261002,78.806
78.875,79.721497,78.833504,79.363998
79.028,79.702003,78.650002,79.087997
79.066498,79.179497,78.605003,78.718498
79.25,79.602501,78.75,79.273003
79.494499,79.494499,78.762497,79.07
78.552498,80.093002,78.317001,80.093002
79.901497,80.412003,79.418999,80.153503
80.150002,80.706001,80.022499,80.5075
80.0355,81.0895,80.0075,80.643501
80.904999,81.300003,80.6465,81.244499
81.150002,81.75,81.067497,81.481003
81.851501,82.336502,81.754501,82.077003
82.445,83.283997,82.274498,83.263496
83.649498,84.949997,83.502998,84.817497
85.225502,85.724998,84.323502,84.787498
84.928001,84.995003,83.805496,84.464996
84.056,84.472,83.650497,84.199501
84.0755,84.711998,84.029503,84.456001
84.650002,84.975502,84.575996,84.9375
85.140503,85.6875,85.005997,85.242996
85.674004,86.239998,85.443497,86.193001
85.699997,86.043503,85.426003,85.7985
85.313004,86.336998,85.127998,86.189499
85.452003,86.805496,85.019501,86.738998
87.125,88.1465,87.068001,87.503998
88.0,88.154999,85.877998,86.511002
87.130997,87.150002,85.595001,85.783501
85.125504,85.25,82.315498,83.157501
83.6185,85.078499,83.167,84.554497
85.405502,85.597504,83.0,83.025497
83.626999,85.275002,83.058502,85.072502
85.849998,86.170502,84.716003,84.989998
84.135002,85.694504,83.903,85.689003
86.197998,86.25,84.624001,84.697998
85.268997,85.5345,84.107498,84.986504
84.800003,85.763496,84.583504,85.531502
86.202499,86.977997,85.811501,86.950996
86.926498,87.5,86.550003,87.153503
86.899498,87.848,86.699997,87.75
88.225502,89.900002,88.109001,89.831001
90.196503,90.764999,89.761497,90.651497
91.097504,92.097504,90.722504,91.124496
90.578003,92.584503,89.869003,92.196503
92.400002,92.944,91.563499,92.146004
91.473,92.050003,90.563499,90.648499
91.250504,91.741997,90.502998,90.684998
90.610497,90.949997,88.499496,90.099998
91.4505,92.0,90.469002,91.461998
91.464996,93.192001,91.132004,93.180496
91.949997,92.234001,90.224998,90.400002
93.802498,94.002502,90.3265,90.863503
91.366501,91.474998,88.301003,88.960999
89.324501,90.091499,86.966003,88.872002
89.199997,89.921997,88.801003,89.858498
89.438499,91.828003,89.300003,91.716499
91.887001,92.050003,91.074997,91.164497
91.290497,92.388496,90.945999,92.387497
92.726501,93.486,92.313499,93.124001
93.050003,94.5755,92.724998,94.325996
94.099998,95.7285,93.874001,94.926003
94.425499,94.974998,93.9105,94.315002
94.925003,96.25,94.683502,94.809998
95.969498,96.050499,95.0,95.982498
95.477501,95.810501,93.489502,94.130997
95.196999,95.25,94.177498,94.325996
94.290001,94.400002,92.777496,94.111
94.528503,94.587502,93.303001,93.835503
94.0,94.887497,93.720497,94.170998
93.832001,95.290001,93.832001,95.245003
95.358498,95.974998,95.038002,95.144997
95.525497,95.800499,95.126999,95.269501
95.75,96.385002,95.463997,96.384003
96.886497,97.088997,96.441002,96.640999
97.672501,99.934502,97.446999,99.904999
99.871002,101.278503,99.345001,100.119003
100.349998,101.119003,100.237,100.635498
101.324997,102.525002,100.650002,101.975502
101.905502,102.018997,99.494499,99.740997
100.3255,100.375,96.760498,97.915497
96.935501,98.760002,96.8675,97.6035
98.550003,98.652,96.575996,96.9505
96.413498,99.444,95.849998,99.357498
99.699997,100.0,98.122002,99.5
100.0,100.438004,99.101501,99.4935
99.6465,99.682503,97.960999,98.509499
97.736504,97.841003,94.370499,95.401497
95.932503,97.910004,95.772003,97.052498
97.025002,97.041496,95.245003,96.320999
96.929001,97.75,96.612503,97.214996
97.710999,97.865501,95.525002,95.750504
95.189499,96.844002,93.25,96.718002
97.144997,98.795502,96.942497,98.727501
98.425003,99.762497,98.075996,98.7425
99.662003,100.807999,99.429001,100.649002
100.220497,101.325996,99.822998,100.150002
101.099503,101.6595,100.18,100.218002
99.999496,100.669502,98.288498,98.565498
99.084999,99.485001,97.490501,97.638
97.449997,97.800003,94.828499,95.471001
95.899498,96.454002,93.141502,94.482498
93.699997,95.099998,91.532997,93.221001
92.999496,94.834,92.615997,93.515999
92.894501,92.928001,87.720497,87.762497
86.199997,87.769997,84.254997,85.968002
90.400002,90.447502,87.126503,89.430496
89.75,89.752502,86.711502,88.047501
89.175003,91.194,88.077499,90.998001
92.139503,92.25,90.349998,91.586502
91.074501,91.5075,88.393501,88.536003
89.258003,90.455002,87.650002,88.2015
89.199997,90.474998,87.800003,89.464996
87.112,88.817001,85.699997,88.434998
88.684998,88.885498,82.828003,83.209999
85.167,89.740501,84.600502,89.108498
82.4795,84.922997,80.150002,82.140503
83.0,83.287003,74.75,76.944
74.307999,77.0495,73.818001,76.521004
78.499496,81.195503,78.254501,79.900497
81.176498,83.522499,79.921997,83.276497
83.929497,84.872002,82.591499,83.276497
82.878502,82.904503,79.818001,81.389999
80.917503,83.25,80.727501,82.140503
83.650002,87.961502,83.204002,87.774498
87.75,89.199997,86.255501,87.745499
86.625,87.195999,85.093498,85.621498
84.912003,85.427498,81.500504,81.842499
82.4645,83.852997,80.6875,81.558502
82.816002,83.650002,79.8535,79.9505
79.050499,81.240997,77.3255,80.972
79.375,80.723999,78.655998,79.670502
78.850502,79.059502,75.167999,75.614502
71.875,76.737503,71.0,74.773003
77.149498,77.5,75.75,75.836502
75.849998,76.809998,75.0905,75.102997
76.949997,79.240501,76.210999,79.066498
78.7995,79.8825,77.900497,79.070999
80.695999,84.072502,80.060997,83.887497
83.749496,84.499496,82.616501,83.678497
83.974998,84.800003,83.324997,84.508499
88.473,88.917,86.5,88.617996
87.800003,88.516998,83.25,83.419998
80.7435,85.052498,80.4925,84.959503
85.253502,85.946503,81.273003,81.456497
81.192001,82.899498,79.543503,82.051498
83.900002,83.973503,80.980003,82.162003
83.449997,85.249496,83.013496,83.177002
84.0,84.606003,82.074997,82.918999
81.900002,82.128502,79.25,79.595497
78.300003,78.806503,75.250504,76.045502
77.0,78.377502,76.150497,77.573997
77.152496,79.226501,74.158997,74.753998
74.199997,75.474998,71.634499,73.041496
73.249496,74.0,68.197998,68.872498
67.300003,69.801498,65.349998,67.197998
68.444504,73.657997,68.150497,73.544998
72.709999,73.449997,69.515503,73.082001
73.667503,75.6735,72.449997,73.901001
75.540001,76.038002,74.349998,75.098503
73.260002,77.667999,73.046501,76.956497
76.000504,76.900002,74.855499,75.014
76.5,79.699997,75.915497,78.769501
80.115501,81.727997,79.459503,81.475502
83.234497,83.830498,80.830498,82.829002
82.649002,83.389999,82.07,82.971001
82.050499,83.162498,81.081001,82.810997
82.027496,83.014503,81.810997,82.028
80.75,82.410004,79.7575,80.860497
81.599998,83.758003,81.300499,83.727997
84.210999,85.25,83.793999,84.189003
84.0,85.008499,83.875,84.661003
85.599998,85.809998,84.577003,84.809998
84.050003,84.093498,80.510002,81.608498
82.800003,82.871498,80.599998,82.000999
82.053497,82.862999,81.588997,82.746498
83.525002,84.174004,83.080498,83.528503
82.179497,82.25,80.704498,81.894501
81.563499,81.619003,79.536003,79.694
81.150002,83.847504,80.984001,83.5215
84.642502,86.820503,83.954002,85.936501
81.944,83.653,81.100502,81.311501
81.150002,82.481499,80.675003,81.665497
82.167,83.263,82.125,82.940498
83.537498,83.612999,81.667,82.013
81.25,81.277,79.6455,80.718498
79.300003,79.429497,78.337997,79.411003
80.049004,80.4645,79.300003,79.550003
80.199997,81.970001,79.944,81.900497
82.349998,82.819,81.855499,82.0
81.224998,81.894997,80.303001,81.1325
81.392998,81.445503,80.224998,80.397499
80.050003,81.699997,80.028,81.378998
81.5,81.746498,80.505997,81.105003
80.9925,81.178001,80.045502,80.972
81.175003,81.747002,81.058502,81.578003
82.072502,82.730003,81.519501,81.650002
81.299004,81.999496,80.806503,81.82
81.408997,82.0905,80.754997,82.054497
81.762497,82.588501,81.691498,81.991501
82.7565,83.712997,82.550003,83.586502
84.25,85.471497,83.718002,84.808502
85.147499,85.389999,84.4505,84.621498
84.7985,84.887497,83.414001,83.447502
83.3685,83.487503,81.025497,81.297501
80.2005,81.136002,79.328499,81.040001
81.306,83.614502,81.300499,83.530998
83.449997,84.213501,83.049004,83.654999
84.150002,85.0,83.967499,84.540497
84.559998,85.099998,84.217003,84.310997
85.150002,85.940002,84.656502,85.617996
85.635002,87.5,85.6315,87.107498
87.675499,89.208,87.675499,88.092499
88.497002,89.974998,88.351501,89.863503
89.813004,91.1875,89.363998,90.962997
90.508499,90.948997,88.155502,88.238503
87.889503,89.134003,87.375,88.712997
89.650002,90.288498,88.667999,89.188004
89.206497,89.375,87.283997,88.285004
88.5,88.8965,87.6735,88.670998
89.329002,89.642998,88.831497,89.037498
90.005501,90.783501,89.936501,90.709503
90.551003,91.0,90.255997,90.698997
91.335999,91.5,90.481003,91.035004
91.032501,91.4375,90.209999,90.943001
91.449997,91.929001,91.259499,91.863998
91.661499,92.510002,91.255501,92.492996
92.274498,92.654503,91.588997,91.792
92.050003,92.400002,91.440498,92.366501
92.434998,92.497498,92.015503,92.203499
92.419998,92.574997,92.065002,92.153
92.099998,92.342499,90.945,92.2435
92.567497,93.488503,92.400002,93.152
93.649498,93.823502,93.022003,93.240997
93.439499,93.541,92.973999,93.084503
92.769997,94.420998,92.281998,94.365501
94.559998,96.462997,94.478996,96.188499
96.25,96.484497,94.907997,95.087502
95.849998,96.122498,95.015503,95.112503
96.449997,97.550003,94.900002,97.531502
97.449997,97.817001,96.704498,96.921501
96.504997,96.7855,95.347504,96.325996
96.654503,97.181999,95.527496,95.575996
95.666496,96.077499,94.093498,95.041
97.449997,98.220001,96.800003,98.123001
95.899002,97.949997,95.525002,97.527496
96.999496,97.455002,95.168999,96.050003
95.943497,96.768501,95.5,95.888496
95.0,95.470001,93.800003,94.9935
94.900002,95.189499,92.800003,94.499001
91.828003,92.327003,90.900002,91.134003
91.974998,92.622002,90.787498,92.005997
91.397499,93.721497,91.150002,93.557503
94.296997,95.875504,94.114502,95.378502
94.652496,95.526497,93.366501,93.449997
92.634499,93.389,91.777,92.948502
93.739502,93.949997,92.300003,92.875999
92.588997,93.574501,92.550003,92.984001
91.829498,92.199997,90.209999,90.774002
91.794502,92.087997,90.892502,91.164001
91.637497,92.463501,91.3675,91.821503
91.155998,91.5,90.376503,90.959503
91.274498,91.473503,90.391502,90.816002
89.500504,89.779503,88.635002,88.753502
88.000504,88.314499,83.599998,84.634499
84.961998,86.541,84.044502,86.477997
87.480003,87.599998,85.762497,86.925003
86.885498,88.0,86.306503,87.718002
88.184998,90.3125,87.974503,90.2015
91.099998,94.2435,90.900002,93.031502
94.162498,94.684998,92.900002,93.184998
92.698997,93.25,92.219002,92.765999
93.335999,94.154503,93.111,93.514999
93.199997,93.800003,92.949997,93.483498
93.824997,94.7845,93.772499,94.301498
95.067497,96.083504,94.989502,95.068497
95.391998,95.978996,94.623497,95.439499
96.666496,96.760002,95.290001,95.9095
95.805,96.297501,95.378998,95.565002
95.633003,95.843002,95.065002,95.695
95.592003,95.819504,93.621002,93.913498
94.624001,95.190002,94.365997,94.891502
95.099998,95.561996,94.902,95.213997
95.455002,95.647003,94.199997,94.681503
96.149002,96.490997,95.733002,96.109497
95.969002,96.739502,95.331497,96.7155
96.794502,97.079498,96.525002,96.949997
96.43,97.294998,96.264999,97.1455
96.706001,97.800003,96.412498,97.615997
97.389999,99.500504,97.174004,99.415001
99.8255,101.247002,99.769997,100.870499
101.280998,101.790001,99.764999,100.053497
100.413498,100.849998,100.193497,100.550003
101.07,101.144997,100.077499,101.0495
100.528999,101.316002,100.060997,100.495003
100.352501,100.599998,99.601501,99.601501
99.000504,99.375,97.577499,98.894997
99.560501,99.800003,98.111504,98.225998
98.556999,99.449997,97.913002,99.281502
99.7995,99.889503,98.656502,99.724503
98.464996,100.065002,98.293503,100.040497
100.050003,100.059998,98.636002,98.691002
97.099998,97.544998,96.225502,97.152496
96.5,96.611504,94.527,95.622498
94.556,95.494499,94.174004,94.926498
94.905502,94.977501,92.472,93.338997
93.585999,94.896004,92.2005,92.765999
92.253502,92.318001,90.401001,91.162003
88.511002,89.433502,87.439003,88.2565
89.611504,89.688499,87.669998,89.391502
88.699501,89.946503,87.849998,89.669998
90.300003,91.712997,89.905502,91.644501
91.447502,91.554497,90.111,90.378998
89.7995,90.049004,88.849998,89.246002
89.150002,91.586998,89.0,91.217003
89.650497,89.782501,87.861,88.148003
89.099503,89.400002,88.098,88.806
89.644501,90.1455,89.227501,89.628502
90.903999,91.300003,90.630501,90.806
90.724998,90.841003,89.994003,90.069
90.969498,91.478996,90.75,91.177002
91.400002,91.470497,90.004997,90.233002
89.651497,90.245003,87.261497,87.481003
88.345497,88.5,87.175499,88.443497
88.786499,88.970001,87.334,88.091499
87.75,88.392998,87.202499,88.212502
89.150002,89.927498,88.862503,89.32
89.874496,89.987,88.2285,88.814499
88.5,90.040001,88.400002,89.491997
90.25,90.3815,89.811501,90.030998
91.097504,92.099998,90.778999,92.036003
91.911003,92.032501,91.32,91.675499
92.050003,92.5,91.230499,91.567497
91.137497,91.290497,90.266998,91.027496
90.607002,91.670998,90.454002,91.149498
91.8815,92.682999,91.713997,92.177498
92.100502,92.306,91.758499,91.967003
91.200996,91.2845,90.010002,90.391998
90.353996,91.199501,90.205002,91.127502
90.851997,91.102997,89.775002,90.873001
91.051003,91.628502,90.894997,91.074997
91.085503,91.531502,89.045998,89.708
88.849998,89.635002,88.365997,89.264999
89.530502,89.7855,86.777496,87.080498
87.367996,88.650002,86.150002,88.416496
88.139503,88.168503,86.574997,86.991997
87.400002,87.456001,85.691002,86.272499
86.349503,86.873001,85.460999,86.795502
87.300003,87.779999,86.420502,86.782501
86.387001,86.444504,85.25,85.661499
85.650002,86.25,84.252998,86.221001
86.301003,87.028999,85.961502,86.982498
86.581497,87.391502,86.184998,86.633003
86.124496,86.349998,85.25,85.275497
85.980499,86.497498,85.718002,86.099503
86.262001,86.914497,85.6875,86.013
87.146004,87.272499,86.492996,86.596001
86.445503,87.094498,86.099998,86.821503
87.107002,88.822502,87.030998,88.369003
88.666496,89.311996,88.526001,88.871498
89.824501,89.942497,89.100998,89.374001
89.389999,89.698997,87.459999,87.875504
88.483002,89.293999,88.25,89.282997
89.407501,89.488998,88.099998,88.286499
88.065002,88.502502,87.099998,88.108498
88.554497,89.417,88.013496,89.039001
84.877502,88.210503,84.75,88.066498
87.403,88.934998,87.125,88.853996
88.740501,88.849998,87.790497,88.135498
88.012001,89.119003,87.956001,88.999496
88.7995,89.599998,88.573997,88.833
89.400497,89.872498,89.260498,89.571999
90.050499,90.752998,90.050499,90.233002
90.458,90.512497,89.699997,90.085503
90.050003,90.125,89.429001,89.788498
90.188004,90.294998,89.174004,89.410004
89.394501,89.494003,88.702003,89.293999
88.900002,89.0,88.356499,88.582497
88.733002,89.310997,88.595497,88.900002
88.669502,88.75,87.365997,87.655502
87.571503,88.329498,87.477997,87.730003
88.002502,88.084,86.642998,86.974503
86.915001,87.684998,86.135498,87.626503
87.849503,88.033997,87.151497,87.639503
87.457001,88.125999,86.706001,87.276497
87.150002,87.343498,86.517998,86.735497
86.950996,87.321503,86.550003,87.286003
87.662498,88.871002,87.662003,88.692001
88.996002,89.851501,88.917503,89.847
90.050003,91.224998,89.865501,90.925499
90.889,91.234497,90.039497,90.040001
90.220001,90.277496,88.134003,89.080002
88.0,88.643501,87.361504,88.498001
88.7005,89.454498,88.011002,88.0345
88.175003,88.175003,87.0,87.024002
87.559998,87.720001,87.0065,87.580002
87.532997,88.344498,87.280502,87.475502
87.370003,87.533501,86.75,86.960503
87.083504,87.5,86.7855,87.435997
87.5,88.199997,87.272003,88.016502
88.25,88.449501,87.75,88.046997
88.349998,88.474998,87.852501,88.460503
88.900497,89.599998,88.869499,89.532997
89.750999,89.910004,89.117996,89.2015
89.025002,89.649498,88.703003,89.613998
89.981003,90.148499,89.122498,89.324997
89.413002,89.650002,89.225502,89.650002
89.690498,89.778503,89.378998,89.460503
90.050499,93.523003,89.974998,93.438499
94.146004,95.07,93.300499,93.489998
93.699997,94.199997,92.030998,92.344498
92.099998,92.663002,91.611504,92.391998
93.75,94.900497,93.207497,94.900497
93.224998,94.309998,93.224998,93.748497
93.0,95.184502,93.0,95.143997
95.224998,95.694504,94.601997,95.343002
94.902,95.550003,94.321999,94.598503
95.494499,95.890999,94.790001,95.052498
95.268501,95.347,94.0,94.157997
94.565498,94.900002,94.040001,94.565002
94.293999,94.355499,92.927498,93.472
93.612503,93.943001,92.754501,93.100998
94.149498,94.279503,93.301003,93.897003
94.294502,94.332001,92.862503,93.236
93.25,94.713501,93.0,94.599998
94.804497,95.125,94.167,94.373001
94.255501,94.499001,93.638,94.228996
94.568497,94.749496,92.372002,93.082001
91.0,92.050003,90.766998,91.417
92.025002,92.905502,91.500999,92.662498
93.199997,93.737503,92.750999,92.900002
92.900002,93.643501,92.530502,93.533997
102.573502,102.786003,100.113503,100.435997
100.529999,102.425003,100.012497,100.209999
101.494003,102.989998,100.768501,102.483498
103.551003,103.551003,101.599998,101.9935
102.051003,102.815002,101.239998,102.511497
102.099503,104.926498,101.904999,103.963997
104.250504,106.779999,104.248001,106.695503
107.544998,109.297501,106.800003,107.540001
108.160004,109.012497,107.764503,108.0
107.249496,108.514,107.099998,107.4935
107.783997,107.952003,106.294502,106.7435
106.250999,108.303497,106.205498,107.783501
108.389999,109.254997,108.056,108.511002
108.653503,108.8395,106.372498,107.654999
107.107498,107.227501,104.400002,104.7985
100.158997,101.964996,99.398499,100.4645
101.320999,101.730003,97.920998,98.637001
98.514,100.733498,98.022499,98.9795
96.719002,98.75,94.138,94.214996
90.731499,94.487999,90.556503,94.1875
95.324501,97.725502,93.5,97.697502
98.768501,99.816498,94.404503,95.449501
97.328499,98.900002,96.099998,98.791496
96.650002,98.036003,95.5,96.2015
93.75,95.543503,93.474998,95.054497
88.693001,93.138496,88.064499,90.030502
93.543999,94.713501,90.908501,94.591003
92.892502,93.566002,90.074997,91.042999
86.098999,88.25,83.75,83.830498
87.75,89.315498,84.030998,89.25
82.0755,87.972504,81.301498,84.457497
88.773499,92.889,84.461998,90.391998
87.5,92.083,87.25,91.5
93.0,97.25,91.6325,94.046501
96.315498,97.849998,91.036499,92.304497
91.387497,95.970001,90.599998,95.141502
97.574997,97.75,95.016998,97.004997
96.0345,97.513,94.289001,94.292
95.099998,97.824501,94.4645,97.774498
96.542999,96.989502,94.996002,95.004997
96.141502,98.681503,95.616997,98.197502
98.217499,99.651001,97.2005,97.486
96.648499,97.248001,94.650002,95.385002
95.082001,96.376503,94.5,95.941498
95.557503,96.316498,94.457497,95.329498
96.800003,99.926003,96.500999,99.879501
100.855499,101.786003,99.880997,100.580002
101.050003,102.199997,100.557503,102.150002
102.214996,102.650002,100.883003,102.138
102.0,109.0,101.900002,108.443497
110.023499,114.599998,109.310501,114.166
112.884003,116.668503,112.25,115.384003
117.300003,123.050003,116.75,120.4095
118.616501,120.0,115.801003,118.75
119.497498,122.249001,119.302498,119.680496
120.830498,121.415497,113.983002,116.405998
118.449997,119.699997,117.550003,118.1745
119.999001,121.210999,119.103996,119.972504
120.849998,121.0215,119.099998,120.511002
122.160004,122.244003,118.150002,118.800003
118.605003,118.675003,115.300003,115.704002
116.500504,119.594498,115.5,118.635498
120.991997,123.75,119.800499,123.699997
116.839996,118.122002,112.9095,114.302002
112.819,116.348999,112.819,115.7995
117.0,117.550003,115.356499,115.889999
116.472,117.872498,116.0,117.563004
118.738998,118.800003,117.155502,118.380501
118.607002,119.362,117.849998,118.980499
118.735001,120.983498,118.605499,120.449997
120.592499,120.949997,117.75,117.847504
118.339996,120.385002,116.889999,118.396004
118.050499,119.568497,117.6605,119.442497
118.426003,120.550003,117.818497,120.488998
120.217499,121.650002,119.2005,121.313004
121.491501,124.25,121.448502,122.466499
123.893501,125.000504,123.363503,124.897003
125.0,126.272499,122.126999,122.336998
122.750504,123.4925,121.5065,121.844002
122.900002,123.099998,120.703003,121.093002
120.249496,120.679001,116.5,120.519501
119.216499,121.848503,118.911499,120.055
120.796997,122.1185,119.910004,122.1185
122.400002,123.846497,122.208504,123.552002
123.349998,123.676498,122.265503,123.620499
123.400497,124.400002,123.058502,123.919998
123.871498,125.376999,122.500504,123.029999
122.225502,124.432503,121.856499,124.150002
125.010002,126.5,124.366997,126.203003
126.472,131.321503,126.25,130.042999
132.25,136.117493,131.313004,132.372498
130.175003,133.569,126.811501,127.898003
130.060501,131.074005,125.167503,127.250999
126.330002,129.199997,125.400002,128.634003
131.0,131.0,128.800003,130.763504
132.375,132.75,131.591003,132.048996
132.350494,132.981995,131.805496,132.699005
133.904007,134.871506,132.949997,133.750504
134.225006,135.75,133.449997,135.690994
136.300995,139.155502,135.901993,138.220505
139.0,139.800003,136.050003,136.720001
136.977493,137.811493,135.606995,137.729004
138.753006,139.128494,134.399994,134.643494
134.500504,134.839996,131.503998,134.018997
134.253494,138.481506,133.751495,137.940994
137.899506,144.75,137.699997,143.934998
145.600494,147.778,143.554993,144.514999
146.748505,152.994003,146.5,152.852005
152.927505,153.477493,149.5,150.005997
151.130493,154.198502,150.621506,154.055496
155.7995,159.694,153.699997,159.1315
159.587997,160.75,156.785004,160.0
162.552994,167.214493,153.419495,155.199997
154.449997,156.369003,147.5,154.199997
154.011505,154.917496,148.658997,150.443497
148.552994,151.600006,145.911499,149.994995
150.449997,151.199997,147.422501,148.098495
150.009995,160.067993,149.701004,159.841995
161.624496,162.029007,155.285995,156.914505
156.25,157.5,153.263,154.995499
154.913498,154.913498,148.5,149.327499
146.5,151.578995,144.399994,150.445496
153.100006,154.899994,150.788498,152.760498
152.713501,153.854507,149.787994,150.016495
151.5495,151.957993,149.838501,151.676498
150.699997,154.600006,150.25,152.593994
162.199997,162.341003,157.550003,158.233994
159.025497,159.199997,155.199997,155.594498
155.060501,158.362,155.060501,156.941498
157.188507,160.679504,156.365005,160.251495
159.718002,162.373505,158.2715,161.25
161.2005,162.040497,157.033493,158.373001
158.515503,158.625504,155.076004,157.408005
155.660004,157.960999,153.649994,154.033493
155.399994,158.719498,155.070999,158.112
159.149506,160.876007,157.75,158.050995
158.908997,158.912003,156.0,157.401001
158.656006,159.748505,157.709,159.120499
160.600006,166.0,160.291,165.624496
165.150497,165.794998,162.800003,163.024002
162.600006,165.630997,161.899994,164.8685
164.75,165.720001,163.769501,164.235992
165.507507,169.016006,162.878006,165.373001
164.749496,167.869995,163.350006,167.324493
167.555496,172.587006,167.2285,172.092499
172.502502,172.649994,168.899994,170.0
171.149994,171.668503,169.324997,170.089996
170.449493,174.75,170.25,172.548004
174.479004,175.693497,173.350006,174.955994
177.350006,177.612503,174.334503,176.572495
174.25,174.420502,165.149994,168.399994
165.899994,169.074997,155.556503,164.731003
157.199997,162.542496,156.5,157.492004
160.149506,165.158997,159.25,163.430496
165.360992,167.494507,158.527496,158.755493
160.434494,160.867004,154.199005,155.811005
158.647003,159.369507,154.800003,155.148499
156.807999,158.751007,155.445999,157.806503
158.999496,159.362,153.707504,153.904999
150.462494,151.471497,148.627502,150.436493
151.587006,151.889999,145.276993,147.745499
145.324997,148.100006,143.550003,148.023499
151.692001,156.699493,150.009995,156.449493
156.0215,156.350006,149.619003,149.992996
148.889496,153.464996,148.25,150.989502
152.742996,155.076996,149.949997,154.7565
157.442505,158.751999,155.858505,158.702499
158.769501,159.412994,156.626999,157.244003
157.057007,160.643997,156.699493,157.436493
160.399994,161.199997,158.600006,161.063004
157.681503,159.789993,156.149994,156.25
157.292007,160.126495,157.042496,159.960007
158.25,159.100006,154.5,154.998001
156.75,160.0,156.619507,159.7845
161.249496,161.664505,158.749496,159.527496
160.5,164.449493,159.891495,164.332504
167.496994,174.811996,166.977493,172.1465
173.399506,174.619003,171.210999,172.181503
172.350006,173.244003,167.0,168.185501
164.600494,167.794006,164.0,166.932495
168.161499,169.983002,158.0,163.635498
164.980499,166.449997,159.636993,160.360504
161.113998,163.300003,159.600494,160.850494
160.625,161.694,158.0,159.246994
159.4935,159.9375,156.097,158.820007
159.550003,160.266495,157.0,160.220001
159.936996,164.149002,157.664993,160.352005
161.246994,164.582993,160.565002,164.316498
162.464996,163.201004,158.123505,158.139008
160.063507,162.862503,158.199997,160.550507
157.887497,158.350006,150.949997,151.807495
153.087006,153.985504,147.505997,150.223999
150.926498,153.744995,149.048996,152.420502
157.999496,162.242493,156.986496,162.057999
165.998505,168.339996,164.444,166.100006
165.231995,166.100006,161.600006,165.568497
161.551498,164.449997,155.605499,157.186996
154.751007,155.699997,150.973999,151.751007
153.089005,156.957504,152.5,156.869507
157.997498,158.794006,154.302505,155.514008
156.100006,157.085999,154.269501,156.440506
154.660004,157.134995,153.634506,156.552994
159.177002,159.462494,156.763,156.783005
156.699997,157.0,155.255005,155.272995
155.265503,156.25,154.046005,155.850998
155.850998,156.644501,154.902496,154.970001
155.835007,156.987503,153.272995,154.919495
155.024994,156.712494,154.313004,155.903
157.093506,159.899994,157.013,159.253494
160.563004,160.809494,159.502502,159.766998
160.423996,161.419495,156.277496,158.401993
159.425003,162.447495,157.858994,161.003998
161.082504,161.600006,158.662994,160.176498
160.272995,161.432007,159.065506,159.336502
159.910507,159.910507,157.938004,158.128998
157.824005,159.037994,157.084503,157.899994
157.945007,159.206497,156.001007,158.864502
158.394501,158.721497,154.399994,155.210007
154.449493,157.104996,153.800003,155.074493
154.832993,155.933502,153.641006,155.820999
157.149994,159.523499,156.300003,157.848495
159.050507,159.425003,156.524506,158.255997
158.800507,162.350006,158.184006,162.048004
162.5,163.175507,161.050003,161.804001
162.199493,162.470993,158.580002,160.082504
160.000504,161.348495,158.300003,160.309006
160.141998,161.100006,159.003998,160.326004
160.25,160.5065,159.208496,159.263504
159.695007,160.100006,158.449997,158.634506
159.699997,165.199997,158.634506,164.197998
165.496994,167.532501,164.061005,166.100006
167.050003,167.104996,164.123505,164.292496
163.75,164.145996,162.059998,162.846497
163.5,163.600006,157.201004,159.331497
158.300507,161.169006,158.253006,160.925507
157.324005,159.875504,156.557999,156.919006
157.850006,160.427002,157.75,158.108002
159.0,159.531998,157.110001,159.134995
157.400497,157.819,155.5,155.710495
156.0,157.106995,154.300003,156.041504
156.421997,159.497498,156.104004,158.294495
158.376007,158.899994,156.029495,156.373505
156.151001,157.127502,154.758499,155.212494
155.350006,157.25,154.800003,156.037994
159.099503,163.990005,158.75,163.169006
164.649994,167.427505,164.4785,165.349503
165.2155,166.095505,164.158005,164.611496
166.425003,168.194504,162.157501,164.699997
164.817993,166.899994,164.143494,166.306503
167.074493,167.326004,160.354004,161.628998
161.751999,165.084,161.434494,161.880997
161.5,161.849503,159.227493,160.309998
162.117996,167.513,161.751495,167.143997
169.0,171.386993,168.056503,169.0
171.250504,171.699997,165.431,165.626495
166.5,167.350006,163.887497,166.550003
165.949997,168.850006,165.135498,167.607498
167.925003,168.25,165.199997,166.147003
165.624496,166.899994,164.891998,165.25
165.699997,165.897507,162.699997,164.328995
164.600006,164.600006,162.403,163.106506
162.5,164.012497,161.665497,163.885498
162.702499,165.414993,162.679504,163.447495
163.179993,166.045502,162.975006,165.432007
164.121002,166.899994,163.697006,166.411499
166.411499,166.675003,162.287506,162.494995
160.406494,161.615997,158.613007,159.037003
156.351501,160.236496,154.679993,159.725006
158.337494,158.561493,156.268997,157.976501
156.837006,158.912994,152.388,152.858002
154.759995,156.121994,151.835007,154.6465
156.394501,157.477997,154.899506,157.307007
157.173492,158.175995,154.356003,154.726501
154.059006,155.389008,149.75,150.25
150.600006,152.906494,147.2715,148.878494
150.25,150.449997,144.050003,150.022995
150.75,153.229507,147.565506,147.597504
150.899506,154.548004,150.257507,153.142502
154.922501,155.822998,151.502502,152.882004
155.2005,156.589005,154.1465,155.679504
153.75,154.949005,152.274994,154.474503
153.7285,154.112,151.604507,154.084
155.248505,156.445496,153.792999,154.593002
153.660995,158.652496,153.511002,156.786499
155.050003,155.831497,151.25,151.399506
151.461502,153.864502,150.831497,153.748001
153.392502,156.328995,153.002502,155.543503
156.350006,159.100006,156.042496,156.875
157.552002,158.015503,154.257507,154.3535
153.649506,155.488998,151.856995,152.313004
152.203003,152.832993,149.800003,152.601501
152.772003,154.5625,151.422501,153.786499
153.500504,153.649994,151.699997,152.764496
153.203003,155.966507,153.125,154.703995
155.897003,158.121994,155.777496,158.050003
158.649994,161.798004,158.061996,161.336502
161.1875,162.365494,160.852005,161.190994
161.690002,165.180496,161.182495,163.969498
165.544998,166.225006,164.600006,164.964996
165.235001,168.610001,164.445007,168.610001
167.760498,169.751999,167.557495,168.969498
170.042496,171.600006,169.781494,170.0
170.201996,170.206497,166.300003,166.649994
168.550003,169.850006,167.600006,168.954498
169.0,170.339996,167.779495,169.972
169.516495,171.796494,168.007996,168.600494
168.679993,169.149506,165.800003,166.734497
165.800003,168.143005,165.190506,168.100998
168.584,168.643494,165.072495,165.451996
165.955002,168.75,165.425003,167.044006
167.399994,171.422501,166.546997,170.449997
172.173492,173.0,169.900497,170.871506
171.740005,174.494003,171.25,172.925003
175.255005,175.722504,171.75,173.565506
176.255997,177.699997,173.125,173.371002
174.236496,174.332504,168.634995,169.324493
167.809494,168.399002,163.606506,165.593506
166.942993,167.735001,163.218002,163.526993
163.5,165.720001,162.360001,165.318497
165.954498,166.544495,164.453506,164.580505
164.115997,164.149994,159.5,159.524506
156.813995,161.899994,156.3685,161.195496
159.25,160.397003,156.654999,157.597
159.273499,160.192001,156.649994,158.073502
159.278,161.442993,159.149994,161.145004
162.296494,164.637497,161.729507,163.519501
164.628998,165.600006,161.518494,161.613998
159.75,161.737503,159.199997,161.589996
162.220001,162.983994,161.809006,162.384003
162.5,162.834503,159.850494,160.154007
160.774994,162.897507,160.524994,162.249496
163.333496,163.990997,160.688004,162.952499
163.729507,164.786499,162.925507,163.257996
162.800003,163.018005,161.501999,161.505493
162.100006,162.399506,160.985001,161.153503
162.175003,162.548996,160.453003,160.932495
161.154999,161.75,160.399994,161.699493
160.211502,160.722,159.201508,159.350494
160.600006,161.050003,159.940506,160.311005
159.866501,160.399994,158.610001,159.900497
161.130493,163.976501,160.900497,163.205505
163.643494,164.878998,163.535004,164.057495
164.100494,167.550003,164.057495,167.482498
167.482498,168.328995,166.672501,167.341507
167.341507,169.25,166.774994,169.193497
169.199997,169.849503,168.155502,169.156494
169.600006,171.317505,168.026505,170.762497
170.158997,174.860001,170.050003,174.462006
173.999496,175.350006,173.685501,174.345001
173.820999,174.100006,171.699997,172.697998
172.903,176.188995,172.804504,175.272003
175.25,176.050003,174.160004,175.190994
175.382004,176.242996,171.542496,172.453995
173.199997,173.240997,169.709,170.072998
170.800003,172.399994,170.675507,172.194504
171.940994,172.801498,171.151505,172.406998
172.052994,173.580002,171.75,172.007996
171.730499,172.850006,170.470993,171.648499
172.582001,175.585999,171.845993,175.548996
176.505493,184.274002,176.449997,183.787003
185.869003,186.710007,183.945496,184.828995
182.177994,187.999496,181.056,186.570496
186.126007,187.399994,184.669998,185.966995
187.199997,187.864502,184.839493,185.927505
185.104996,188.654007,183.565994,183.867996
185.442505,185.882996,183.041504,184.084
184.710007,184.770004,181.046005,181.559998
181.665497,182.302994,178.522995,178.681503
176.628998,177.510498,174.957993,177.479507
178.365997,179.600006,175.899994,178.6595
178.819,179.322495,177.182007,179.259995
179.361496,182.001007,179.113495,181.901505
182.0,183.305496,181.102005,182.832001
183.658493,185.604004,182.362503,184.990997
184.925003,184.925003,179.307495,181.319504
181.688995,182.921005,180.050003,181.516006
181.387497,181.897507,179.000504,179.996002
167.397507,168.406998,165.348999,166.379501
167.654999,167.945999,165.850006,166.574005
167.035995,169.550003,164.988495,168.311996
168.967499,169.444,167.278,167.735992
167.811005,169.449997,167.046005,168.7995
168.75,168.75,166.451996,167.246994
167.180496,167.744003,166.425995,167.093506
167.250504,167.899994,165.75,166.033997
166.572495,166.884995,163.889496,164.605499
164.5,165.725494,163.483505,165.175003
165.283493,165.303497,164.149994,164.698502
164.149994,165.0,160.556503,164.949493
163.875,164.024506,161.283997,162.098007
162.099503,162.705002,160.0,160.061005
159.701004,161.649994,159.123001,159.387497
160.193497,160.390503,158.787994,159.997498
160.595001,164.044998,160.500504,163.293503
164.0,165.774506,163.729004,165.289001
165.4935,166.050003,164.307495,164.959
164.949997,166.600006,164.800003,165.800003
166.661499,167.615997,165.6875,167.481506
167.871506,172.25,167.761002,171.078506
171.240005,173.628998,169.779495,173.539505
174.820007,176.350006,173.761993,173.949997
174.738007,175.598007,172.75,173.156006
172.600006,174.133499,171.822006,173.902496
173.899994,176.404495,173.847,175.464493
175.582504,177.281494,174.783493,176.274994
176.300995,177.499496,174.018494,174.207993
175.091507,175.422501,173.145493,173.457504
174.139999,174.897995,171.899994,172.858505
173.777496,174.3405,171.885498,172.5
172.126007,174.270996,170.100494,173.789505
172.998001,174.627502,172.307007,174.412003
174.420502,174.870499,172.606506,173.126007
169.800003,170.949997,165.250504,167.786499
168.75,168.985001,166.619507,167.181503
167.550003,169.449997,167.052505,169.002502
169.002502,171.447998,169.002502,170.800003
170.100494,171.462997,169.669998,171.276001
168.574997,170.778503,166.980499,170.289993
167.885498,168.459503,164.505005,165.798004
166.105499,167.565002,164.893494,165.056
165.800003,166.392502,163.699493,164.251999
164.4505,165.458496,162.796997,164.162994
163.969498,163.999496,158.8125,159.488998
160.225006,163.036499,160.123001,161.050003
160.676498,163.216995,159.931,163.100494
164.576996,166.287506,164.153,165.121506
165.850006,166.071503,164.410004,164.431
163.75,164.629501,161.904999,162.315002
162.850006,163.376495,161.813995,162.366501
163.485504,164.419006,163.054504,164.214005
165.122498,165.630005,164.539001,164.992996
165.570999,170.520996,165.199997,170.451004
169.417999,172.458496,169.255005,172.337006
171.714493,172.734497,171.100006,172.207504
172.632996,173.143005,170.018494,170.753006
170.712494,172.014008,170.149994,171.750504
171.050003,171.492004,166.565002,166.777496
166.75,167.389999,164.884995,166.018494
167.475494,170.806,167.199005,168.803497
169.399994,171.850006,168.572495,169.624496
170.104996,173.949997,169.300003,172.328506
165.001007,168.740997,163.666,168.621506
168.089996,168.792999,164.600998,165.905502
165.750504,166.556,164.177505,165.637497
165.449997,169.746002,164.876007,169.199997
168.5,174.931503,168.25,173.850006
173.850006,178.3125,173.848999,175.949493
176.162003,178.949997,174.393005,174.449005
175.762497,179.688507,175.071503,178.811493
178.193497,180.272507,173.154495,174.102493
175.649994,177.162003,173.373505,173.625
174.25,177.036499,172.352493,176.257507
176.850006,179.694,176.290497,177.283997
176.949997,178.824997,176.257507,177.035004
178.235992,179.362503,177.267502,177.449997
178.317505,185.210007,178.050003,184.802994
185.634506,188.107498,183.785995,183.828506
183.819,185.673004,178.375,178.628494
179.251999,181.052505,176.385498,179.001999
178.133499,180.682007,176.842499,179.020493
180.104996,181.675003,175.207504,175.227997
177.382004,179.800003,176.574997,178.078506
178.175003,179.288498,174.600494,175.3535
177.25,177.994003,172.080002,172.186005
173.0,174.634995,171.1875,171.867996
172.75,173.4935,166.929993,169.489502
169.649994,173.695496,166.934494,171.3685
174.600006,177.499496,173.334503,176.164505
176.150497,177.179993,174.750504,176.158005
175.75,176.969498,174.139496,174.171005
175.417007,175.927002,170.5,172.212006
172.0,172.100006,169.130005,169.567505
167.550003,169.498993,166.440002,169.091507
168.598007,173.600006,165.195007,173.315002
173.3685,174.166,168.160507,168.871002
167.710495,170.898499,165.613495,170.017502
166.850006,167.874496,165.600006,167.078995
167.850494,170.716507,165.647507,170.417007
169.270004,172.050003,168.500504,171.037003
170.427994,171.975006,170.149994,171.068497
171.037003,172.942993,169.2155,169.669495
170.182495,172.175995,169.135498,170.660995
170.839996,171.212006,168.600494,169.201004
169.699997,170.888,168.524002,168.644501
168.955994,169.350006,166.558502,166.716995
167.550003,170.703506,166.160507,170.404495
170.438004,171.399994,166.349503,167.522003
166.882996,167.126495,164.356995,164.356995
163.4505,164.800003,161.936996,163.253998
163.839005,165.2435,162.031006,162.554001
160.585495,161.661499,156.304504,161.485992
161.5,166.350006,160.701508,165.362
166.574997,166.878006,164.417007,165.207001
165.250504,166.221497,161.091003,161.214005
160.149994,162.25,159.800507,162.138
159.104996,159.734497,157.664505,158.917496
158.761993,159.25,156.25,156.298996
156.766006,158.0,151.350998,151.667496
149.949997,150.899994,142.070496,142.643005
139.0,144.945007,135.352005,144.544006
142.242493,143.600006,138.145004,139.985992
144.75,145.184998,137.318497,138.872498
140.800003,144.2435,139.350006,139.637497
140.860504,143.998001,137.929504,143.977997
144.75,150.360504,144.300507,149.573502
150.0,151.707993,147.627502,151.193497
155.050507,155.074997,148.863495,150.612503
141.737503,144.247498,138.332993,138.845505
155.606506,161.199997,150.608002,157.639496
158.520004,162.690994,157.25,157.935501
156.750504,161.792496,155.550507,161.413498
162.873505,163.834503,160.25,161.189499
158.350006,160.716507,157.75,159.003494
158.134506,159.0,152.733994,153.293503
151.751007,158.448502,151.649994,155.167007
157.605499,158.007004,154.637497,156.510498
155.790497,158.834,154.734497,158.100494
158.145996,160.348999,154.5,154.652496
155.499496,155.499496,150.893005,152.601501
150.4785,152.982498,148.485504,150.197495
151.650497,151.763,144.651001,144.826996
139.837494,151.748993,139.5,151.358002
150.550003,153.990005,149.213501,153.788498
152.425003,154.449997,150.850006,153.563004
152.732498,154.098999,149.977005,151.141998
150.848999,152.999496,148.75,152.052505
153.531494,153.929001,146.856003,147.898499
147.158997,147.850006,143.807007,145.641006
145.443497,146.094498,137.416504,137.453003
136.683502,140.699493,133.572495,136.014496
139.5,140.25,136.828003,139.279007
145.684998,148.6745,143.977997,146.817505
149.574493,149.675003,145.369003,145.524506
145.981003,147.449997,140.884003,141.852997
142.850006,147.985001,142.0,147.366501
148.5,153.149994,147.3535,153.104004
152.640503,157.498505,152.139999,157.238998
156.813004,161.593994,156.011002,161.250504
161.121002,163.084,159.552994,161.491501
161.805496,166.167007,161.699005,164.889008
163.705002,166.369995,162.686996,163.408005
163.749496,164.1185,160.050003,163.649506
164.0,165.3685,162.25,164.773499
164.975006,169.037506,164.899994,168.990494
170.384003,170.831497,167.8685,169.315002
168.509506,168.9505,165.5,166.300995
166.445007,166.494995,162.953506,162.997498
164.149506,165.826996,162.319504,163.559998
164.125,168.394501,163.205505,168.346497
167.741501,168.110504,163.266006,164.054993
161.650497,162.199997,157.254501,158.755997
158.399994,160.078995,154.511505,157.7845
156.75,157.3685,154.231003,154.460495
152.712997,154.136505,150.5345,151.121994
153.692505,155.098999,150.382996,150.787506
150.018494,156.024994,149.600006,155.541
155.389999,155.897003,151.472,151.706497
151.523499,154.039505,150.250504,152.785004
152.029495,158.649002,151.550507,158.115494
157.602493,157.602493,153.6035,153.998001
154.714005,156.738007,147.589493,148.296005
148.25,149.615005,143.697495,144.350006
144.022995,146.221497,142.306503,146.074005
144.800003,144.856003,138.929504,139.391006
140.191498,141.948502,135.783493,138.167007
142.177994,145.9375,140.300003,144.596497
129.848999,130.761002,121.625,124.281502
122.401001,124.667999,118.375,124.5
124.053497,126.220497,122.824997,124.253502
123.599998,126.0,119.182999,125.928497
123.0,123.499001,115.072502,116.406998
114.849998,119.050499,113.081497,114.772499
111.3125,114.0,107.957001,108.789001
111.25,112.642502,107.170998,108.859001
108.1035,110.155998,104.428497,105.372002
102.75,110.780502,102.405502,106.930496
109.069,113.183998,107.800003,113.055
113.099998,113.9925,110.353996,110.810501
113.275002,115.800003,111.276497,115.3685
111.439499,112.852997,106.249001,107.112503
106.280502,110.033997,106.193001,107.319
109.568497,109.898003,105.009499,107.591003
108.460999,108.819,103.949997,107.556999
104.025002,105.400002,101.260002,104.099998
103.655502,108.175003,103.650002,106.775002
107.970001,112.665497,107.453499,111.077499
113.550003,115.186996,112.627998,115.1465
116.279999,121.994499,115.675003,120.209503
122.255997,125.179001,120.622498,121.683998
121.683998,125.610001,120.044998,125.511002
124.199997,124.400002,121.046501,122.349998
125.25,128.990005,123.809998,124.790001
122.010002,124.099998,120.629997,123.0
122.610001,123.75,120.75,121.18
119.989998,121.300003,116.099998,116.150002
113.419998,114.5,109.050003,109.650002
104.190002,106.540001,101.860001,103.669998
104.190002,104.879997,101.43,102.309998
103.860001,109.059998,103.529999,107.669998
104.470001,104.580002,102.010002,103.660004
102.800003,106.980003,102.510002,106.220001
108.199997,111.629997,103.559998,108.68
107.43,112.129997,107.019997,108.949997
110.389999,113.0,107.93,112.440002
112.379997,116.709999,111.43,116.459999
117.089996,117.980003,112.699997,113.220001
113.5,114.849998,107.040001,107.400002
107.379997,110.989998,106.910004,108.919998
108.110001,108.18,102.519997,106.209999
106.290001,109.75,105.849998,109.559998
107.599998,114.080002,106.32,113.5
113.209999,115.480003,112.010002,114.330002
113.849998,116.989998,113.489998,116.330002
114.599998,116.580002,113.690002,115.540001
114.080002,114.300003,110.870003,111.75
112.160004,113.230003,108.339996,109.220001
107.029999,111.779999,106.010002,110.400002
110.239998,111.18,107.580002,110.629997
112.5,115.589996,111.589996,113.550003
115.0,117.239998,113.150002,113.760002
115.699997,118.949997,114.029999,118.209999
118.620003,123.480003,118.32,122.769997
123.199997,124.849998,121.260002,124.629997
125.010002,125.5,121.349998,122.419998
122.699997,123.639999,120.029999,121.139999
115.790001,118.150002,114.529999,114.809998
117.309998,121.900002,117.160004,120.970001
121.57,122.839996,118.080002,122.279999
134.899994,137.649994,132.410004,134.949997
134.960007,138.830002,133.509995,135.389999
134.720001,137.440002,134.089996,134.160004
136.210007,140.490005,136.050003,139.520004
140.580002,143.559998,139.550003,142.570007
140.100006,142.860001,139.600006,140.800003
142.050003,144.229996,138.289993,139.410004
138.050003,138.949997,136.210007,137.830002
142.899994,144.600006,141.009995,142.690002
143.860001,144.490005,139.759995,140.639999
142.050003,143.570007,140.119995,143.550003
142.800003,143.759995,141.490005,143.179993
143.910004,146.570007,142.0,144.779999
142.690002,143.380005,140.779999,142.100006
141.320007,142.770004,140.380005,142.300003
140.470001,141.110001,137.910004,138.229996
135.720001,136.320007,132.850006,133.220001
133.410004,134.990005,132.949997,133.619995
132.75,135.470001,132.100006,133.800003
135.259995,137.419998,134.279999,137.279999
136.550003,137.830002,130.5,130.75
129.899994,131.949997,128.770004,129.789993
131.25,132.070007,126.849998,128.729996
129.449997,130.589996,126.739998,126.769997
126.0,128.020004,123.660004,127.82
129.5,131.380005,126.389999,127.510002
127.919998,128.619995,124.739998,126.110001
126.120003,129.820007,125.400002,129.479996
127.720001,130.279999,127.099998,129.820007
130.910004,133.690002,130.759995,133.270004
134.100006,136.490005,134.0,136.449997
131.009995,131.399994,126.269997,126.82
127.360001,128.839996,126.330002,128.550003
127.379997,130.369995,125.5,126.279999
122.779999,123.870003,120.699997,123.529999
122.160004,124.709999,121.800003,124.660004
123.349998,124.400002,121.139999,122.190002
122.489998,123.760002,118.449997,118.540001
117.080002,118.790001,116.260002,117.309998
116.0,116.050003,112.059998,113.779999
113.300003,117.339996,113.129997,115.150002
117.199997,118.32,113.050003,114.410004
114.379997,118.699997,113.800003,118.010002
115.599998,116.07,113.059998,114.800003
114.080002,116.919998,112.839996,113.0
113.580002,116.910004,112.449997,115.879997
119.889999,123.0,119.790001,121.089996
118.580002,121.75,117.690002,120.949997
120.769997,121.529999,119.5,120.300003
118.0,118.169998,113.879997,114.559998
115.099998,116.25,112.43,113.669998
112.709999,115.480003,110.389999,112.209999
112.489998,113.830002,111.400002,112.900002
107.879997,113.440002,105.349998,112.529999
114.099998,114.959999,106.599998,106.900002
110.110001,114.190002,110.089996,113.790001
119.059998,119.519997,114.790001,116.360001
114.709999,116.589996,113.220001,115.07
113.830002,118.239998,113.510002,115.25
114.790001,119.589996,114.5,119.32
119.980003,120.389999,116.57,119.82
119.650002,121.32,118.949997,120.599998
116.0,119.349998,114.760002,115.660004
113.919998,114.120003,109.769997,110.959999
97.910004,103.959999,97.660004,103.410004
103.559998,104.870003,100.739998,102.440002
103.989998,104.580002,96.059998,96.790001
97.32,97.739998,92.010002,92.120003
92.470001,93.5,89.019997,89.300003
91.489998,92.440002,88.040001,90.980003
91.949997,92.099998,89.040001,90.529999
90.790001,91.720001,88.230003,89.980003
89.470001,89.480003,85.870003,86.139999
92.940002,98.690002,91.650002,96.629997
97.879997,101.190002,96.660004,100.790001
98.769997,100.120003,97.290001,98.489998
103.209999,103.790001,97.339996,98.940002
96.849998,98.489998,95.540001,97.120003
95.370003,96.970001,94.029999,94.849998
95.949997,95.989998,92.480003,94.139999
93.970001,95.019997,90.589996,92.459999
92.620003,93.349998,90.870003,93.199997
93.239998,94.580002,92.830002,94.129997
93.790001,94.43,93.07,93.410004
93.93,96.400002,93.43,93.949997
94.040001,94.410004,91.440002,92.419998
92.470001,96.540001,91.529999,96.540001
96.989998,97.230003,94.919998,95.5
94.480003,95.360001,93.779999,94.129997
93.050003,94.059998,90.82,91.010002
90.5,91.040001,87.900002,88.25
88.339996,89.889999,87.480003,88.459999
89.239998,90.860001,87.879997,90.349998
88.900002,90.300003,88.629997,89.089996
89.209999,90.580002,87.870003,90.550003
95.230003,96.25,90.519997,92.489998
92.5,93.459999,89.870003,91.580002
89.889999,89.970001,87.470001,88.449997
88.269997,89.349998,86.730003,87.860001
87.510002,87.629997,84.510002,84.919998
85.330002,86.610001,84.330002,85.190002
86.18,87.230003,85.209999,86.769997
85.519997,85.68,82.25,83.790001
83.25,85.779999,82.93,85.25
84.970001,85.349998,83.0,83.040001
82.800003,83.480003,81.690002,81.82
82.870003,84.550003,82.550003,84.18
83.120003,84.050003,82.470001,84.0
85.459999,86.959999,84.209999,85.82
86.550003,86.980003,83.360001,85.139999
85.330002,85.419998,83.07,83.120003
83.029999,86.400002,81.43,86.080002
87.459999,89.480003,87.080002,87.360001
87.57,90.190002,87.290001,89.870003
90.93,95.260002,90.93,95.089996
96.93,97.190002,93.5,95.269997
94.18,98.370003,94.120003,98.120003
98.68,98.889999,95.730003,96.050003
97.25,99.32,95.379997,95.459999
94.739998,95.440002,92.860001,93.68
93.860001,97.349998,93.199997,97.25
97.559998,97.779999,95.860001,97.519997
96.93,98.089996,96.0,96.32
92.559998,97.239998,91.519997,97.18
98.239998,99.489998,96.919998,99.220001
99.529999,103.489998,99.529999,102.239998
101.089996,101.739998,99.010002,100.550003
101.160004,103.349998,101.139999,103.129997
102.529999,106.239998,101.239998,105.150002
110.25,114.0,108.879997,112.910004
105.260002,108.779999,102.519997,103.389999
102.93,103.949997,100.650002,102.18
101.169998,102.410004,98.080002,102.110001
102.040001,102.669998,98.779999,100.050003
101.32,101.779999,97.57,98.239998
97.559998,98.82,96.230003,97.610001
97.849998,99.68,96.910004,99.540001
98.410004,100.919998,97.519997,99.699997
99.089996,101.169998,98.449997,101.160004
99.209999,100.629997,98.099998,98.150002
97.800003,97.940002,95.650002,97.199997
95.339996,95.610001,94.269997,94.580002
95.099998,97.010002,94.800003,95.790001
96.120003,96.43,93.669998,95.82
93.529999,94.139999,92.32,93.5
94.279999,94.779999,93.139999,93.760002
93.139999,94.690002,92.919998,94.230003
93.870003,94.68,91.589996,92.169998
91.410004,92.230003,90.389999,92.129997
92.739998,94.940002,92.660004,94.900002
95.190002,96.550003,93.739998,93.75
94.059998,95.089996,92.779999,93.550003
93.599998,94.169998,92.18,93.919998
93.68,96.209999,92.18,92.25
92.669998,93.57,90.25,90.730003
89.970001,94.019997,88.120003,92.43
93.830002,95.07,92.709999,94.879997
93.220001,96.669998,93.07,96.199997
95.75,100.989998,95.610001,100.040001
99.790001,100.660004,97.459999,98.949997
98.410004,98.480003,95.699997,97.709999
98.139999,100.849998,98.0,100.610001
100.449997,102.099998,98.610001,98.699997
100.43,101.059998,97.620003,98.709999
98.07,98.300003,96.400002,98.129997
99.07,99.339996,97.080002,98.040001
98.110001,98.440002,96.290001,97.239998
98.690002,100.419998,98.559998,100.25
101.550003,103.040001,101.010002,102.0
102.160004,103.489998,101.949997,103.290001
102.300003,103.290001,101.43,102.410004
102.75,104.199997,102.110001,103.949997
103.910004,103.910004,100.75,101.099998
100.75,102.379997,99.800003,102.059998
100.959999,102.199997,99.57,102.169998
100.800003,101.0,99.010002,99.919998
100.400002,100.510002,97.709999,97.830002
98.949997,102.57,98.709999,102.400002
102.07,103.199997,101.110001,102.510002
103.160004,103.730003,101.589996,102.739998
103.949997,104.199997,101.519997,102.300003
101.580002,105.120003,101.389999,104.300003
103.529999,105.25,103.209999,103.809998
106.099998,108.150002,105.080002,106.959999
107.660004,109.230003,105.07,106.209999
104.910004,105.449997,102.449997,102.57
105.040001,106.620003,104.099998,104.980003
108.160004,110.860001,106.800003,109.82
107.730003,109.480003,104.330002,105.449997
104.949997,105.230003,101.82,102.050003
101.470001,103.900002,101.150002,103.629997
103.739998,105.959999,103.279999,103.650002
104.040001,105.389999,103.309998,104.0
104.269997,105.760002,103.550003,105.660004
105.040001,106.099998,104.699997,105.830002
105.480003,106.790001,105.160004,106.620003
108.099998,110.669998,108.050003,110.190002
111.029999,113.279999,110.489998,112.18
112.160004,112.639999,109.32,110.260002
111.150002,112.290001,109.25,111.199997
111.050003,114.790001,111.050003,113.400002
114.889999,115.830002,114.220001,115.5
116.690002,118.599998,116.339996,118.150002
118.160004,118.309998,115.699997,116.25
116.769997,116.769997,114.25,115.010002
114.269997,117.139999,113.779999,114.989998
115.349998,117.339996,115.019997,116.75
116.629997,116.870003,114.309998,115.0
116.040001,121.5,116.019997,120.110001
122.370003,122.919998,119.860001,121.660004
121.449997,122.040001,119.169998,120.580002
120.690002,123.489998,119.93,122.769997
124.919998,126.389999,124.019997,124.25
123.360001,125.800003,123.029999,125.300003
125.07,127.400002,125.0,126.610001
127.010002,127.370003,120.629997,121.230003
123.010002,125.629997,122.260002,124.25
124.080002,125.800003,123.190002,123.43
124.019997,126.779999,123.529999,126.57
128.119995,128.410004,125.18,126.660004
126.699997,126.949997,124.120003,126.419998
125.209999,127.690002,124.32,127.110001
127.709999,127.900002,125.300003,125.489998
124.970001,127.25,124.5,125.779999
125.639999,126.730003,123.849998,124.830002
125.309998,130.330002,125.139999,130.149994
129.110001,130.839996,128.279999,129.330002
129.330002,131.490005,127.099998,127.330002
128.630005,130.089996,127.550003,129.179993
128.940002,131.479996,128.440002,129.039993
128.770004,129.259995,127.260002,127.900002
129.470001,131.25,128.949997,130.360001
130.820007,131.850006,130.070007,130.220001
130.240005,131.399994,129.639999,130.380005
128.25,128.729996,127.370003,128.360001
128.589996,130.970001,128.130005,129.779999
129.070007,129.279999,125.919998,127.129997
127.75,129.770004,127.349998,128.779999
130.309998,131.259995,128.830002,130.800003
134.039993,134.669998,132.710007,134.300003
134.059998,136.649994,134.059998,134.679993
134.559998,135.619995,133.210007,133.559998
132.710007,133.860001,131.350006,132.830002
133.389999,135.990005,132.529999,135.360001
134.070007,134.789993,129.330002,129.960007
131.339996,131.369995,128.419998,130.0
130.309998,131.660004,128.350006,128.800003
129.309998,129.580002,128.529999,129.130005
126.510002,129.080002,126.110001,128.149994
131.0,132.630005,127.790001,128.25
129.690002,133.009995,129.330002,132.210007
133.199997,133.869995,132.380005,133.679993
133.550003,133.690002,131.619995,131.690002
130.149994,130.229996,126.82,128.210007
127.480003,129.839996,126.410004,128.910004
141.059998,143.630005,139.320007,139.570007
140.990005,142.539993,138.949997,142.220001
140.619995,140.839996,138.419998,139.940002
139.970001,140.320007,137.100006,137.850006
139.070007,140.410004,137.490005,138.559998
137.399994,139.330002,137.0,138.410004
138.300003,140.589996,137.75,140.570007
140.050003,141.279999,137.229996,137.669998
137.190002,137.270004,135.009995,135.070007
135.460007,136.089996,133.529999,133.979996
131.619995,134.070007,131.149994,133.220001
133.740005,135.190002,132.710007,134.679993
135.080002,135.649994,133.729996,134.25
134.5,135.949997,133.220001,135.520004
136.399994,136.779999,131.830002,131.839996
132.470001,133.869995,130.580002,133.259995
133.779999,133.949997,131.850006,133.139999
133.380005,135.139999,133.25,134.910004
134.929993,135.679993,133.919998,135.070007
135.059998,138.789993,135.0,138.009995
139.460007,139.960007,136.880005,138.119995
137.729996,137.800003,135.820007,137.270004
136.320007,137.449997,134.610001,135.360001
133.899994,138.029999,133.160004,137.850006
136.860001,138.850006,136.75,138.229996
138.75,143.619995,138.639999,143.100006
142.320007,143.0,140.610001,141.229996
140.949997,144.979996,140.869995,144.850006
145.080002,145.860001,142.949997,144.720001
142.690002,143.570007,140.089996,140.389999
140.479996,141.75,139.220001,139.979996
138.699997,138.839996,135.559998,137.630005
138.550003,139.369995,135.199997,135.289993
131.940002,132.240005,129.309998,129.330002
131.110001,132.029999,128.520004,129.119995
129.360001,131.779999,128.770004,131.270004
130.119995,130.389999,125.279999,125.980003
125.760002,127.480003,124.129997,125.980003
124.040001,126.580002,123.040001,125.980003
128.199997,129.149994,126.32,127.120003
127.279999,130.470001,126.540001,129.460007
128.059998,128.520004,124.25,124.720001
126.059998,127.360001,125.68,127.0
126.709999,126.730003,124.330002,125.959999
124.160004,128.449997,124.129997,127.959999
126.220001,128.789993,124.760002,128.259995
128.820007,130.740005,128.050003,129.479996
129.740005,132.050003,129.610001,131.830002
132.169998,134.479996,131.229996,132.330002
132.979996,133.309998,128.949997,129.789993
130.690002,133.070007,130.429993,132.550003
130.389999,132.580002,128.710007,131.470001
129.899994,130.669998,127.510002,128.130005
130.570007,132.240005,127.470001,128.399994
128.050003,128.169998,124.970001,125.169998
124.629997,127.879997,123.980003,126.559998
127.739998,128.800003,126.339996,128.559998
126.040001,126.339996,120.790001,121.389999
120.629997,121.639999,118.349998,119.57
126.199997,130.020004,125.519997,127.739998
129.720001,133.0,128.559998,132.710007
132.75,133.570007,131.710007,133.089996
133.960007,137.350006,133.710007,137.0
138.729996,138.809998,136.470001,138.070007
138.990005,139.490005,137.449997,138.600006
138.759995,140.729996,138.360001,139.740005
140.550003,143.369995,140.5,142.710007
142.970001,143.119995,141.220001,142.080002
142.020004,142.649994,139.839996,140.600006
140.460007,143.649994,139.910004,143.559998
142.080002,143.229996,140.669998,142.589996
145.0,147.259995,144.679993,145.800003
147.059998,147.289993,142.589996,143.199997
140.910004,143.320007,139.520004,142.830002
142.660004,145.229996,142.539993,145.179993
145.130005,146.630005,144.729996,146.130005
143.910004,144.050003,141.5,143.899994
144.570007,147.740005,144.570007,146.710007
146.699997,147.199997,145.320007,146.740005
147.529999,149.259995,146.880005,147.729996
146.979996,147.600006,145.529999,147.029999
147.850006,148.539993,145.970001,146.320007
144.759995,146.929993,144.330002,146.089996
146.0,147.25,145.550003,147.029999
145.25,145.350006,142.809998,144.839996
143.550003,148.570007,143.130005,146.880005
147.580002,147.850006,144.279999,144.520004
146.149994,147.919998,145.339996,146.880005
145.479996,147.839996,145.399994,147.419998
145.660004,146.190002,143.639999,145.889999
145.520004,147.5,145.300003,147.479996
148.119995,149.460007,146.820007,148.839996
149.929993,150.539993,145.520004,147.419998
148.380005,150.570007,147.880005,149.970001
150.559998,154.850006,150.050003,154.070007
154.399994,155.119995,152.690002,153.789993
152.899994,155.630005,151.559998,152.119995
153.300003,153.970001,152.100006,153.839996
153.770004,154.350006,152.710007,153.419998
153.559998,153.979996,153.029999,153.410004
153.559998,154.779999,153.119995,153.339996
153.720001,154.080002,152.949997,153.380005
153.100006,153.889999,151.029999,151.940002
151.539993,152.380005,148.389999,149.929993
149.199997,151.050003,148.330002,148.470001
145.589996,147.380005,144.050003,144.570007
144.690002,146.589996,144.529999,145.240005
146.740005,149.399994,146.149994,149.100006
148.330002,151.710007,148.210007,151.369995
152.059998,154.419998,151.880005,153.729996
155.039993,157.169998,153.119995,155.179993
155.389999,156.199997,154.009995,154.619995
153.529999,154.990005,152.149994,153.160004
151.490005,152.149994,149.910004,151.710007
152.770004,153.779999,151.820007,153.5
153.830002,155.759995,152.740005,155.339996
156.889999,157.050003,153.899994,154.779999
154.850006,156.210007,153.929993,156.020004
157.800003,158.509995,156.479996,156.869995
156.949997,158.509995,154.550003,157.75
158.419998,160.720001,157.910004,159.119995
159.339996,161.289993,158.899994,161.259995
160.699997,161.729996,158.490005,159.0
157.0,159.009995,154.809998,155.199997
155.869995,159.759995,155.619995,159.279999
169.190002,172.5,167.330002,171.809998
170.199997,170.550003,167.699997,170.309998
169.389999,170.710007,167.649994,169.149994
169.479996,170.880005,168.940002,170.529999
169.649994,171.429993,168.880005,169.839996
170.899994,175.0,170.580002,174.449997
174.800003,175.389999,171.539993,172.339996
167.729996,170.949997,165.75,168.639999
169.210007,171.210007,168.279999,170.979996
170.580002,171.169998,167.589996,169.800003
168.740005,170.419998,167.169998,169.509995
167.830002,168.710007,165.740005,167.080002
168.940002,170.229996,167.139999,168.589996
173.100006,174.800003,171.770004,174.580002
174.279999,175.75,173.699997,174.990005
175.699997,176.369995,174.259995,174.729996
174.080002,174.619995,172.860001,173.539993
172.440002,174.050003,172.270004,173.160004
173.009995,177.220001,172.850006,176.759995
176.75,178.729996,176.070007,178.220001
177.529999,180.139999,177.490005,177.580002
176.929993,176.929993,173.300003,174.119995
175.539993,176.460007,173.259995,173.509995
174.830002,177.990005,173.720001,176.820007
176.440002,178.789993,174.330002,175.350006
174.309998,174.470001,171.470001,171.960007
173.5,176.759995,171.979996,175.389999
175.899994,177.619995,175.550003,176.559998
177.690002,179.529999,176.470001,178.75
176.639999,177.929993,173.899994,174.419998
175.800003,176.690002,174.279999,174.479996
174.220001,176.089996,173.520004,175.899994
176.139999,178.529999,174.639999,178.149994
179.990005,181.419998,178.149994,178.149994
177.75,179.259995,176.75,178.869995
178.009995,180.990005,177.240005,179.710007
180.149994,180.449997,177.949997,178.300003
179.880005,180.0,177.309998,179.830002
180.169998,181.699997,179.259995,180.380005
180.789993,183.0,179.949997,180.970001
179.070007,180.789993,178.380005,180.690002
179.899994,182.869995,179.800003,182.410004
184.0,185.100006,180.0,180.0
182.380005,186.270004,181.970001,185.070007
186.899994,187.289993,184.809998,185.190002
187.240005,187.339996,184.199997,185.669998
182.770004,186.270004,182.669998,185.949997
186.740005,189.770004,185.509995,189.050003
187.720001,188.380005,185.080002,186.130005
187.429993,188.690002,183.0,183.619995
183.270004,184.830002,182.259995,183.320007
184.309998,184.570007,179.820007,181.279999
181.470001,182.389999,178.649994,179.220001
178.740005,179.0,173.440002,174.630005
176.940002,178.869995,174.559998,177.229996
178.080002,179.929993,175.979996,179.539993
179.940002,180.320007,176.179993,176.589996
169.679993,173.919998,166.320007,173.669998
177.800003,180.820007,176.130005,179.619995
182.75,183.529999,179.389999,180.960007
181.089996,182.990005,174.800003,175.0
181.639999,185.149994,176.559998,179.0
180.850006,185.100006,179.910004,184.720001
186.990005,187.869995,185.419998,186.210007
186.279999,188.75,184.800003,188.699997
188.919998,189.940002,187.309998,188.759995
187.440002,188.429993,186.389999,188.0
188.880005,191.699997,187.440002,189.5
189.160004,189.889999,186.929993,187.479996
188.0,188.309998,185.360001,186.570007
183.820007,187.720001,183.449997,187.070007
185.970001,186.720001,182.729996,185.990005
185.600006,187.309998,183.460007,183.630005
183.759995,185.300003,183.350006,184.699997
184.339996,186.669998,183.279999,183.539993
182.300003,183.259995,180.75,183.149994
183.880005,185.220001,181.970001,183.130005
183.660004,184.759995,180.080002,181.050003
181.649994,182.440002,180.300003,180.75
179.929993,182.240005,179.490005,182.149994
181.699997,184.080002,181.550003,182.020004
181.309998,181.339996,178.360001,179.320007
178.300003,179.210007,173.869995,176.440002
177.699997,178.699997,175.919998,178.339996
177.639999,179.820007,176.440002,179.339996
180.100006,181.5,178.75,181.279999
181.75,185.0,181.490005,185.0
184.899994,186.289993,183.360001,184.300003
184.070007,187.229996,183.789993,187.059998
187.059998,187.770004,184.539993,187.229996
188.020004,188.350006,185.429993,186.889999
186.089996,187.669998,182.669998,183.830002
183.080002,183.720001,182.229996,183.660004
182.520004,185.0,181.220001,184.059998
183.740005,184.289993,181.429993,182.809998
182.910004,186.509995,182.720001,186.100006
187.800003,189.279999,185.860001,189.080002
189.330002,191.0,185.330002,185.570007
186.809998,188.839996,185.419998,186.339996
186.919998,194.800003,186.259995,193.610001
195.009995,199.839996,194.199997,197.850006
197.729996,198.850006,192.5,193.25
193.490005,198.300003,192.820007,197.199997
197.279999,200.429993,195.929993,200.0
199.940002,200.029999,196.759995,197.589996
198.649994,200.550003,198.169998,200.0
200.039993,201.199997,197.960007,199.289993
199.399994,200.570007,199.050003,199.339996
200.0,200.110001,197.690002,199.789993
200.089996,200.270004,192.860001,195.050003
194.800003,196.470001,193.830002,194.490005
194.559998,196.190002,190.830002,192.720001
195.589996,196.619995,192.240005,193.020004
191.350006,191.580002,185.990005,187.929993
189.589996,189.679993,181.449997,183.75
181.139999,184.929993,180.110001,183.130005
185.0,185.059998,182.479996,182.550003
184.100006,189.389999,183.559998,186.410004
183.199997,185.449997,180.410004,180.830002
182.910004,183.899994,176.800003,179.850006
180.389999,183.190002,180.240005,182.5
183.839996,184.75,182.380005,183.199997
184.720001,185.860001,179.380005,181.710007
185.050003,187.940002,184.460007,186.979996
189.289993,190.600006,181.869995,184.070007
166.75,168.770004,160.550003,167.899994
154.210007,162.960007,151.610001,161.020004
161.710007,165.080002,158.539993,161.929993
166.550003,167.580002,161.429993,162.770004
165.169998,166.690002,162.550003,165.800003
166.399994,168.550003,165.850006,166.940002
168.139999,168.550003,166.110001,166.800003
167.809998,171.039993,167.100006,170.229996
172.110001,172.279999,168.860001,170.100006
174.860001,177.910004,173.990005,177.589996
177.039993,178.339996,176.259995,177.059998
177.639999,178.300003,176.160004,178.220001
177.919998,179.009995,177.429993,178.880005
179.919998,182.389999,178.889999,180.110001
181.380005,181.470001,175.679993,176.130005
177.339996,178.970001,175.240005,177.039993
176.699997,177.470001,174.300003,175.5
174.149994,174.889999,172.25,173.119995
173.690002,173.690002,168.919998,170.800003
173.220001,174.289993,170.809998,172.119995
172.779999,178.899994,172.600006,178.5
177.550003,178.259995,175.259995,176.25
174.479996,175.979996,172.539993,173.330002
175.0,179.880005,175.0,177.889999
177.240005,178.380005,171.160004,171.389999
174.529999,175.850006,173.509995,175.399994
177.490005,180.5,176.789993,179.550003
180.100006,184.990005,175.729996,184.520004
184.800003,187.410004,183.539993,187.0
187.0,188.5,185.910004,186.490005
185.289993,185.809998,183.360001,184.889999
186.850006,189.449997,186.139999,186.880005
186.449997,188.800003,185.059998,186.429993
190.039993,190.990005,188.470001,189.869995
190.229996,191.839996,187.410004,191.600006
191.639999,194.449997,190.570007,193.880005
194.270004,195.369995,190.130005,193.960007
193.75,193.949997,192.160004,192.529999
194.309998,194.529999,189.539993,191.160004
190.679993,190.899994,187.339996,187.970001
187.139999,188.490005,184.649994,186.330002
184.899994,186.190002,183.449997,185.130005
184.440002,186.600006,184.039993,184.759995
183.050003,183.440002,180.880005,181.960007
185.75,187.600006,183.600006,186.509995
182.949997,183.600006,180.25,180.800003
181.919998,183.089996,180.919998,182.720001
182.820007,185.850006,182.050003,185.169998
187.130005,188.130005,185.830002,186.649994
186.630005,189.929993,186.300003,188.820007
189.779999,189.830002,187.360001,187.539993
187.630005,188.410004,184.580002,187.690002
187.050003,187.779999,185.610001,186.889999
188.220001,188.940002,186.0,187.529999
187.149994,190.740005,186.279999,188.990005
188.050003,189.460007,186.399994,189.070007
188.350006,191.520004,186.979996,189.699997
188.850006,189.160004,183.690002,184.710007
185.25,187.110001,183.860001,186.380005
187.850006,190.449997,187.529999,187.830002
189.570007,190.210007,188.210007,188.389999
188.580002,191.460007,187.820007,190.830002
194.699997,195.610001,192.419998,192.729996
190.509995,190.600006,185.229996,186.399994
199.0,200.5,197.020004,197.929993
196.449997,197.330002,194.309998,195.779999
196.039993,199.820007,195.990005,199.5
200.009995,207.550003,199.139999,207.089996
207.440002,212.25,207.190002,210.050003
209.720001,209.960007,207.440002,208.179993
208.5,209.649994,205.589996,206.839996
208.369995,209.539993,206.009995,208.910004
209.399994,215.089996,209.139999,214.100006
214.160004,215.899994,210.880005,211.479996
206.759995,207.339996,199.610001,202.610001
204.149994,204.669998,200.949997,201.699997
199.330002,205.300003,198.779999,204.610001
202.979996,203.130005,199.449997,202.880005
203.490005,203.490005,195.75,198.380005
198.25,199.259995,196.75,197.119995
199.279999,201.949997,199.0,201.449997
201.899994,208.0,201.789993,207.860001
206.979996,207.639999,205.050003,205.740005
205.830002,208.199997,204.589996,207.889999
209.960007,212.990005,209.509995,210.710007
210.309998,214.020004,209.649994,213.440002
215.960007,220.0,215.75,218.160004
218.029999,222.149994,217.300003,220.550003
220.75,227.149994,220.600006,227.029999
227.210007,230.080002,225.669998,226.089996
226.089996,229.059998,224.199997,225.039993
226.410004,231.199997,226.259995,230.259995
229.830002,231.089996,227.630005,228.970001
228.399994,230.199997,225.860001,227.460007
230.229996,233.0,228.009995,232.929993
232.389999,232.729996,227.850006,231.149994
230.770004,231.399994,220.110001,220.520004
224.910004,226.089996,222.919998,223.289993
219.839996,226.210007,218.729996,224.919998
225.009995,226.880005,223.899994,225.059998
226.940002,229.139999,226.130005,229.050003
228.5,228.5,226.669998,227.050003
225.600006,226.029999,220.899994,223.75
220.059998,223.0,218.429993,221.300003
222.970001,223.229996,218.940002,219.389999
222.029999,225.149994,218.190002,220.220001
222.509995,225.360001,221.619995,224.190002
226.779999,228.839996,224.839996,227.610001
227.899994,228.380005,221.460007,222.110001
223.190002,223.520004,220.199997,222.130005
221.460007,221.710007,216.5,218.940002
218.059998,219.399994,216.470001,218.460007
220.440002,221.820007,216.199997,217.759995
222.830002,223.570007,220.75,223.350006
224.419998,224.649994,220.309998,220.660004
225.839996,226.509995,223.080002,225.940002
228.899994,231.779999,226.940002,230.710007
232.020004,235.440002,231.190002,235.009995
234.100006,235.520004,231.509995,235.419998
234.5,236.399994,232.929993,234.850006
226.210007,235.610001,225.860001,235.419998
234.289993,241.770004,233.979996,238.149994
239.020004,240.389999,236.149994,237.070007
237.139999,237.949997,232.220001,234.639999
236.5,240.289993,236.410004,237.679993
234.059998,239.25,232.899994,237.419998
239.009995,242.520004,238.029999,242.059998
237.020004,238.320007,235.199997,236.169998
238.009995,239.660004,236.009995,238.830002
232.5,234.809998,228.059998,229.149994
230.550003,233.919998,229.199997,233.139999
231.919998,233.440002,230.130005,232.759995
230.460007,231.179993,228.160004,228.929993
228.850006,230.419998,227.520004,230.369995
229.199997,229.889999,227.229996,228.679993
228.820007,229.300003,223.720001,226.649994
225.520004,226.830002,223.710007,226.630005
224.779999,225.130005,221.809998,222.880005
223.279999,223.309998,214.740005,216.580002
217.449997,217.720001,212.419998,212.710007
211.630005,213.339996,204.160004,212.800003
214.940002,218.160004,213.089996,214.350006
218.350006,219.970001,208.369995,208.740005
208.649994,212.619995,206.990005,212.279999
213.350006,214.009995,202.550003,205.020004
200.110001,206.800003,197.429993,203.800003
204.800003,209.979996,203.259995,208.360001
204.399994,205.770004,198.300003,200.699997
199.490005,202.270004,192.529999,199.25
195.600006,196.729996,190.850006,194.539993
193.899994,200.179993,193.399994,196.589996
200.720001,201.520004,195.289993,198.889999
198.169998,198.880005,191.820007,193.889999
197.410004,198.649994,195.320007,197.949997
198.770004,199.0,194.320007,195.740005
192.520004,194.0,189.380005,192.820007
193.380005,195.970001,191.960007,195.539993
193.070007,199.320007,192.300003,194.949997
192.899994,196.990005,192.520004,196.210007
200.0,203.639999,199.949997,203.259995
203.600006,206.210007,203.220001,205.710007
205.839996,206.009995,199.929993,201.130005
200.889999,203.789993,199.279999,201.360001
198.419998,199.259995,191.880005,192.720001
188.190002,191.330002,184.399994,190.259995
187.860001,193.929993,187.199997,192.169998
187.660004,198.339996,187.660004,196.009995
183.0,184.130005,176.919998,178.410004
167.149994,178.139999,166.0,171.0
162.0,183.410004,161.380005,175.259995
185.229996,185.899994,168.570007,170.660004
172.119995,192.649994,169.929993,191.100006
185.440002,186.869995,175.850006,181.220001
179.929993,185.860001,178.0,184.869995
186.839996,187.440002,179.229996,182.119995
181.410004,182.350006,177.929993,179.589996
176.289993,179.100006,171.410004,174.330002
176.0,176.210007,172.0,172.610001
169.600006,169.600006,165.289993,167.320007
169.850006,176.779999,169.350006,173.179993
183.449997,187.380005,180.190002,180.600006
180.919998,186.740005,180.179993,186.539993
187.619995,189.940002,185.490005,188.990005
190.110001,190.220001,184.889999,187.699997
183.990005,188.020004,183.679993,187.389999
182.169998,185.050003,178.850006,184.419998
190.630005,191.809998,187.5,190.199997
191.440002,192.880005,186.399994,189.979996
186.509995,188.179993,185.529999,186.350006
184.570007,187.929993,183.850006,185.009995
185.559998,190.990005,185.009995,188.710007
191.429993,194.330002,188.820007,192.080002
193.380005,194.690002,191.160004,193.059998
210.710007,211.660004,205.75,208.639999
211.080002,214.839996,210.100006,211.369995
211.449997,211.929993,208.850006,210.25
206.449997,206.880005,202.669998,205.169998
206.850006,206.850006,204.369995,205.589996
201.649994,206.619995,201.259995,206.160004
204.630005,205.589996,202.649994,204.070007
201.610001,203.460007,200.059998,201.119995
201.380005,205.759995,200.160004,203.100006
198.899994,202.369995,197.850006,200.990005
203.089996,206.690002,202.190002,206.020004
205.919998,207.660004,204.410004,204.720001
208.029999,208.809998,204.229996,205.699997
204.839996,205.990005,201.699997,205.009995
204.979996,207.0,202.679993,206.649994
207.110001,208.949997,205.029999,205.710007
206.550003,208.179993,205.179993,207.229996
209.550003,212.809998,207.559998,207.910004
212.399994,213.869995,210.5,213.570007
214.75,217.850006,212.880005,216.979996
216.779999,217.690002,214.149994,217.610001
217.410004,218.399994,212.889999,213.199997
211.779999,213.580002,211.330002,213.240005
209.960007,214.050003,209.619995,212.100006
212.309998,217.059998,211.600006,216.100006
215.199997,217.410004,214.559998,214.820007
215.089996,217.960007,212.339996,212.520004
214.679993,214.889999,208.270004,209.690002
209.789993,210.389999,207.309998,208.470001
212.139999,214.339996,211.050003,212.770004
214.619995,216.029999,211.110001,211.990005
213.119995,218.039993,212.009995,217.119995
219.919998,223.300003,216.740005,223.300003
223.520004,223.820007,219.119995,219.389999
219.5,221.880005,217.929993,220.460007
219.729996,221.600006,219.059998,219.919998
221.820007,224.009995,221.360001,223.410004
223.0,224.289993,222.369995,223.470001
223.919998,224.0,218.429993,219.360001
221.070007,224.289993,220.470001,222.539993
221.550003,222.789993,219.699997,222.259995
223.580002,226.679993,222.369995,225.020004
225.070007,226.660004,224.240005,225.690002
226.199997,227.270004,225.460007,226.350006
225.880005,226.100006,222.179993,223.190002
223.320007,224.5,222.509995,223.880005
225.139999,226.399994,222.979996,226.130005
225.839996,229.690002,225.649994,229.300003
229.679993,230.0,226.350006,227.470001
228.470001,228.789993,227.089996,228.289993
229.169998,236.0,228.639999,232.229996
232.220001,232.479996,231.179993,231.440002
233.350006,234.289993,232.25,232.789993
234.149994,234.720001,230.309998,231.009995
231.639999,231.800003,229.289993,230.190002
235.770004,236.529999,231.399994,234.110001
217.210007,220.440002,212.800003,214.75
217.399994,217.440002,211.419998,211.649994
213.050003,216.300003,212.869995,213.75
214.699997,222.649994,213.740005,222.309998
221.0,226.220001,220.820007,223.130005
223.139999,223.800003,221.880005,222.690002
221.779999,223.050003,220.399994,221.300003
222.229996,223.5,219.050003,221.470001
222.0,224.919998,222.0,224.559998
227.399994,233.110001,227.020004,230.979996
232.580002,234.080002,229.809998,231.029999
230.229996,231.910004,228.330002,231.490005
230.089996,230.529999,227.119995,228.009995
227.119995,227.270004,220.919998,223.809998
222.649994,222.779999,220.5,221.949997
222.789993,229.139999,220.820007,228.839996
227.350006,229.600006,227.309998,227.940002
227.110001,229.0,226.020004,228.710007
228.570007,229.869995,227.809998,229.119995
229.009995,232.710007,228.020004,231.600006
231.320007,231.809998,228.160004,229.0
223.520004,226.169998,221.830002,225.339996
225.210007,227.169998,224.360001,225.990005
231.190002,235.770004,230.779999,235.679993
235.190002,236.0,231.929993,232.330002
234.940002,237.600006,233.75,235.839996
236.360001,238.850006,235.080002,238.240005
237.520004,237.679993,229.100006,230.330002
231.490005,231.529999,229.339996,229.949997
230.350006,230.789993,226.289993,228.149994
230.630005,233.729996,230.320007,231.429993
232.940002,235.899994,232.229996,234.050003
233.770004,234.300003,228.710007,231.619995
232.5,233.479996,228.789993,231.229996
232.369995,234.160004,229.699997,231.479996
230.559998,230.570007,227.509995,227.630005
227.830002,227.860001,220.070007,220.710007
224.149994,224.559998,219.449997,220.210007
220.059998,220.669998,216.470001,218.149994
219.080002,221.050003,218.020004,219.779999
220.080002,222.600006,219.300003,222.169998
222.029999,222.240005,217.889999,219.570007
217.360001,222.149994,216.610001,220.630005
221.009995,222.809998,218.949997,222.410004
223.440002,224.199997,219.339996,219.509995
221.0,221.729996,216.029999,220.899994
220.880005,222.889999,220.169998,221.779999
222.919998,226.729996,221.190002,225.220001
225.0,228.210007,221.75,227.740005
226.210007,228.25,216.0,216.369995
217.699997,220.679993,217.039993,220.070007
215.559998,219.320007,212.600006,216.389999
216.619995,217.710007,212.660004,215.570007
215.669998,218.589996,212.809998,214.470001
214.559998,214.800003,211.029999,213.039993
213.880005,216.690002,213.589996,216.479996
218.429993,223.320007,217.990005,222.029999
219.300003,220.009995,216.520004,217.949997
219.0,221.300003,218.179993,221.089996
221.970001,225.399994,221.899994,224.210007
227.660004,228.399994,225.539993,226.970001
228.220001,231.490005,226.210007,229.25
231.669998,232.820007,227.759995,230.300003
227.059998,228.440002,222.75,222.860001
250.100006,250.5,243.979996,244.220001
255.360001,258.600006,252.899994,254.0
250.380005,257.01001,248.660004,249.320007
249.029999,251.0,246.160004,250.199997
249.160004,250.380005,242.169998,243.039993
242.899994,244.899994,238.490005,244.410004
248.339996,251.75,245.589996,248.399994
248.410004,249.75,247.229996,249.100006
250.240005,250.369995,243.75,244.199997
243.050003,243.75,236.5,237.580002
235.059998,238.729996,232.889999,234.690002
233.25,234.600006,229.190002,232.869995
228.100006,230.199997,222.419998,222.550003
223.740005,223.740005,218.520004,222.690002
227.050003,227.410004,216.740005,217.139999
216.350006,222.210007,215.179993,220.690002
222.559998,227.330002,222.270004,226.279999
226.380005,230.520004,223.800003,229.669998
230.740005,231.75,228.770004,229.160004
231.240005,233.289993,230.220001,233.220001
233.220001,235.800003,232.25,233.880005
235.009995,238.970001,233.550003,234.419998
233.350006,233.380005,230.610001,232.380005
232.770004,233.5,226.800003,229.110001
230.320007,231.240005,228.550003,229.529999
229.589996,230.830002,226.270004,226.889999
226.839996,228.570007,225.110001,227.919998
228.809998,232.419998,228.460007,231.779999
230.710007,232.110001,228.690002,230.279999
229.869995,230.080002,225.119995,226.190002
227.929993,227.929993,221.5,222.539993
223.039993,223.660004,221.130005,222.559998
224.660004,225.190002,220.990005,221.270004
225.710007,229.229996,224.410004,226.759995
226.759995,229.130005,225.580002,227.350006
228.610001,229.479996,226.710007,228.429993
229.059998,232.449997,228.729996,232.139999
232.130005,232.949997,231.330002,232.380005
232.039993,232.990005,231.179993,232.520004
231.940002,232.600006,230.770004,232.070007
231.210007,232.770004,230.199997,232.529999
232.910004,232.990005,230.119995,230.820007
231.339996,235.460007,224.699997,226.5
228.839996,234.0,227.179993,233.059998
232.100006,243.179993,232.070007,240.929993
239.610001,245.289993,239.520004,241.559998
243.059998,246.410004,241.880005,246.289993
244.570007,247.860001,242.240005,247.380005
246.729996,248.940002,245.960007,246.470001
246.529999,247.660004,240.25,242.600006
241.149994,241.279999,236.220001,236.649994
239.309998,240.649994,236.630005,238.179993
239.089996,239.570007,236.410004,239.119995
233.759995,235.089996,229.339996,231.0
231.089996,232.300003,226.880005,231.309998
234.050003,235.720001,230.899994,234.339996
234.960007,240.449997,234.570007,239.160004
239.979996,240.949997,237.539993,238.419998
239.690002,244.880005,238.080002,244.679993
246.369995,247.779999,241.529999,243.009995
242.820007,243.0,236.740005,241.729996
239.889999,243.320007,237.639999,239.300003
238.309998,245.630005,238.169998,242.960007
244.979996,246.350006,235.449997,238.619995
238.860001,238.860001,231.820007,232.990005
224.910004,226.309998,220.380005,222.690002
202.699997,211.440002,200.309998,210.320007
208.970001,212.809998,203.350006,208.720001
208.800003,212.649994,206.410004,206.960007
208.059998,208.570007,202.490005,204.080002
203.960007,203.960007,197.559998,199.600006
198.880005,201.160004,197.279999,198.789993
198.130005,201.740005,196.0,201.149994
202.070007,206.860001,201.509995,204.789993
203.800003,205.639999,202.809998,204.860001
204.759995,211.169998,203.75,210.110001
208.100006,208.429993,203.110001,205.270004
205.470001,210.360001,203.25,208.559998
210.460007,211.589996,208.929993,210.639999
210.729996,211.050003,205.350006,207.919998
206.830002,210.330002,205.199997,210.0
204.550003,209.729996,203.460007,208.389999
203.100006,209.179993,202.479996,208.729996
210.470001,217.539993,210.149994,216.820007
215.979996,220.470001,215.589996,218.940002
214.990005,217.320007,212.529999,213.210007
210.449997,213.820007,207.110001,213.490005
214.190002,215.649994,212.429993,214.330002
215.710007,217.0,211.350006,212.649994
210.389999,211.710007,208.149994,209.529999
209.610001,210.559998,206.220001,207.669998
208.350006,212.720001,207.449997,211.740005
212.820007,215.699997,212.429993,215.199997
213.929993,215.139999,208.830002,209.869995
207.059998,209.119995,206.050003,208.759995
207.399994,207.539993,204.320007,205.369995
209.789993,212.800003,209.509995,210.139999
207.949997,209.350006,206.639999,207.240005
211.559998,213.070007,209.899994,211.710007
210.610001,212.889999,207.119995,207.539993
206.460007,206.600006,199.139999,199.339996
201.479996,203.800003,199.979996,200.949997
204.850006,210.279999,204.139999,208.270004
210.440002,213.580002,208.190002,210.570007
206.539993,212.210007,204.899994,209.770004
209.800003,212.949997,209.589996,212.789993
211.240005,213.970001,209.080002,213.770004
223.789993,226.100006,219.619995,221.25
225.229996,233.800003,223.270004,233.649994
235.300003,240.429993,235.210007,238.380005
237.449997,240.0,235.75,239.889999
241.779999,252.179993,241.779999,249.020004
249.25,250.440002,247.199997,248.5
248.509995,250.0,244.199997,249.699997
254.990005,256.179993,250.110001,250.559998
249.190002,250.179993,245.369995,248.279999
255.089996,255.089996,249.100006,249.910004
252.440002,255.940002,250.330002,255.360001
255.389999,258.790009,253.070007,255.080002
259.980011,264.5,257.690002,263.98999
263.459991,264.149994,260.339996,261.119995
258.390015,261.029999,256.630005,259.700012
257.98999,265.910004,257.700012,263.040009
273.170013,273.880005,256.160004,265.059998
265.579987,273.320007,262.73999,268.26001
268.799988,276.100006,268.799988,272.049988
276.079987,278.559998,272.380005,273.549988
272.890015,277.799988,272.209991,274.98999
275.019989,276.630005,270.48999,271.170013
271.630005,274.0,269.950012,272.679993
269.839996,273.630005,268.480011,268.98999
266.709991,267.649994,262.630005,265.820007
264.429993,270.720001,263.200012,270.130005
269.149994,270.779999,266.630005,267.220001
262.5,264.359985,260.890015,264.140015
263.869995,268.850006,262.529999,264.859985
262.040009,262.25,255.190002,259.339996
260.049988,265.579987,259.529999,265.01001
263.5,269.48999,261.369995,268.459991
268.660004,269.790009,266.23999,266.320007
267.940002,269.299988,262.070007,265.290009
266.149994,272.410004,265.700012,271.850006
272.269989,274.5,267.440002,274.0
271.290009,274.75,269.640015,270.640015
266.290009,266.630005,260.700012,261.26001
257.160004,261.200012,254.369995,256.519989
254.699997,257.089996,247.710007,250.020004
253.119995,255.829895,251.779999,253.789993
