open,high,low,close
574.60199,586.469971,574.60199,585.536987
585.445007,590.258972,567.513977,576.596985
577.166992,582.838989,573.130005,581.64502
582.203003,582.203003,570.950989,574.630005
575.836975,579.127014,573.325012,577.469971
578.674011,607.116028,578.674011,606.72699
609.684021,684.843994,607.039001,672.783997
671.653992,716.004028,664.487,704.375977
704.504028,704.504028,662.804016,685.559021
685.684998,696.302979,672.560974,694.468994
696.52301,773.721985,696.52301,766.307983
768.487,775.356018,716.55603,748.908997
748.755981,777.98999,733.929016,756.22699
756.687988,766.620972,745.627991,763.781006
763.927002,764.083984,732.72699,737.226013
735.882996,735.882996,639.070007,666.651978
665.914978,678.669983,587.482971,596.116028
597.442993,629.327026,558.138977,623.97699
625.575012,681.72699,625.271973,665.299011
665.281006,691.731018,646.559021,665.122986
665.93103,665.97998,616.934021,629.367004
629.348999,655.275024,620.523987,655.275024
658.10199,659.247986,637.77301,647.000977
644.122009,644.682007,628.283997,639.890015
640.591003,675.403015,636.607971,673.336975
672.515015,686.153992,669.593994,676.296021
676.734009,703.702026,676.398987,703.702026
704.968018,704.968018,649.008972,658.664001
658.804016,683.661987,650.507996,683.661987
683.208984,683.491028,665.065979,670.627014
670.41803,681.89801,670.41803,677.330994
678.090027,682.432007,611.833984,640.562012
640.687988,666.70697,636.46698,666.52301
666.383972,666.383972,633.398987,650.960022
650.598999,652.294006,641.263977,649.359985
648.484009,659.629028,644.97998,647.658997
648.28302,675.258972,646.778992,664.551025
664.796997,668.700012,654.468018,654.468018
652.922974,662.901978,652.922974,658.078003
659.171021,667.077026,659.039978,663.255005
663.781006,666.460022,659.333984,660.767029
661.992981,682.36499,661.992981,679.458984
679.809021,681.554993,668.625,673.106018
672.737976,673.276978,667.632019,672.864014
672.80603,672.929016,663.359985,665.684998
665.228027,666.218994,660.414978,665.012024
664.921997,666.583008,646.721985,650.619019
650.726013,656.366028,648.523987,655.55603
655.409973,663.109985,652.79303,661.284973
661.263,661.828003,653.39502,654.096985
654.226013,656.224976,645.879028,651.783997
651.627014,657.455994,648.447021,654.35199
654.492004,657.594971,654.492004,655.034973
655.111023,657.796021,654.786011,656.992004
657.012024,658.223022,654.208984,655.046997
655.099976,655.284973,624.36499,624.68103
624.60199,626.119019,605.883972,606.271973
606.396973,612.848022,531.333984,547.465027
548.656006,573.359985,541.546997,566.35498
566.328979,579.495972,565.776978,578.289001
578.281006,578.281006,569.981995,575.04303
575.030029,588.395996,569.468994,587.778015
587.770996,597.513,586.815979,592.690002
592.736023,592.994019,588.046997,591.054016
591.038025,591.091003,584.79303,587.801025
587.64801,599.984009,586.370972,592.103027
592.124023,597.541992,589.119995,589.119995
588.797974,589.909973,583.810974,587.559021
587.356995,589.773987,584.979004,585.588013
585.588989,585.666016,564.781006,570.473022
570.494019,573.580017,563.23999,567.23999
567.242981,581.737976,566.716003,577.439026
577.760986,580.893982,571.429993,573.216003
573.70697,577.791992,573.429993,574.317993
574.338989,578.237976,574.182007,575.630005
576.083984,582.817993,575.45697,581.697021
581.939026,584.15802,580.218018,581.307983
581.310974,588.447998,580.593994,586.752991
586.770996,589.473999,581.633972,583.414978
583.411987,583.590027,579.85498,580.182007
580.179993,580.450989,575.166992,577.760986
577.752991,580.622986,576.857971,579.651001
579.452026,579.844971,568.630005,569.947021
569.830017,574.038025,569.73999,573.911987
574.070984,576.278015,573.465027,574.106995
574.114014,578.356995,574.114014,577.502991
577.591003,577.861023,573.642029,575.471985
575.546021,576.310974,571.814026,572.302979
572.409973,575.643005,570.810974,575.536987
575.554993,599.5,574.05603,598.211975
598.590027,611.836975,596.848022,608.633972
608.98999,609.054993,602.242004,606.590027
606.505981,610.830017,605.091003,610.435974
610.572998,614.544983,608.513,614.544006
614.63501,628.77002,613.843994,626.315979
626.35199,626.830017,620.263,622.861023
622.927002,625.094971,622.39502,623.508972
623.424011,628.817993,600.505981,606.718994
607.005005,608.458984,605.411011,608.242981
608.025024,611.192993,606.924988,609.241028
608.841003,611.952026,608.409973,610.684021
610.588013,611.085999,607.155029,607.155029
607.245972,609.260986,606.734985,606.973022
607.218018,607.859985,605.192017,605.984009
606.28302,610.15802,605.856018,609.874023
609.870972,610.932007,608.27002,609.22699
609.254028,609.525024,607.937988,608.312012
603.588013,603.588013,595.882996,597.148987
597.278992,598.487,596.213013,596.297974
596.198975,603.205017,595.786011,602.84198
602.960999,604.580017,602.044983,602.625
602.749023,603.380981,599.710999,600.825989
600.807007,608.143005,600.348999,608.04303
608.021973,608.247986,604.109985,606.166016
606.242981,606.590027,604.606995,604.728027
605.018982,606.823975,604.848022,605.692993
605.715027,609.734985,604.142029,609.734985
609.929016,615.237,609.929016,613.982971
613.947998,614.005005,609.682007,610.892029
610.968018,612.567993,610.455017,612.132996
612.052002,612.054016,609.479004,610.203979
610.218018,613.814026,609.617004,612.510986
612.469971,613.81897,611.468994,613.020996
612.607971,617.911987,611.820984,617.120972
617.341003,619.848999,617.341003,619.107971
619.171997,619.197998,616.606995,616.752014
616.822021,621.317993,616.197021,618.994019
619.237976,642.080017,618.5,641.072021
640.870972,641.336975,635.965027,636.192017
636.030029,638.833008,635.028992,636.786011
637.007996,641.284973,637.007996,640.377991
640.310974,642.10199,637.390015,638.645996
639.083008,642.89801,638.901001,641.630981
641.817993,642.328003,638.663025,639.192993
639.411011,640.736023,635.995972,637.960022
638.133972,638.874023,628.013,630.52002
630.663025,631.916992,628.257996,630.856995
630.825012,634.093994,630.69397,632.828003
633.135986,658.197021,632.849976,657.294006
657.620972,661.129028,653.885986,657.070984
657.161011,657.252014,652.594971,653.760986
654.002014,664.424011,653.697998,657.588013
657.677979,679.728027,657.677979,678.304016
678.213989,688.593994,678.039978,688.312988
688.0,690.44397,684.161987,689.651001
690.289001,720.401978,690.052002,714.479004
714.117981,714.117981,696.474976,701.864014
702.640015,709.289001,691.682007,700.971985
701.336975,736.452026,701.336975,729.79303
730.065979,740.828979,722.348999,740.828979
742.346008,745.77301,678.156006,688.700012
689.124023,706.929993,685.562988,703.234985
703.525024,707.51001,697.739014,703.41803
703.812012,714.257996,699.559998,711.521973
710.736023,710.736023,699.903015,703.130981
703.088989,712.987,702.390015,709.848022
709.825012,740.046021,708.609985,723.27301
722.843994,723.018005,711.210022,715.533997
715.554993,718.317993,714.409973,716.411011
716.752014,717.14801,704.034973,705.054016
705.195984,705.257019,687.315002,702.031006
701.997009,706.283997,699.807983,705.020996
705.794006,715.718018,705.26001,711.619019
711.166992,747.61499,709.039001,744.197998
744.875977,755.64502,739.510986,740.97699
740.705017,752.882019,736.890015,751.585022
751.833008,756.237,744.46698,751.616028
751.879028,755.47998,717.94397,731.026001
731.265015,741.721985,730.51001,739.247986
739.643005,753.869995,736.526978,751.346985
751.741028,752.25,738.924011,744.593994
744.619995,746.83197,733.48999,740.289001
740.442017,741.648987,734.591003,741.648987
741.510986,742.213989,729.625,735.382019
735.437012,739.018005,731.085022,732.034973
732.484009,738.005981,732.484009,735.812988
736.328979,737.471008,734.559021,735.604004
736.283997,747.929016,736.265015,745.690979
746.046021,758.275024,746.046021,756.773987
757.544983,781.296021,757.544983,777.94397
778.247986,778.247986,764.856018,771.155029
771.638,773.872009,768.161011,773.872009
773.393982,773.468018,751.713013,758.700012
758.719971,765.622009,758.719971,764.223999
764.210999,771.54303,759.75,768.132019
768.075989,774.697998,765.945984,770.809998
769.94397,774.528015,769.648987,772.794006
773.02301,777.09198,772.909973,774.650024
774.752014,774.797974,765.411987,769.731018
770.039978,781.921997,770.039978,780.086975
780.646973,788.460022,777.961975,780.55603
780.005005,782.033997,776.838989,781.481018
780.070007,781.434998,777.802002,778.088013
778.963013,785.031982,778.963013,784.906982
785.166016,792.508972,784.864014,790.828979
791.007996,794.737,788.026001,790.530029
790.692017,793.611023,790.320007,792.713989
792.247009,801.336975,791.497009,800.875977
800.643982,834.281006,799.405029,834.281006
834.179993,875.781982,834.148987,864.539978
864.888,925.117004,864.677002,921.984009
922.179993,923.479004,886.335022,898.822021
899.651978,899.651978,862.424011,896.182983
896.905029,913.184021,896.89801,907.609985
908.354004,940.047974,904.255005,933.197998
934.830994,975.921021,934.830994,975.921021
975.125,979.396973,954.502991,973.497009
972.534973,972.534973,934.833008,961.237976
960.627014,963.742981,947.236023,963.742981
963.65802,1003.080017,958.698975,998.325012
998.617004,1031.390015,996.702026,1021.75
1021.599976,1044.079956,1021.599976,1043.839966
1044.400024,1159.420044,1044.400024,1154.72998
1156.72998,1191.099976,910.416992,1013.380005
1014.23999,1046.810059,883.94397,902.200989
903.487,908.585022,823.55603,908.585022
908.174988,942.723999,887.249023,911.198975
913.244019,913.685974,879.807007,902.828003
902.440002,914.872986,901.059998,907.679016
908.11499,919.447998,762.765015,777.757019
775.177979,826.245972,755.755981,804.833984
803.737,829.000977,780.002991,823.984009
825.142029,835.085022,812.455994,818.411987
818.142029,823.307007,812.870972,821.797974
821.78302,834.530029,820.270996,831.533997
830.945984,910.560974,830.796021,907.937988
909.372986,917.499023,858.304016,886.617981
888.335022,904.614014,884.338013,899.072998
898.171997,899.39801,887.007996,895.026001
895.549011,927.367004,895.534973,921.789001
922.205017,937.525024,897.564026,924.672974
925.499023,928.265991,916.737976,921.012024
910.677002,924.14502,892.286011,892.687012
891.924011,903.252014,891.687012,901.541992
902.39502,919.325989,902.223999,917.585999
918.359009,923.223022,915.846008,919.75
919.810974,923.911011,919.810974,921.590027
922.067017,923.41803,919.14801,919.495972
920.151001,923.047974,919.473999,920.382019
920.958984,972.018982,920.958984,970.403015
970.940979,989.114014,970.742004,989.02301
990.000977,1013.52002,983.221008,1011.799988
1011.460022,1033.869995,1008.789978,1029.910034
1031.329956,1045.900024,1015.159973,1042.900024
1043.52002,1043.630005,1022.369995,1027.339966
1028.400024,1044.640015,1028.160034,1038.150024
1040.140015,1061.930054,1040.140015,1061.349976
1062.319946,1078.969971,1037.48999,1063.069946
1064.699951,1088.98999,953.343994,994.382996
995.632019,998.905029,946.690979,988.674011
988.89801,1009.289978,982.830017,1004.450012
1003.52002,1004.76001,996.921021,999.18103
998.88501,1002.099976,976.002014,990.642029
991.734985,1011.51001,986.471008,1004.549988
1006.210022,1008.840027,1001.580017,1007.47998
1007.650024,1033.369995,1007.650024,1027.439941
1026.119995,1053.170044,1025.640015,1046.209961
1049.209961,1061.099976,1046.959961,1054.420044
1054.76001,1056.810059,1043.459961,1047.869995
1048.689941,1080.48999,1041.689941,1079.97998
1079.280029,1117.25,1076.930054,1115.300049
1114.800049,1125.390015,1100.550049,1117.439941
1117.27002,1176.619995,1116.959961,1166.719971
1172.709961,1200.390015,1131.959961,1173.680054
1170.410034,1174.849976,1124.589966,1143.839966
1144.27002,1167.469971,1130.199951,1165.199951
1163.780029,1181.97998,1163.380005,1179.969971
1180.719971,1193.25,1171.819946,1179.969971
1180.040039,1222.5,1179.689941,1222.5
1224.680054,1262.130005,1215.619995,1251.01001
1250.709961,1280.310059,1250.709961,1274.98999
1277.430054,1279.400024,1230.51001,1255.150024
1254.290039,1267.290039,1238.060059,1267.119995
1267.469971,1276.0,1264.599976,1272.829956
1273.209961,1275.550049,1204.800049,1223.540039
1223.22998,1232.160034,1148.079956,1150.0
1150.349976,1197.459961,1141.22998,1188.48999
1189.359985,1270.469971,1077.25,1116.719971
1116.319946,1193.829956,1116.319946,1175.829956
1176.619995,1226.97998,1175.359985,1221.380005
1221.780029,1237.369995,1217.030029,1231.920044
1232.160034,1244.810059,1220.719971,1240.0
1240.160034,1251.609985,1239.75,1249.609985
1251.329956,1257.97998,1152.439941,1187.810059
1180.160034,1180.160034,1099.569946,1100.22998
1099.689941,1114.069946,957.655029,973.817993
976.72998,1069.910034,976.72998,1036.73999
1037.23999,1063.030029,1036.680054,1054.22998
1055.359985,1122.430054,1055.359985,1120.540039
1120.650024,1120.650024,1014.210022,1049.140015
1050.050049,1058.01001,1028.930054,1038.589966
1038.449951,1040.469971,934.357971,937.52002
936.539978,975.760986,903.713013,972.778992
974.015015,1007.960022,954.185974,966.724976
972.054993,1046.400024,971.984009,1045.77002
1044.579956,1064.650024,1027.72998,1047.150024
1046.079956,1055.130005,1015.880005,1039.969971
1042.209961,1049.290039,1020.039978,1026.430054
1026.640015,1074.920044,1026.640015,1071.790039
1071.709961,1091.719971,1061.089966,1080.5
1080.609985,1107.589966,1075.449951,1102.170044
1102.949951,1151.73999,1102.949951,1143.810059
1145.52002,1156.439941,1120.52002,1133.25
1134.140015,1135.089966,1113.630005,1124.780029
1125.810059,1188.369995,1125.810059,1182.680054
1178.939941,1186.579956,1163.390015,1176.900024
1172.650024,1184.97998,1162.579956,1175.949951
1176.569946,1197.209961,1171.859985,1187.869995
1187.300049,1190.339966,1179.040039,1187.130005
1187.459961,1208.069946,1187.459961,1205.01001
1204.810059,1207.140015,1196.76001,1200.369995
1201.02002,1205.890015,1156.439941,1169.280029
1170.329956,1190.800049,1159.790039,1167.540039
1167.300049,1188.0,1164.959961,1172.52002
1172.609985,1187.219971,1172.609985,1182.939941
1183.25,1194.900024,1172.650024,1193.910034
1193.77002,1217.569946,1193.77002,1211.670044
1212.130005,1215.51001,1205.079956,1210.290039
1211.079956,1240.790039,1208.410034,1229.079956
1229.420044,1235.939941,1215.560059,1222.050049
1222.709961,1235.560059,1208.469971,1231.709961
1231.920044,1232.199951,1203.939941,1207.209961
1209.630005,1250.939941,1209.630005,1250.150024
1250.449951,1267.579956,1249.969971,1265.48999
1265.98999,1294.829956,1265.930054,1281.079956
1281.880005,1319.699951,1281.300049,1317.72998
1317.73999,1331.280029,1292.369995,1316.47998
1317.839966,1327.199951,1315.209961,1321.790039
1321.869995,1347.910034,1314.920044,1347.890015
1348.300049,1434.319946,1348.300049,1421.599976
1421.030029,1473.900024,1415.689941,1452.819946
1453.780029,1492.77002,1447.48999,1490.089966
1490.719971,1608.910034,1490.719971,1537.670044
1540.869995,1618.030029,1530.310059,1555.449951
1556.810059,1578.800049,1542.5,1578.800049
1579.469971,1596.719971,1559.76001,1596.709961
1596.920044,1723.349976,1596.920044,1723.349976
1723.890015,1833.48999,1716.300049,1755.359985
1756.52002,1788.439941,1719.099976,1787.130005
1780.369995,1873.930054,1755.349976,1848.569946
1845.76001,1856.150024,1694.01001,1724.23999
1723.119995,1812.98999,1651.079956,1804.910034
1800.859985,1831.420044,1776.619995,1808.910034
1808.439941,1812.800049,1708.540039,1738.430054
1741.699951,1785.939941,1686.540039,1734.449951
1726.72998,1864.050049,1661.910034,1839.089966
1818.699951,1904.47998,1807.119995,1888.650024
1897.369995,2004.52002,1890.25,1987.709961
1984.23999,2084.72998,1974.920044,2084.72998
2067.030029,2119.080078,2037.5,2041.199951
2043.189941,2303.899902,2017.869995,2173.399902
2191.560059,2320.820068,2178.5,2320.419922
2321.370117,2523.719971,2321.370117,2443.639893
2446.23999,2763.709961,2285.300049,2304.97998
2320.889893,2573.790039,2071.98999,2202.419922
2196.27002,2260.199951,1855.829956,2038.869995
2054.080078,2267.340088,2054.080078,2155.800049
2159.429932,2307.050049,2107.169922,2255.610107
2255.360107,2301.959961,2124.570068,2175.469971
2187.189941,2311.080078,2145.570068,2286.409912
2288.330078,2448.389893,2288.330078,2407.879883
2404.030029,2488.550049,2373.320068,2488.550049
2493.719971,2581.909912,2423.570068,2515.350098
2547.790039,2585.889893,2452.540039,2511.810059
2512.399902,2686.810059,2510.219971,2686.810059
2690.840088,2999.909912,2690.840088,2863.199951
2869.379883,2869.379883,2700.560059,2732.159912
2720.48999,2815.300049,2670.949951,2805.620117
2807.439941,2901.709961,2795.620117,2823.810059
2828.139893,2950.98999,2746.550049,2947.709961
2942.409912,2996.600098,2840.530029,2958.110107
2953.219971,2997.26001,2518.560059,2659.629883
2680.909912,2789.040039,2650.379883,2717.02002
2716.879883,2786.830078,2412.939941,2506.370117
2499.580078,2534.709961,2212.959961,2464.580078
2469.570068,2539.919922,2385.149902,2518.560059
2514.01001,2685.189941,2484.959961,2655.879883
2655.350098,2662.100098,2516.330078,2548.290039
2549.030029,2662.850098,2549.030029,2589.600098
2591.26001,2763.449951,2589.820068,2721.790039
2709.429932,2772.01001,2660.399902,2689.100098
2691.030029,2723.73999,2642.360107,2705.409912
2707.340088,2765.169922,2706.370117,2744.909912
2738.52002,2757.939941,2583.189941,2608.719971
2607.25,2682.26001,2552.120117,2589.409912
2590.570068,2615.25,2376.290039,2478.449951
2478.449951,2552.449951,2332.98999,2552.449951
2553.030029,2603.97998,2484.419922,2574.790039
2567.560059,2588.830078,2510.47998,2539.320068
2539.23999,2559.25,2478.429932,2480.840088
2492.600098,2515.27002,2419.22998,2434.550049
2436.399902,2514.280029,2394.840088,2506.469971
2498.560059,2595.0,2480.469971,2564.060059
2561.0,2631.590088,2559.350098,2601.639893
2602.870117,2622.649902,2538.550049,2601.98999
2608.100098,2616.719971,2581.689941,2608.560059
2608.590088,2916.139893,2498.870117,2518.659912
2520.27002,2571.340088,2492.310059,2571.340088
2572.610107,2635.48999,2517.590088,2518.439941
2525.25,2537.159912,2321.129883,2372.560059
2385.889893,2413.469971,2296.810059,2337.790039
2332.77002,2423.709961,2275.139893,2398.840088
2402.699951,2425.219971,2340.830078,2357.899902
2360.590088,2363.25,2183.219971,2233.340088
2230.120117,2231.139893,1990.410034,1998.859985
1991.97998,2058.77002,1843.030029,1929.819946
1932.619995,2230.48999,1932.619995,2228.409912
2233.52002,2387.610107,2164.77002,2318.879883
2323.080078,2397.169922,2260.22998,2273.429932
2269.889893,2900.699951,2269.889893,2817.600098
2838.409912,2838.409912,2621.850098,2667.76001
2668.629883,2862.419922,2657.709961,2810.120117
2808.100098,2832.179932,2653.939941,2730.399902
2732.699951,2777.26001,2699.189941,2754.860107
2757.5,2768.080078,2480.959961,2576.47998
2577.77002,2610.76001,2450.800049,2529.449951
2538.709961,2693.320068,2529.340088,2671.780029
2679.72998,2897.449951,2679.72998,2809.01001
2807.02002,2808.76001,2692.800049,2726.449951
2724.389893,2758.530029,2644.850098,2757.179932
2763.23999,2889.620117,2720.610107,2875.340088
2871.300049,2921.350098,2685.610107,2718.26001
2727.129883,2762.530029,2668.590088,2710.669922
2709.560059,2813.310059,2685.139893,2804.72998
2806.929932,2899.330078,2743.719971,2895.889893
2897.629883,3290.01001,2874.830078,3252.909912
3257.610107,3293.290039,3155.600098,3213.939941
3212.780029,3397.679932,3180.889893,3378.939941
3370.219971,3484.850098,3345.830078,3419.939941
3420.399902,3422.76001,3247.669922,3342.469971
3341.840088,3453.449951,3319.469971,3381.280029
3373.820068,3679.719971,3372.120117,3650.620117
3650.629883,3949.919922,3613.699951,3884.709961
3880.040039,4208.390137,3857.800049,4073.26001
4066.100098,4325.129883,3989.159912,4325.129883
4326.990234,4455.970215,3906.179932,4181.930176
4200.339844,4381.22998,3994.419922,4376.629883
4384.439941,4484.700195,4243.709961,4331.689941
4324.339844,4370.129883,4015.399902,4160.620117
4137.75,4243.259766,3970.550049,4193.700195
4189.310059,4196.290039,4069.879883,4087.659912
4090.47998,4109.140137,3988.600098,4001.73999
3998.350098,4128.759766,3674.580078,4100.52002
4089.01001,4255.779785,4078.409912,4151.52002
4137.600098,4376.390137,4130.259766,4334.680176
4332.819824,4455.700195,4307.350098,4371.600098
4372.060059,4379.279785,4269.52002,4352.399902
4345.100098,4416.589844,4317.290039,4382.879883
4384.450195,4403.930176,4224.640137,4382.660156
4389.209961,4625.680176,4352.129883,4579.02002
4570.359863,4626.52002,4471.410156,4565.299805
4555.589844,4736.049805,4549.399902,4703.390137
4701.759766,4892.009766,4678.529785,4892.009766
4901.419922,4975.040039,4469.240234,4578.77002
4585.27002,4714.080078,4417.589844,4582.959961
4591.629883,4591.629883,4108.399902,4236.310059
4228.290039,4427.839844,3998.110107,4376.529785
4376.589844,4617.25,4376.589844,4597.120117
4589.140137,4655.040039,4491.330078,4599.879883
4605.160156,4661.0,4075.179932,4228.75
4229.810059,4308.819824,4114.109863,4226.060059
4229.339844,4245.439941,3951.040039,4122.939941
4122.470215,4261.669922,4099.399902,4161.27002
4168.879883,4344.649902,4085.219971,4130.810059
4131.97998,4131.97998,3789.919922,3882.590088
3875.370117,3920.600098,3153.860107,3154.949951
3166.300049,3733.449951,2946.620117,3637.52002
3637.75,3808.840088,3487.790039,3625.040039
3606.280029,3664.810059,3445.639893,3582.879883
3591.090088,4079.22998,3591.090088,4065.199951
4073.790039,4094.070068,3868.870117,3924.969971
3916.360107,4031.389893,3857.72998,3905.949951
3901.469971,3916.419922,3613.629883,3631.040039
3628.02002,3758.27002,3553.530029,3630.699951
3629.919922,3819.209961,3594.580078,3792.399902
3796.149902,3796.149902,3666.899902,3682.840088
3681.580078,3950.25,3681.580078,3926.070068
3928.409912,3969.889893,3869.899902,3892.350098
3892.939941,4210.049805,3884.820068,4200.669922
4197.129883,4279.310059,4109.700195,4174.72998
4171.620117,4214.629883,4039.290039,4163.069824
4166.109863,4358.430176,4160.859863,4338.709961
4341.049805,4403.740234,4269.810059,4403.740234
4395.810059,4470.22998,4377.459961,4409.319824
4408.459961,4432.470215,4258.890137,4317.47998
4319.370117,4352.310059,4210.419922,4229.359863
4229.879883,4362.640137,4164.049805,4328.410156
4324.459961,4413.27002,4320.529785,4370.810059
4369.350098,4443.879883,4321.049805,4426.890137
4429.669922,4624.140137,4405.640137,4610.47998
4614.52002,4878.709961,4564.25,4772.02002
4776.209961,4922.169922,4765.100098,4781.990234
4789.25,4873.72998,4751.629883,4826.47998
4829.580078,5446.910156,4822.0,5446.910156
5464.160156,5840.299805,5436.850098,5647.209961
5643.529785,5837.700195,5591.640137,5831.790039
5835.959961,5852.47998,5478.609863,5678.189941
5687.569824,5776.22998,5544.209961,5725.589844
5741.580078,5800.350098,5472.720215,5605.509766
5603.819824,5603.819824,5151.439941,5590.689941
5583.740234,5744.350098,5531.060059,5708.52002
5708.109863,6060.109863,5627.22998,6011.450195
5996.790039,6194.879883,5965.069824,6031.600098
6036.660156,6076.259766,5792.339844,6008.419922
6006.0,6075.589844,5732.470215,5930.319824
5935.52002,5935.52002,5504.180176,5526.640137
5524.600098,5754.330078,5397.879883,5750.799805
5747.950195,5976.799805,5721.220215,5904.830078
5899.740234,5988.390137,5728.819824,5780.899902
5787.819824,5876.720215,5689.189941,5753.089844
5754.439941,6255.709961,5724.580078,6153.850098
6114.850098,6214.990234,6040.850098,6130.529785
6132.02002,6470.430176,6103.330078,6468.399902
6440.970215,6767.310059,6377.879883,6767.310059
6777.77002,7367.330078,6758.720215,7078.5
7087.529785,7461.290039,7002.939941,7207.759766
7164.47998,7492.859863,7031.279785,7379.950195
7404.52002,7617.47998,7333.189941,7407.410156
7403.220215,7445.77002,7007.310059,7022.759766
7023.100098,7253.319824,7023.100098,7144.379883
7141.379883,7776.419922,7114.02002,7459.689941
7446.830078,7446.830078,7101.52002,7143.580078
7173.72998,7312.0,6436.870117,6618.140137
6618.609863,6873.149902,6204.220215,6357.600098
6295.450195,6625.049805,5519.009766,5950.069824
5938.25,6811.189941,5844.290039,6559.490234
6561.47998,6764.97998,6461.75,6635.75
6634.759766,7342.25,6634.759766,7315.540039
7323.240234,7967.379883,7176.580078,7871.689941
7853.569824,8004.589844,7561.089844,7708.990234
7697.209961,7884.990234,7463.439941,7790.149902
7766.029785,8101.910156,7694.100098,8036.490234
8039.069824,8336.860352,7949.359863,8200.639648
8205.740234,8348.660156,7762.709961,8071.259766
8077.950195,8302.259766,8075.470215,8253.549805
8232.379883,8267.400391,8038.77002,8038.77002
8074.02002,8374.160156,7940.930176,8253.69043
8241.709961,8790.919922,8191.149902,8790.919922
8789.040039,9522.929688,8775.589844,9330.549805
9352.719727,9818.349609,9352.719727,9818.349609
9823.429688,10125.700195,9736.299805,10058.799805
10077.400391,11517.400391,9601.030273,9888.610352
9906.790039,10801.0,9202.049805,10233.599609
10198.599609,11046.700195,9694.650391,10975.599609
10978.299805,11320.200195,10905.099609,11074.599609
11082.700195,11858.700195,10862.0,11323.200195
11315.400391,11657.200195,11081.799805,11657.200195
11685.700195,12032.0,11604.599609,11916.700195
11923.400391,14369.099609,11923.400391,14291.5
14266.099609,17899.699219,14057.299805,17899.699219
17802.900391,18353.400391,14336.900391,16569.400391
16523.300781,16783.0,13674.900391,15178.200195
15168.400391,15850.599609,13226.599609,15455.400391
15427.400391,17513.900391,15404.799805,16936.800781
16919.800781,17781.800781,16571.599609,17415.400391
17500.0,17653.099609,16039.700195,16408.199219
16384.599609,17085.800781,16185.900391,16564.0
16601.300781,18154.099609,16601.300781,17706.900391
17760.300781,19716.699219,17515.300781,19497.400391
19475.800781,20089.0,18974.099609,19140.800781
19106.400391,19371.0,18355.900391,19114.199219
19118.300781,19177.800781,17275.400391,17776.699219
17760.300781,17934.699219,16077.700195,16624.599609
16642.400391,17567.699219,15342.700195,15802.900391
15898.0,15943.400391,11833.0,13831.799805
13948.700195,15603.200195,13828.799805,14699.200195
14608.200195,14626.0,12747.700195,13925.799805
13995.900391,14593.0,13448.900391,14026.599609
14036.599609,16461.199219,14028.900391,16099.799805
16163.5,16930.900391,15114.299805,15838.5
15864.099609,15888.400391,13937.299805,14606.5
14695.799805,15279.0,14307.0,14656.200195
14681.900391,14681.900391,12350.099609,12952.200195
12897.700195,14377.400391,12755.599609,14156.400391
14112.200195,14112.200195,13154.700195,13657.200195
13625.0,15444.599609,13163.599609,14982.099609
14978.200195,15572.799805,14844.5,15201.0
15270.700195,15739.700195,14522.200195,15599.200195
15477.200195,17705.199219,15202.799805,17429.5
17462.099609,17712.400391,16764.599609,17527.0
17527.300781,17579.599609,16087.700195,16477.599609
16476.199219,16537.900391,14208.200195,15170.099609
15123.700195,15497.5,14424.0,14595.400391
14588.5,14973.299805,13691.200195,14973.299805
14968.200195,15018.799805,13105.900391,13405.799805
13453.900391,14229.900391,13158.099609,13980.599609
13952.400391,14659.5,13952.400391,14360.200195
14370.799805,14511.799805,13268.0,13772.0
13767.299805,14445.5,13641.700195,13819.799805
13836.099609,13843.099609,10194.900391,11490.5
11431.099609,11678.0,9402.290039,11188.599609
11198.799805,12107.299805,10942.5,11474.900391
11429.799805,11992.799805,11172.099609,11607.400391
11656.200195,13103.0,11656.200195,12899.200195
12889.200195,12895.900391,11288.200195,11600.099609
11633.099609,11966.400391,10240.200195,10931.400391
10944.5,11377.599609,10129.700195,10868.400391
10903.400391,11501.400391,10639.799805,11359.400391
11421.700195,11785.700195,11057.400391,11259.400391
11256.0,11656.700195,10470.299805,11171.400391
11174.900391,11614.900391,10989.200195,11440.700195
11475.299805,12040.299805,11475.299805,11786.299805
11755.5,11875.599609,11179.200195,11296.400391
11306.799805,11307.200195,10036.200195,10106.299805
10108.200195,10381.599609,9777.419922,10221.099609
10237.299805,10288.799805,8812.280273,9170.540039
9142.280273,9142.280273,7796.490234,8830.75
8852.120117,9430.75,8251.629883,9174.910156
9175.700195,9334.870117,8031.220215,8277.009766
8270.540039,8364.839844,6756.680176,6955.27002
7051.75,7850.700195,6048.259766,7754.0
7755.490234,8509.110352,7236.790039,7621.299805
7637.859863,8558.769531,7637.859863,8265.589844
8271.839844,8736.980469,7884.709961,8736.980469
8720.080078,9122.549805,8295.469727,8621.900391
8616.129883,8616.129883,7931.100098,8129.970215
8141.430176,8985.919922,8141.430176,8926.570312
8926.719727,8958.469727,8455.410156,8598.30957
8599.919922,9518.540039,8599.919922,9494.629883
9488.320312,10234.799805,9395.580078,10166.400391
10135.700195,10324.099609,9824.820312,10233.900391
10207.5,11139.5,10149.400391,11112.700195
11123.400391,11349.799805,10326.0,10551.799805
10552.599609,11273.799805,10513.200195,11225.299805
11231.799805,11958.5,11231.799805,11403.700195
11372.200195,11418.5,10479.099609,10690.400391
10660.400391,11039.099609,9939.089844,10005.0
9937.070312,10487.299805,9734.55957,10301.099609
10287.700195,10597.200195,9546.969727,9813.070312
9796.419922,9923.219727,9407.05957,9664.730469
9669.429688,10475.0,9501.730469,10366.700195
10393.900391,10878.5,10246.099609,10725.599609
10687.200195,11089.799805,10393.099609,10397.900391
10385.0,11052.299805,10352.700195,10951.0
10977.400391,11189.0,10850.099609,11086.400391
11101.900391,11528.200195,11002.400391,11489.700195
11497.400391,11512.599609,11136.099609,11512.599609
11532.400391,11704.099609,11443.900391,11573.299805
11500.099609,11500.099609,10694.299805,10779.900391
10803.900391,10929.5,9692.120117,9965.570312
9951.44043,10147.400391,9335.870117,9395.009766
9414.69043,9466.349609,8513.030273,9337.549805
9350.589844,9531.320312,8828.469727,8866.0
8852.780273,9711.889648,8607.120117,9578.629883
9602.929688,9937.5,8956.429688,9205.120117
9173.040039,9470.379883,8958.19043,9194.849609
9214.650391,9355.849609,8068.589844,8269.80957
8290.759766,8428.349609,7783.049805,8300.860352
8322.910156,8585.150391,8005.310059,8338.349609
8321.910156,8346.530273,7812.819824,7916.879883
7890.52002,8245.509766,7397.990234,8223.679688
8344.120117,8675.870117,8182.399902,8630.650391
8619.669922,9051.019531,8389.889648,8913.469727
8937.480469,9177.370117,8846.330078,8929.280273
8939.44043,9100.709961,8564.900391,8728.469727
8736.25,8879.620117,8360.620117,8879.620117
8901.950195,8996.179688,8665.700195,8668.120117
8612.80957,8682.009766,8449.099609,8495.780273
8498.469727,8530.080078,7921.430176,8209.400391
8200.0,8232.780273,7797.279785,7833.040039
7836.830078,8122.890137,7809.169922,7954.47998
7979.069824,7994.330078,7081.379883,7165.700195
7171.450195,7276.660156,6683.930176,6890.52002
6892.47998,7207.850098,6863.52002,6973.529785
7003.060059,7060.950195,6526.870117,6844.22998
6844.859863,7135.470215,6816.580078,7083.799805
7102.259766,7530.939941,7072.490234,7456.109863
7456.410156,7469.879883,6803.879883,6853.839844
6848.649902,6933.819824,6644.799805,6811.470215
6815.959961,6857.490234,6575.0,6636.319824
6630.509766,7050.540039,6630.509766,6911.089844
6919.97998,7111.560059,6919.97998,7023.52002
7044.319824,7178.109863,6661.990234,6770.72998
6795.439941,6872.410156,6704.149902,6834.759766
6843.470215,6968.319824,6817.589844,6968.319824
6955.379883,7899.22998,6806.509766,7889.25
7901.089844,8183.959961,7758.930176,7895.959961
7874.669922,8140.709961,7846.0,7986.240234
7999.330078,8338.419922,7999.330078,8329.110352
8337.570312,8371.150391,7925.72998,8058.669922
8071.660156,8285.959961,7881.720215,7902.089844
7944.430176,8197.799805,7886.009766,8163.419922
8159.27002,8298.69043,8138.779785,8294.30957
8286.879883,8880.230469,8244.540039,8845.830078
8848.790039,8997.570312,8652.150391,8895.580078
8925.05957,9001.639648,8779.610352,8802.459961
8794.389648,8958.549805,8788.80957,8930.879883
8934.339844,9732.610352,8927.830078,9697.5
9701.030273,9745.320312,8799.839844,8845.740234
8867.320312,9281.509766,8727.089844,9281.509766
9290.629883,9375.469727,8987.049805,8987.049805
8939.269531,9412.089844,8931.990234,9348.480469
9346.410156,9531.490234,9193.709961,9419.080078
9426.110352,9477.139648,9166.80957,9240.549805
9251.469727,9255.879883,8891.049805,9119.009766
9104.599609,9256.519531,9015.139648,9235.919922
9233.969727,9798.330078,9188.150391,9743.860352
9695.5,9779.200195,9585.959961,9700.759766
9700.280273,9964.5,9695.120117,9858.150391
9845.30957,9940.139648,9465.25,9654.799805
9645.669922,9665.849609,9231.530273,9373.009766
9380.870117,9462.75,9127.769531,9234.820312
9223.730469,9374.759766,9031.620117,9325.179688
9325.959961,9396.040039,9040.519531,9043.94043
9052.959961,9052.959961,8394.459961,8441.490234
8441.44043,8664.860352,8223.5,8504.889648
8515.490234,8773.549805,8395.120117,8723.94043
8713.099609,8881.120117,8367.969727,8716.790039
8705.19043,8836.19043,8456.450195,8510.379883
8504.410156,8508.429688,8175.490234,8368.830078
8370.049805,8445.540039,8054.120117,8094.319824
8091.830078,8274.120117,7974.819824,8250.969727
8255.730469,8372.05957,8183.350098,8247.179688
8246.990234,8562.410156,8205.240234,8513.25
8522.330078,8557.519531,8365.120117,8418.990234
8419.870117,8423.25,8004.580078,8041.779785
8037.080078,8054.660156,7507.879883,7557.819824
7561.120117,7738.600098,7331.140137,7587.339844
7592.299805,7659.140137,7392.649902,7480.140137
7486.47998,7595.160156,7349.120117,7355.879883
7362.080078,7381.740234,7270.959961,7368.220215
7371.310059,7419.049805,7100.890137,7135.990234
7129.459961,7526.419922,7090.680176,7472.589844
7469.72998,7573.77002,7313.600098,7406.52002
7406.149902,7608.899902,7361.129883,7494.169922
7500.700195,7604.72998,7407.339844,7541.450195
7536.720215,7695.830078,7497.259766,7643.450195
7632.089844,7754.890137,7613.040039,7720.25
7722.529785,7753.819824,7474.040039,7514.470215
7500.899902,7643.22998,7397.0,7633.759766
7625.970215,7680.430176,7502.009766,7653.97998
7650.819824,7741.27002,7650.819824,7678.240234
7685.140137,7698.189941,7558.399902,7624.919922
7632.52002,7683.580078,7531.97998,7531.97998
7499.549805,7499.549805,6709.069824,6786.02002
6799.290039,6910.180176,6706.629883,6906.919922
6905.819824,6907.959961,6542.080078,6582.359863
6596.879883,6631.660156,6285.629883,6349.899902
6342.75,6707.140137,6334.459961,6675.350098
6674.080078,6681.080078,6433.870117,6456.580078
6455.450195,6592.490234,6402.290039,6550.160156
6545.529785,6589.109863,6499.27002,6499.27002
6510.069824,6781.140137,6446.680176,6734.819824
6742.390137,6822.5,6709.919922,6769.939941
6770.759766,6821.560059,6611.879883,6776.549805
6780.089844,6810.939941,6715.169922,6729.740234
6737.879883,6747.080078,6006.600098,6083.689941
6090.100098,6224.819824,6071.810059,6162.47998
6164.279785,6223.779785,5826.410156,6173.22998
6171.970215,6327.370117,6119.680176,6249.180176
6253.549805,6290.160156,6093.669922,6093.669922
6084.399902,6180.0,6052.850098,6157.129883
6153.160156,6170.410156,5873.049805,5903.439941
5898.129883,6261.660156,5835.75,6218.299805
6214.220215,6465.509766,6214.220215,6404.0
6411.680176,6432.850098,6289.290039,6385.819824
6380.379883,6683.859863,6305.700195,6614.180176
6596.660156,6671.370117,6447.75,6529.589844
6550.870117,6771.919922,6450.459961,6597.549805
6599.709961,6749.540039,6546.649902,6639.140137
6638.689941,6700.939941,6533.549805,6673.5
6668.709961,6863.990234,6579.240234,6856.930176
6857.799805,6885.910156,6747.97998,6773.879883
6775.080078,6838.680176,6724.339844,6741.75
6739.209961,6767.740234,6320.720215,6329.950195
6330.77002,6444.959961,6330.470215,6394.709961
6396.779785,6397.100098,6136.419922,6228.810059
6235.029785,6310.549805,6192.240234,6238.049805
6247.5,6298.189941,6212.220215,6276.120117
6272.700195,6403.459961,6256.509766,6359.640137
6357.009766,6741.75,6357.009766,6741.75
6739.649902,7387.240234,6684.169922,7321.040039
7315.319824,7534.990234,7280.470215,7370.779785
7378.200195,7494.459961,7295.459961,7466.859863
7467.399902,7594.669922,7323.259766,7354.129883
7352.720215,7437.640137,7262.410156,7419.290039
7417.799805,7537.950195,7383.819824,7418.490234
7414.709961,7771.5,7409.100098,7711.109863
7716.509766,8424.269531,7705.5,8424.269531
8379.660156,8416.870117,8086.359863,8181.390137
8176.850098,8290.330078,7878.709961,7951.580078
7950.399902,8262.660156,7839.759766,8165.009766
8169.060059,8222.849609,8110.77002,8192.150391
8205.820312,8272.259766,8141.180176,8218.459961
8221.580078,8235.5,7917.5,8180.47998
8181.200195,8181.529785,7696.930176,7780.439941
7769.040039,7769.040039,7504.950195,7624.910156
7634.189941,7712.77002,7523.439941,7567.149902
7562.140137,7562.140137,7328.649902,7434.390137
7438.669922,7497.490234,6984.069824,7032.850098
7031.080078,7102.77002,6940.700195,7068.47998
7062.939941,7166.549805,6890.540039,6951.799805
6958.319824,7146.560059,6748.240234,6753.120117
6746.850098,6746.850098,6226.220215,6305.799805
6305.560059,6625.72998,6249.069824,6568.22998
6571.419922,6591.259766,6124.52002,6184.709961
6185.790039,6455.740234,6109.029785,6295.72998
6283.649902,6409.850098,6237.5,6322.689941
6341.359863,6537.049805,6225.720215,6297.569824
6287.660156,6287.939941,5971.049805,6199.709961
6221.419922,6588.490234,6221.419922,6308.52002
6294.22998,6473.5,6276.410156,6334.72998
6340.910156,6582.5,6324.970215,6580.629883
6583.430176,6617.350098,6353.72998,6423.759766
6422.569824,6537.97998,6361.549805,6506.069824
6500.509766,6536.919922,6297.930176,6308.529785
6301.069824,6500.870117,6298.240234,6488.759766
6486.25,6816.790039,6310.109863,6376.709961
6371.339844,6546.540039,6371.339844,6534.879883
6551.52002,6719.959961,6498.640137,6719.959961
6719.950195,6789.629883,6700.959961,6763.189941
6754.640137,6774.75,6620.75,6707.259766
6710.799805,6884.640137,6689.709961,6884.640137
6891.080078,7109.560059,6882.339844,7096.279785
7091.709961,7113.299805,6970.819824,7047.160156
7043.759766,7072.689941,6834.689941,6978.22998
6973.970215,7057.169922,6920.160156,7037.580078
7044.810059,7242.290039,7038.049805,7193.25
7189.580078,7306.310059,7132.160156,7272.720215
7279.029785,7317.939941,7208.149902,7260.060059
7263.0,7388.259766,7255.439941,7361.660156
7361.459961,7388.430176,6792.830078,6792.830078
6755.140137,6755.140137,6404.720215,6529.169922
6528.919922,6555.290039,6396.870117,6467.069824
6460.169922,6534.25,6197.52002,6225.97998
6223.379883,6446.259766,6201.220215,6300.859863
6301.569824,6374.97998,6292.759766,6329.700195
6331.879883,6398.919922,6260.209961,6321.200195
6317.009766,6363.870117,6265.089844,6351.799805
6354.240234,6535.410156,6354.240234,6517.310059
6515.410156,6596.100098,6456.169922,6512.709961
6509.399902,6561.720215,6493.549805,6543.200195
6536.680176,6544.330078,6460.100098,6517.180176
6514.060059,6540.209961,6257.52002,6281.200195
6280.910156,6384.180176,6265.709961,6371.299805
6371.850098,6448.459961,6208.339844,6398.540039
6398.850098,6529.259766,6395.950195,6519.669922
6513.870117,6794.330078,6496.359863,6734.950195
6735.049805,6814.560059,6616.799805,6721.97998
6715.319824,6766.149902,6679.419922,6710.629883
6704.77002,6713.560059,6580.899902,6595.410156
6603.640137,6603.640137,6381.859863,6446.470215
6452.790039,6585.910156,6397.890137,6495.0
6495.290039,6712.100098,6464.950195,6676.75
6678.75,6785.029785,6598.319824,6644.129883
6643.100098,6643.100098,6511.649902,6601.959961
6604.709961,6643.779785,6566.540039,6625.560059
6619.850098,6653.299805,6549.080078,6589.620117
6593.240234,6611.839844,6537.899902,6556.100098
6553.859863,6571.459961,6454.029785,6502.589844
6497.910156,6603.310059,6497.910156,6576.689941
6574.149902,6623.620117,6557.410156,6622.47998
6622.450195,6628.540039,6577.799805,6588.310059
6590.680176,6641.490234,6557.040039,6602.950195
6600.189941,6675.060059,6576.040039,6652.22998
6653.080078,6661.410156,6606.939941,6642.640137
6640.290039,6640.290039,6538.959961,6585.529785
6586.740234,6586.740234,6243.740234,6256.240234
6239.25,6328.5,6236.470215,6274.580078
6278.080078,6308.509766,6259.810059,6285.990234
6288.490234,6363.209961,6280.149902,6290.930176
6292.640137,6965.060059,6258.680176,6596.540039
6601.410156,6673.589844,6571.370117,6596.109863
6590.52002,6601.209961,6517.450195,6544.430176
6542.330078,6567.540039,6450.040039,6476.709961
6478.069824,6493.680176,6445.310059,6465.410156
6460.919922,6497.720215,6449.0,6489.189941
6490.089844,6556.379883,6476.0,6482.350098
6486.049805,6543.799805,6462.97998,6487.160156
6472.359863,6506.009766,6451.27002,6475.740234
6478.890137,6521.990234,6468.859863,6495.839844
6484.649902,6504.649902,6447.029785,6476.290039
6468.439941,6498.290039,6449.609863,6474.75
6480.839844,6507.410156,6453.529785,6480.379883
6482.660156,6502.279785,6447.910156,6486.390137
6492.350098,6503.600098,6306.990234,6332.629883
6337.040039,6364.990234,6310.140137,6334.27002
6336.990234,6349.160156,6316.879883,6317.609863
6318.140137,6547.140137,6311.830078,6377.779785
6378.919922,6396.859863,6327.379883,6388.439941
6387.240234,6400.069824,6342.370117,6361.259766
6365.470215,6388.629883,6294.569824,6376.129883
6363.620117,6480.589844,6363.620117,6419.660156
6433.379883,6463.549805,6408.160156,6461.009766
6468.5,6552.160156,6468.310059,6530.140137
6522.27002,6536.919922,6438.529785,6453.720215
6442.600098,6456.459961,6373.370117,6385.620117
6386.129883,6437.279785,6385.310059,6409.220215
6413.629883,6423.25,6350.169922,6411.27002
6411.759766,6434.209961,6360.470215,6371.27002
6373.189941,6395.27002,6342.669922,6359.490234
6351.240234,6371.549805,5544.089844,5738.350098
5736.149902,5774.819824,5358.379883,5648.029785
5645.319824,5657.02002,5498.939941,5575.549805
5578.580078,5578.580078,5519.560059,5554.330078
5559.740234,5653.609863,5559.740234,5623.540039
5620.779785,5620.779785,4842.910156,4871.490234
4863.930176,4951.609863,4272.109863,4451.870117
4465.540039,4675.72998,4343.97998,4602.169922
4611.569824,4629.640137,4365.640137,4365.939941
4360.700195,4396.419922,4195.680176,4347.109863
4347.689941,4413.089844,3795.159912,3880.76001
3880.780029,4120.870117,3585.060059,4009.969971
4015.070068,4107.140137,3643.919922,3779.129883
3765.949951,3862.959961,3661.01001,3820.719971
3822.469971,4385.899902,3822.469971,4257.419922
4269.004395,4413.020508,4145.765137,4278.84668
4289.088867,4322.976562,3942.822021,4017.268555
4024.464355,4309.377441,3969.710693,4214.671875
4200.733398,4301.519531,4110.978516,4139.87793
4147.32373,4155.979492,3840.446289,3894.130859
3886.294922,4075.627686,3832.75,3956.893799
3958.894775,3969.535889,3753.994873,3753.994873
3754.074463,3874.966064,3521.101807,3521.101807
3512.590332,3512.590332,3280.22876,3419.937256
3421.9104,3506.043457,3350.650635,3476.114746
3473.227539,3685.305664,3469.094238,3614.234375
3612.046387,3647.33252,3470.144531,3502.656006
3497.554688,3513.185059,3392.25,3424.588135
3421.458252,3534.228516,3413.481445,3486.950195
3487.879395,3489.739502,3298.13208,3313.677246
3311.751953,3329.555908,3206.542236,3242.484863
3243.997559,3275.37793,3191.303467,3236.761719
3236.274658,3305.753174,3233.819824,3252.839111
3253.123047,3597.917969,3253.123047,3545.864746
3544.761475,3701.349365,3487.169189,3696.059082
3706.824951,3949.322998,3687.22998,3745.950684
3742.195068,4191.228516,3728.974609,4134.441406
4133.703613,4198.429688,3850.946289,3896.543701
3898.08374,4014.182617,3855.739014,4014.182617
4020.994629,4085.723633,3976.405762,3998.980225
4000.331787,4271.79248,4000.331787,4078.599121
4081.030518,4089.561523,3760.020508,3815.490723
3819.666748,3893.359619,3769.86377,3857.297607
3854.688477,3874.416992,3645.448486,3654.833496
3653.131836,3956.135986,3642.63208,3923.918701
3932.491699,3963.758789,3820.408691,3820.408691
3822.384766,3901.908936,3797.219238,3865.952637
3866.839111,3868.74292,3725.867432,3742.700439
3746.713379,3850.913818,3707.231201,3843.52002
3849.216309,3947.981201,3817.409424,3943.409424
3931.048584,3935.685059,3826.2229,3836.741211
3832.040039,3865.93457,3783.85376,3857.717529
3851.973877,3904.903076,3836.900146,3845.19458
3836.519043,4093.297363,3826.513184,4076.632568
4078.584961,4092.613525,4020.894043,4025.248291
4028.472168,4109.020996,3996.955322,4030.8479
4031.552002,4068.403564,4022.662842,4035.296387
4034.411377,4064.06665,3659.174561,3678.924561
3674.015381,3713.881836,3653.069824,3687.365479
3686.973145,3698.978271,3653.810791,3661.301025
3658.868164,3674.76001,3544.927246,3552.953125
3557.311035,3727.836182,3552.285156,3706.052246
3704.216309,3720.15332,3619.949219,3630.675293
3631.509766,3685.7771,3624.67334,3655.006836
3651.871094,3680.135986,3621.960938,3678.563965
3677.990479,3682.52002,3637.080811,3657.839355
3652.37793,3758.533447,3652.37793,3728.568359
3725.446045,3743.387939,3583.019531,3601.013672
3600.372803,3608.84082,3558.537109,3576.032471
3575.081299,3620.746582,3539.721436,3604.577148
3605.557129,3623.067871,3565.313965,3585.123047
3584.500244,3616.087402,3569.092773,3600.865479
3607.390381,3612.927734,3575.597412,3599.765869
3599.715332,3654.933105,3593.345947,3602.460449
3604.687256,3612.671387,3567.24585,3583.96582
3584.283203,3586.750977,3439.23291,3470.450439
3468.870117,3476.06543,3400.819824,3448.116943
3443.896973,3495.174805,3429.387939,3486.181641
3485.40918,3504.804932,3447.915771,3457.792725
3460.547119,3501.954102,3431.591553,3487.945312
3484.625977,3523.287354,3467.574707,3521.060791
3516.139648,3521.388184,3447.924316,3464.013428
3467.21167,3476.223877,3442.586914,3459.154053
3454.950928,3478.148193,3451.937012,3466.357422
3469.091797,3469.091797,3398.56543,3413.767822
3414.929443,3427.945557,3394.218506,3399.47168
3401.376465,3695.614014,3391.023682,3666.780273
3671.585938,3679.941406,3646.559326,3671.203613
3673.201416,3695.036133,3640.97998,3690.188232
3695.613037,3695.613037,3642.287842,3648.430664
3642.751953,3668.586914,3618.556885,3653.528564
3653.604004,3669.746582,3617.246338,3632.070557
3631.170166,3646.256592,3607.697754,3616.880859
3617.368408,3647.795166,3608.206543,3620.810791
3615.270264,3652.841309,3615.270264,3629.787598
3633.359375,3680.537354,3619.182129,3673.836182
3671.369873,3936.665039,3669.982422,3915.714355
3911.661621,4010.879395,3908.153076,3947.094482
3946.685059,4000.486328,3926.246826,3999.820557
4000.256836,4010.009521,3940.108154,3954.118164
3952.406494,4006.53833,3950.816406,4005.526611
3998.91626,4166.286133,3968.726807,4142.526855
4145.458008,4210.641602,3793.708984,3810.42749
3807.002441,3913.707275,3807.002441,3882.696289
3878.697266,3891.578857,3837.986328,3854.35791
3857.479736,3888.80249,3787.058838,3851.047363
3848.261963,3906.05835,3845.821289,3854.7854
3853.75708,3907.79541,3851.692383,3859.58374
3855.318115,3874.607422,3832.12793,3864.415039
3862.266113,3875.483643,3836.905762,3847.175781
3845.091553,3867.381836,3733.749756,3761.557129
3759.83252,3903.916748,3745.183105,3896.375
3897.081055,3919.510498,3871.460693,3903.942627
3903.384766,3939.373291,3894.113037,3911.484375
3913.22583,3950.432129,3875.228516,3901.131592
3894.55249,3987.237793,3892.390381,3963.313721
3966.174316,3966.174316,3924.381104,3951.599854
3953.740234,3966.384766,3889.239014,3905.227295
3903.758301,3926.88916,3863.559082,3909.15625
3913.047363,3926.597656,3891.904297,3906.717285
3905.576904,3946.504395,3901.296875,3924.369141
3926.66333,3968.542969,3914.015381,3960.911133
3963.900146,4077.036377,3961.657471,4048.72583
4047.719482,4054.12207,4006.411133,4025.229004
4029.968506,4071.556641,4009.117188,4032.507324
4032.691895,4082.216064,4023.8125,4071.190186
4070.793945,4089.461914,4031.11084,4087.476318
4083.953857,4097.359863,4005.151367,4029.326904
4028.514648,4053.906738,4021.54248,4023.968262
4022.713379,4049.882568,4015.9646,4035.826416
4035.163574,4040.699707,4006.192871,4022.168213
4024.112793,4038.84082,3934.03125,3963.070557
3969.22876,3985.080811,3944.753174,3985.080811
3984.244873,4087.066162,3977.810547,4087.066162
4087.584473,4094.9021,4040.266357,4069.107178
4068.299805,4113.500977,4034.097168,4098.374512
4092.13623,4296.806641,4053.909668,4106.660156
4105.456055,4113.023438,4094.10083,4105.404297
4105.362305,4164.953125,4096.901367,4158.183105
4156.919434,4905.95459,4155.316895,4879.87793
4879.958008,5307.003418,4876.621094,4973.021973
4971.307617,5063.159668,4836.793945,4922.798828
4922.806152,5053.509766,4919.491699,5036.681152
5036.792969,5205.821777,4992.222168,5059.817383
5062.793945,5235.186523,5050.412109,5198.896973
5199.835449,5318.836426,5148.211914,5289.770996
5289.917969,5289.917969,5167.418945,5204.958496
5204.105469,5421.651367,5193.382324,5324.551758
5325.081543,5354.225586,5017.296387,5064.487793
5061.200684,5103.274414,4955.852539,5089.539062
5088.850098,5127.12207,5061.589355,5096.586426
5095.758789,5184.016113,5053.568359,5167.722168
5167.321777,5196.606934,5024.069336,5067.108398
5066.577637,5238.945312,5055.194824,5235.55957
5236.135254,5274.275391,5219.205566,5251.937988
5251.480469,5319.986328,5250.506836,5298.385742
5298.154297,5336.680176,5233.334961,5303.8125
5304.160645,5358.490723,5295.87793,5337.88623
5335.878906,5359.924805,5257.339355,5314.53125
5312.494629,5422.6875,5280.276855,5399.365234
5399.365723,5633.802246,5389.408691,5572.362305
5571.508301,5642.044434,5418.263184,5464.866699
5466.524414,5542.238281,5181.338867,5210.515625
5210.304688,5383.634277,5177.368652,5279.348145
5279.471191,5310.75,5233.635742,5268.291016
5271.746582,5326.231934,5255.683594,5285.13916
5284.858398,5311.274902,5216.487793,5247.352539
5247.726074,5363.257324,5224.189941,5350.726562
5350.914551,5418.003906,5347.645996,5402.697266
5402.422852,5522.262695,5394.217285,5505.283691
5505.552246,5865.881836,5490.20166,5768.289551
5769.202637,5886.893555,5645.469238,5831.16748
5831.068359,5833.862793,5708.035156,5795.708496
5791.693359,5802.95752,5653.6875,5746.807129
5745.599121,5988.178223,5741.395996,5829.501465
5849.481445,5989.980957,5794.71582,5982.45752
5982.316406,6183.039062,5982.316406,6174.528809
6175.822754,6434.617676,6161.519043,6378.849121
6379.666992,7333.00293,6375.69873,7204.771484
7203.507324,7503.87207,6815.770996,6972.371582
6971.178223,8047.413086,6898.282227,7814.915039
7807.884277,8268.712891,7696.391113,7994.416016
7989.374512,8216.423828,7899.106934,8205.167969
8194.500977,8320.824219,7729.608398,7884.90918
7886.925781,7929.145508,7038.124512,7343.895508
7341.664551,7447.271973,7251.504395,7271.208008
7267.962891,8261.941406,7267.962891,8197.689453
8196.923828,8200.967773,7678.781738,7978.309082
7977.969238,8062.167969,7843.339844,7963.327637
7956.291992,7997.612305,7615.987305,7680.066406
7677.269043,7943.791504,7533.196777,7881.84668
7881.695312,8140.719727,7824.44873,7987.371582
7991.885254,8117.925781,7965.976074,8052.543945
8055.206055,8687.520508,7924.67041,8673.21582
8674.072266,8907.174805,8668.705078,8805.77832
8802.757812,8807.016602,8634.72168,8719.961914
8718.591797,8755.852539,8482.728516,8659.487305
8661.760742,9008.314453,8221.273438,8319.472656
8320.286133,8586.65918,8172.550781,8574.501953
8573.839844,8625.600586,8481.578125,8564.016602
8565.473633,8809.303711,8561.235352,8742.958008
8741.74707,8743.5,8204.185547,8208.995117
8210.985352,8210.985352,7564.48877,7707.770996
7704.343262,7901.849121,7668.668457,7824.231445
7819.633301,7937.34082,7571.471191,7822.023438
7826.901367,8126.15332,7788.373535,8043.951172
8036.774902,8076.891113,7837.61084,7954.12793
7949.674805,7975.974121,7583.219727,7688.077148
7692.284668,8031.909668,7586.730957,8000.32959
8004.243652,8026.394043,7772.803711,7927.714355
7925.434082,8196.648438,7862.359863,8145.857422
8145.54541,8311.567383,8087.061035,8230.923828
8230.898438,8710.636719,8183.393066,8693.833008
8689.746094,8859.12793,8618.395508,8838.375
8841.44043,9335.867188,8814.556641,8994.488281
8988.923828,9416.407227,8988.923828,9320.352539
9335.466797,9348.374023,9004.901367,9081.762695
9078.727539,9299.621094,9070.395508,9273.521484
9273.060547,9594.419922,9232.484375,9527.160156
9525.074219,10144.556641,9525.074219,10144.556641
10175.923828,11157.345703,10107.035156,10701.691406
10696.691406,11246.144531,10556.095703,10855.371094
10853.744141,11065.896484,10610.427734,11011.102539
11007.202148,11790.916992,11007.202148,11790.916992
11778.581055,13796.489258,11755.597656,13016.231445
13017.125,13311.144531,10491.852539,11182.806641
11162.167969,12445.174805,10914.495117,12407.332031
12400.763672,12400.910156,11508.378906,11959.371094
11931.991211,12178.383789,10799.008789,10817.155273
10796.930664,11206.439453,10089.314453,10583.134766
10588.683594,10912.188477,9737.884766,10801.677734
10818.15625,11968.078125,10818.15625,11961.269531
11972.71875,12006.075195,11166.569336,11215.4375
11203.102539,11395.661133,10874.964844,10978.459961
10982.543945,11620.964844,10982.543945,11208.550781
11217.616211,11541.620117,11148.804688,11450.84668
11446.59668,12345.833008,11393.374023,12285.958008
12284.326172,12779.131836,12233.261719,12573.8125
12571.537109,13129.529297,11710.978516,12156.512695
12139.713867,12144.623047,11158.922852,11358.662109
11354.299805,11905.487305,11179.144531,11815.986328
11813.126953,11841.957031,10908.479492,11392.378906
11381.020508,11451.204102,10234.576172,10256.058594
10257.838867,11052.766602,9992.006836,10895.089844
10896.65332,10996.632812,9448.106445,9477.641602
9471.213867,9963.134766,9163.134766,9693.802734
9698.50293,10736.842773,9376.798828,10666.482422
10653.956055,10716.980469,10229.628906,10530.732422
10525.819336,11048.662109,10451.276367,10767.139648
10777.529297,10841.887695,10389.599609,10599.105469
10596.948242,10651.791016,10154.921875,10343.106445
10346.748047,10346.748047,9883.594727,9900.767578
9887.730469,9908.796875,9614.306641,9811.925781
9809.09668,10154.253906,9773.957031,9911.841797
9913.126953,9916.517578,9717.982422,9870.303711
9871.165039,10167.320312,9411.521484,9477.677734
9491.626953,9575.544922,9252.296875,9552.860352
9548.178711,9681.648438,9472.948242,9519.145508
9522.329102,9701.759766,9437.335938,9607.423828
9604.050781,10085.62793,9598.097656,10085.62793
10077.442383,10446.919922,9922.019531,10399.668945
10402.042969,10657.953125,10371.013672,10518.174805
10519.27832,10946.78125,10503.504883,10821.726562
10821.632812,11009.207031,10620.27832,10970.18457
10960.735352,11895.091797,10960.735352,11805.65332
11811.544922,12273.821289,11290.731445,11478.168945
11476.193359,12036.990234,11433.701172,11941.96875
11954.040039,11979.419922,11556.167969,11966.407227
11953.469727,11970.458008,11709.745117,11862.936523
11861.556641,11915.655273,11323.898438,11354.024414
11349.740234,11523.579102,11248.294922,11523.579102
11528.189453,11528.189453,11320.951172,11382.616211
11385.052734,11420.049805,10830.327148,10895.830078
10889.487305,10889.556641,10028.135742,10051.704102
10038.421875,10437.411133,9675.316406,10311.545898
10319.419922,10524.349609,9855.478516,10374.338867
10358.722656,10452.625,10086.698242,10231.744141
10233.005859,10487.070312,10119.094727,10345.810547
10350.283203,10916.053711,10313.204102,10916.053711
10916.34668,10947.041992,10618.960938,10763.232422
10764.572266,10798.729492,9962.72168,10138.049805
10142.521484,10232.996094,9831.462891,10131.055664
10136.30957,10442.443359,10078.192383,10407.964844
10407.644531,10418.020508,9982.296875,10159.960938
10160.737305,10304.62207,10008.789062,10138.517578
10126.299805,10512.328125,10126.299805,10370.820312
10372.826172,10381.328125,10087.300781,10185.5
10203.426758,10279.366211,9716.65625,9754.422852
9756.786133,9756.786133,9421.629883,9510.200195
9514.844727,9656.124023,9428.302734,9598.173828
9597.539062,9673.220703,9531.799805,9630.664062
9630.592773,9796.755859,9582.944336,9757.970703
9757.473633,10396.591797,9730.650391,10346.760742
10345.725586,10736.104492,10308.547852,10623.540039
10621.180664,10762.644531,10434.709961,10594.493164
10588.183594,10627.269531,10516.417969,10575.533203
10578.198242,10898.761719,10292.299805,10353.302734
10353.931641,10558.673828,10348.918945,10517.254883
10518.114258,10595.637695,10409.09082,10441.276367
10443.228516,10450.311523,10144.929688,10334.974609
10336.408203,10394.353516,10020.573242,10115.975586
10123.035156,10215.948242,9980.776367,10178.37207
10176.819336,10442.253906,10099.242188,10410.126953
10415.362305,10441.489258,10226.59668,10360.546875
10345.40332,10422.133789,10291.694336,10358.048828
10356.46582,10387.035156,10313.092773,10347.712891
10347.222656,10386.867188,10189.744141,10276.793945
10281.513672,10296.771484,10199.739258,10241.272461
10247.795898,10275.928711,10191.469727,10198.248047
10200.496094,10295.668945,9851.692383,10266.415039
10266.318359,10285.87207,10132.186523,10181.641602
10183.648438,10188.097656,10000.708008,10019.716797
10024.115234,10074.444336,9922.533203,10070.392578
10067.962891,10074.238281,9727.143555,9729.324219
9729.321289,9804.317383,8370.801758,8620.566406
8603.428711,8744.828125,8325.396484,8486.993164
8487.669922,8515.685547,7895.629395,8118.967773
8113.101074,8271.520508,7965.922852,8251.845703
8251.273438,8285.617188,8125.431641,8245.915039
8246.037109,8261.707031,7990.49707,8104.185547
8104.226562,8314.231445,7830.758789,8293.868164
8299.720703,8497.692383,8232.679688,8343.276367
8344.212891,8393.041992,8227.695312,8393.041992
8390.774414,8414.227539,8146.437012,8259.992188
8259.494141,8260.055664,8151.236816,8205.939453
8210.149414,8215.526367,8071.120605,8151.500488
8149.876953,8161.410156,7958.850586,7988.155762
7989.120605,8308.450195,7905.766113,8245.623047
8246.849609,8332.714844,8185.763184,8228.783203
8229.84082,8627.706055,8169.298828,8595.740234
8585.280273,8625.272461,8471.933594,8586.473633
8585.262695,8721.780273,8316.181641,8321.756836
8315.665039,8415.242188,8313.34082,8336.555664
8336.902344,8470.988281,8276.612305,8321.005859
8320.832031,8390.208984,8284.130859,8374.686523
8373.458008,8410.714844,8182.706543,8205.369141
8204.674805,8216.8125,7985.089844,8047.526855
8047.8125,8134.831543,8000.942871,8103.911133
8100.933594,8138.413574,7902.164062,7973.20752
7973.803711,8082.629395,7944.776855,7988.560547
7997.807129,8281.818359,7949.439453,8222.078125
8225.115234,8296.694336,8196.416016,8243.720703
8243.402344,8296.651367,8074.462891,8078.203125
8076.228516,8092.999512,7469.322754,7514.671875
7509.728027,7532.867676,7446.98877,7493.48877
7490.703125,8691.540039,7479.984375,8660.700195
8667.577148,10021.744141,8662.62207,9244.972656
9241.707031,9749.529297,9112.541992,9551.714844
9565.101562,9805.118164,9256.148438,9256.148438
9248.44043,9516.180664,9232.648438,9427.6875
9422.462891,9426.874023,9085.370117,9205.726562
9202.458008,9383.161133,9028.717773,9199.584961
9193.992188,9275.657227,9132.047852,9261.104492
9259.783203,9377.486328,9249.587891,9324.717773
9324.787109,9379.806641,9141.251953,9235.354492
9235.607422,9505.051758,9191.485352,9412.612305
9413.004883,9457.417969,9256.931641,9342.527344
9340.864258,9423.237305,9305.90918,9360.879883
9352.393555,9368.476562,9202.353516,9267.561523
9265.368164,9272.759766,8775.53418,8804.880859
8809.46875,8891.818359,8793.163086,8813.582031
8812.489258,9103.826172,8806.162109,9055.526367
9056.917969,9081.279297,8700.608398,8757.788086
8759.751953,8853.768555,8685.427734,8815.662109
8812.033203,8836.841797,8761.651367,8808.262695
8811.936523,8826.943359,8692.551758,8708.094727
8705.708008,8730.873047,8484.84375,8491.992188
8491.166016,8591.99707,8473.973633,8550.760742
8549.470703,8727.789062,8500.967773,8577.975586
8573.980469,8653.280273,8273.573242,8309.286133
8305.134766,8408.516602,8099.963379,8206.145508
8203.613281,8237.240234,8010.511719,8027.268066
8023.644531,8110.098145,7597.381836,7642.75
7643.569336,7697.382812,6936.706543,7296.577637
7296.164551,7442.258789,7151.417969,7397.796875
7398.633789,7408.577148,7029.289062,7047.916992
7039.977051,7319.856934,6617.166992,7146.133789
7145.15918,7320.230469,7098.572266,7218.371094
7220.880859,7619.693359,6974.174316,7531.663574
7536.820312,7730.072754,7454.121582,7463.105957
7466.727051,7781.179688,7460.756348,7761.243652
7764.057129,7836.102051,7515.849609,7569.629883
7571.616211,7571.616211,7291.341797,7424.29248
7424.036133,7474.818848,7233.399414,7321.988281
7323.975586,7418.858887,7229.356934,7320.145508
7320.125,7539.784668,7170.922852,7252.034668
7253.241699,7743.431641,7232.676758,7448.307617
7450.561523,7546.996582,7392.175293,7546.996582
7547.265625,7589.95166,7525.711426,7556.237793
7551.338867,7634.606445,7476.091309,7564.345215
7561.79541,7618.091797,7365.985352,7400.899414
7397.134277,7424.022949,7246.043945,7278.119629
7277.197754,7324.15625,7195.527344,7217.427246
7216.73877,7266.639648,7164.741211,7243.134277
7244.662109,7293.560547,7227.122559,7269.68457
7268.902832,7308.836426,7097.208984,7124.673828
7124.239746,7181.075684,6924.375977,7152.301758
7153.663086,7171.168945,6903.682617,6932.480469
6931.31543,6964.075195,6587.974121,6640.515137
6647.698242,7324.984863,6540.049316,7276.802734
7277.59082,7346.602539,7041.381836,7202.844238
7208.636719,7257.921875,7086.124023,7218.816406
7220.59375,7223.226074,7112.73584,7191.158691
7191.188477,7518.033203,7167.179199,7511.588867
7508.902344,7656.17627,7326.192383,7355.628418
7354.393066,7535.716797,7269.528809,7322.532227
7325.755859,7357.02002,7220.991211,7275.155762
7274.799316,7388.302734,7200.386719,7238.966797
7238.141113,7363.529297,7189.934082,7290.088379
7289.03125,7399.041016,7286.905273,7317.990234
7317.647461,7513.948242,7279.865234,7422.652832
7420.272949,7454.824219,7276.308105,7292.995117
7294.438965,7335.290039,7169.777832,7193.599121
7194.89209,7254.330566,7174.944336,7200.174316
7202.55127,7212.155273,6935.27002,6985.470215
6984.428711,7413.715332,6914.996094,7344.884277
7345.375488,7427.385742,7309.51416,7410.656738
7410.45166,7544.49707,7400.535645,7411.317383
7410.452148,7781.867188,7409.292969,7769.219238
7768.682129,8178.21582,7768.227539,8163.692383
8161.935547,8396.738281,7956.774414,8079.862793
8082.295898,8082.295898,7842.403809,7879.071289
7878.307617,8166.554199,7726.774902,8166.554199
8162.190918,8218.359375,8029.64209,8037.537598
8033.261719,8200.063477,8009.059082,8192.494141
8189.771973,8197.788086,8079.700684,8144.194336
8140.933105,8879.511719,8140.933105,8827.764648
8825.34375,8890.117188,8657.1875,8807.010742
8812.481445,8846.460938,8612.095703,8723.786133
8725.209961,8958.12207,8677.316406,8929.038086
8927.211914,9012.198242,8827.332031,8942.808594
8941.445312,9164.362305,8620.080078,8706.245117
8704.631836,8745.59082,8560.473633,8657.642578
8658.991211,8755.706055,8544.520508,8745.894531
8744.210938,8792.994141,8636.74707,8680.875977
8680.650391,8687.74707,8333.637695,8406.515625
8405.567383,8514.666992,8266.84082,8445.43457
8440.119141,8458.453125,8296.21875,8367.847656
8364.410156,8602.401367,8325.498047,8596.830078
8597.308594,8977.726562,8597.308594,8909.819336
8912.524414,9358.589844,8908.447266,9358.589844
9357.470703,9406.431641,9269.467773,9316.629883
9316.016602,9553.125977,9230.897461,9508.993164
9508.313477,9521.706055,9230.776367,9350.529297
9346.357422,9439.323242,9313.239258,9392.875
9389.820312,9468.797852,9217.824219,9344.365234
9344.683594,9540.37207,9248.633789,9293.521484
9292.841797,9331.265625,9112.811523,9180.962891
9183.416016,9701.299805,9163.704102,9613.423828
9617.821289,9824.619141,9539.818359,9729.801758
9726.00293,9834.716797,9726.00293,9795.943359
9793.070312,9876.749023,9678.910156,9865.119141
9863.894531,10129.435547,9850.392578,10116.673828
10115.55957,10165.765625,9784.563477,9856.611328
9855.891602,10210.052734,9729.334961,10208.236328
10202.387695,10393.611328,10202.387695,10326.054688
10323.960938,10457.626953,10116.161133,10214.379883
10211.550781,10321.996094,10125.53418,10312.116211
10313.856445,10341.555664,9874.427734,9889.424805
9889.179688,10053.96875,9722.386719,9934.433594
9936.560547,9938.81543,9507.637695,9690.142578
9691.230469,10161.935547,9632.382812,10141.996094
10143.798828,10191.675781,9611.223633,9633.386719
9629.325195,9643.216797,9507.900391,9608.475586
9611.782227,9723.014648,9589.743164,9686.441406
9687.707031,9698.231445,9600.728516,9663.181641
9663.318359,9937.404297,9657.791016,9924.515625
9921.583008,9951.746094,9537.042969,9650.174805
9651.3125,9652.737305,9305.021484,9341.705078
9338.290039,9354.77832,8704.426758,8820.522461
8825.09375,8932.892578,8577.199219,8784.494141
8788.728516,8890.456055,8492.932617,8672.455078
8671.212891,8775.631836,8599.508789,8599.508789
8599.758789,8726.796875,8471.212891,8562.454102
8563.264648,8921.308594,8532.630859,8869.669922
8865.387695,8901.598633,8704.990234,8787.786133
8788.541992,8843.366211,8712.431641,8755.246094
8760.285156,9142.054688,8757.253906,9078.762695
9078.308594,9167.695312,9032.079102,9122.545898
9121.600586,9163.220703,8890.744141,8909.954102
8908.206055,8914.34375,8105.25293,8108.116211
8111.146484,8177.793457,7690.098145,7923.644531
7922.146973,8136.945312,7814.763184,7909.729492
7910.089844,7950.814453,7642.8125,7911.430176
7913.616211,7929.116211,4860.354004,4970.788086
5017.831055,5838.114746,4106.980957,5563.707031
5573.077637,5625.226562,5125.069336,5200.366211
5201.066895,5836.64502,5169.283203,5392.314941
5385.229492,5385.229492,4575.35791,5014.47998
5002.578125,5371.348633,4981.90918,5225.629395
5227.11377,5331.833984,5069.335938,5238.438477
5245.416504,6329.73584,5236.96875,6191.192871
6191.653809,6844.261719,5865.781738,6198.77832
6206.521484,6378.135254,5932.823242,6185.066406
6185.558105,6359.697266,5823.713867,5830.254883
5831.374512,6443.93457,5785.004395,6416.314941
6436.642578,6789.022949,6411.066406,6734.803711
6738.716797,6892.51123,6536.92627,6681.062988
6675.170898,6735.463867,6590.962891,6716.44043
6719.38916,6793.836426,6466.70166,6469.79834
6467.253906,6467.500977,6117.837891,6242.193848
6245.624512,6250.467285,5920.085938,5922.042969
5925.538574,6517.195801,5903.234375,6429.841797
6430.606445,6504.515137,6374.162109,6438.644531
6437.319336,6612.57373,6202.373535,6606.776367
6606.776367,7088.247559,6595.918457,6793.624512
6797.396484,7003.220703,6673.335938,6733.387207
6738.382812,6878.953613,6696.484863,6867.527344
6862.537598,6883.414062,6715.929199,6791.129395
6788.049805,7271.78125,6782.889648,7271.78125
7273.644043,7427.939453,7136.714355,7176.414551
7179.283203,7356.223633,7153.305664,7334.098633
7337.966309,7341.448242,7179.094238,7302.089355
7303.81543,7303.81543,6802.475098,6865.493164
6867.44043,6926.069824,6789.920898,6859.083008
6858.067871,7119.947266,6811.078125,6971.091797
6965.616699,6965.616699,6668.259766,6845.037598
6843.281738,6958.557129,6793.821289,6842.427734
6845.561523,6928.664551,6633.402832,6642.109863
6640.454102,7134.450684,6555.504395,7116.804199
7116.552734,7167.183105,7050.332031,7096.18457
7092.291504,7269.956543,7089.24707,7257.665039
7260.922363,7280.521973,7167.054688,7189.424805
7186.873535,7240.290527,6835.50293,6881.958496
6879.78418,6934.551758,6834.442383,6880.323242
6879.44043,7145.865723,6867.781738,7117.20752
7121.306152,7491.785156,7081.594727,7429.724609
7434.181641,7574.195801,7434.181641,7550.900879
7550.48291,7641.36377,7521.672363,7569.936035
7570.13916,7700.594238,7561.407715,7679.867188
7679.418945,7795.601074,7679.418945,7795.601074
7796.970215,7814.527344,7730.806641,7807.058594
7806.712402,8871.753906,7786.049316,8801.038086
8797.669922,9440.650391,8533.255859,8658.553711
8672.782227,9048.023438,8667.763672,8864.766602
8869.057617,9007.1875,8811.366211,8988.59668
8983.614258,9167.78125,8830.97168,8897.46875
8895.745117,8956.90625,8645.024414,8912.654297
8912.832031,9062.415039,8856.827148,9003.070312
9007.441406,9411.467773,8966.706055,9268.761719
9261.895508,9992.664062,9138.322266,9951.518555
9936.162109,9996.743164,9767.172852,9842.666016
9840.90625,9913.863281,9580.644531,9593.896484
9591.168945,9595.581055,8395.107422,8756.430664
8755.535156,9033.470703,8374.323242,8601.795898
8610.385742,8949.898438,8569.643555,8804.477539
8805.387695,9317.878906,8805.387695,9269.987305
9271.329102,9793.268555,9255.035156,9733.72168
9734.291016,9755.828125,9261.398438,9328.197266
9333.240234,9564.205078,9260.694336,9377.013672
9374.929688,9823.001953,9349.545898,9670.739258
9675.695312,9906.030273,9570.359375,9726.575195
9727.063477,9836.047852,9539.624023,9729.038086
9725.329102,9804.793945,9447.201172,9522.981445
9522.740234,9555.242188,8869.930664,9081.761719
9080.334961,9232.936523,9008.638672,9182.577148
9185.0625,9302.501953,9118.108398,9209.287109
9212.283203,9288.404297,8787.250977,8790.368164
8786.107422,8951.005859,8719.667969,8906.93457
8909.585938,8991.967773,8757.293945,8835.052734
8837.380859,9203.320312,8834.157227,9181.017578
9184.945312,9546.319336,9148.457031,9525.750977
9528.355469,9573.666992,9379.338867,9439.124023
9438.914062,9704.030273,9366.729492,9700.414062
9700.105469,9700.34375,9432.296875,9461.058594
9463.605469,10199.56543,9450.899414,10167.268555
10162.973633,10182.34082,9460.571289,9529.803711
9533.760742,9682.859375,9471.84668,9656.717773
9655.854492,9887.610352,9525.24707,9800.636719
9800.21582,9869.237305,9663.216797,9665.533203
9664.904297,9773.431641,9591.024414,9653.679688
9653.00293,9768.498047,9458.150391,9758.852539
9760.063477,9782.306641,9675.885742,9771.489258
9774.360352,9836.369141,9664.719727,9795.700195
9794.119141,9908.896484,9728.291016,9870.094727
9870.078125,9938.297852,9263.069336,9321.78125
9320.69043,9540.46582,9285.851562,9480.84375
9480.735352,9493.211914,9396.009766,9475.277344
9477.553711,9482.270508,9347.59375,9386.788086
9386.035156,9504.860352,8990.175781,9450.702148
9454.266602,9579.430664,9400.445312,9538.024414
9533.78418,9540.422852,9327.339844,9480.254883
9481.567383,9482.782227,9328.395508,9411.84082
9410.293945,9440.875977,9274.295898,9288.018555
9290.959961,9394.97168,9247.379883,9332.34082
9330.926758,9401.107422,9300.430664,9303.629883
9300.915039,9655.073242,9296.87207,9648.717773
9644.076172,9670.541016,9547.24707,9629.658203
9632.149414,9680.367188,9278.233398,9313.610352
9314.126953,9340.161133,9095.324219,9264.813477
9260.995117,9310.516602,9101.738281,9162.917969
9167.824219,9207.810547,8998.216797,9045.390625
9048.460938,9197.546875,8975.525391,9143.582031
9140.029297,9237.573242,9041.875977,9190.854492
9185.581055,9217.835938,9084.837891,9137.993164
9145.985352,9309.754883,9104.735352,9228.325195
9231.139648,9274.962891,9036.623047,9123.410156
9124.842773,9202.344727,9058.794922,9087.303711
9084.233398,9183.295898,9053.629883,9132.488281
9126.09082,9162.183594,8977.015625,9073.942383
9072.849609,9375.474609,9058.664062,9375.474609
9349.161133,9360.617188,9201.81543,9252.277344
9253.020508,9450.335938,9249.5,9428.333008
9427.994141,9431.378906,9234.999023,9277.967773
9273.357422,9287.47168,9118.001953,9278.807617
9277.511719,9293.532227,9199.485352,9240.34668
9241.054688,9319.418945,9197.450195,9276.5
9277.205078,9306.405273,9224.292969,9243.614258
9238.703125,9283.841797,9171.661133,9243.213867
9241.897461,9275.325195,9171.933594,9192.836914
9191.980469,9214.3125,9088.947266,9132.227539
9131.8125,9182.253906,9089.202148,9151.392578
9151.183594,9230.983398,9100.824219,9159.040039
9158.005859,9201.398438,9097.632812,9185.817383
9187.220703,9214.270508,9137.509766,9164.231445
9162.514648,9407.262695,9149.389648,9374.887695
9375.080078,9530.518555,9319.65332,9525.363281
9527.141602,9610.24707,9483.003906,9581.072266
9585.514648,9623.336914,9481.454102,9536.892578
9539.485352,9704.556641,9530.211914,9677.113281
9680.234375,10023.807617,9652.847656,9905.166992
9905.217773,11298.22168,9903.969727,10990.873047
11017.463867,11204.327148,10632.631836,10912.823242
10912.953125,11304.397461,10856.141602,11100.467773
11099.833008,11169.356445,10895.455078,11111.213867
11110.210938,11415.864258,10987.053711,11323.466797
11322.570312,11794.775391,11239.682617,11759.592773
11758.764648,12034.144531,11018.129883,11053.614258
11043.768555,11453.079102,11012.415039,11246.348633
11246.203125,11385.381836,11094.145508,11205.892578
11203.823242,11786.617188,11158.285156,11747.022461
11749.871094,11902.335938,11598.713867,11779.773438
11778.894531,11898.038086,11408.59375,11601.472656
11604.553711,11800.064453,11558.431641,11754.045898
11737.325195,11806.056641,11548.78418,11675.739258
11662.256836,12045.140625,11662.256836,11878.111328
11881.647461,11932.710938,11195.708984,11410.525391
11404.59668,11748.396484,11249.605469,11584.93457
11588.405273,11796.396484,11216.87207,11784.137695
11772.65918,12150.994141,11685.455078,11768.871094
11768.697266,11963.203125,11768.697266,11865.698242
11866.685547,11934.901367,11737.188477,11892.803711
11895.658203,12359.056641,11806.696289,12254.402344
12251.895508,12335.707031,11954.525391,11991.233398
11990.884766,12028.923828,11687.333008,11758.283203
11761.5,11900.411133,11710.063477,11878.37207
11878.026367,11899.259766,11564.979492,11592.489258
11585.477539,11689.407227,11448.805664,11681.825195
11679.696289,11713.429688,11559.920898,11664.847656
11663.689453,11807.631836,11623.25,11774.595703
11773.588867,11778.299805,11189.850586,11366.134766
11366.894531,11530.052734,11296.993164,11488.363281
11485.608398,11570.786133,11185.941406,11323.397461
11325.295898,11545.615234,11316.422852,11542.5
11541.054688,11585.640625,11466.292969,11506.865234
11508.713867,11715.264648,11492.381836,11711.505859
11713.306641,11768.876953,11598.318359,11680.820312
11679.316406,12067.081055,11601.128906,11970.478516
11964.823242,11964.823242,11290.793945,11414.03418
11407.191406,11443.022461,10182.464844,10245.296875
10230.365234,10663.919922,10207.94043,10511.813477
10512.530273,10581.571289,9946.675781,10169.567383
10167.216797,10353.927734,10056.885742,10280.351562
10280.998047,10399.15332,9916.493164,10369.563477
10369.306641,10414.775391,9945.110352,10131.516602
10134.151367,10350.542969,10017.250977,10242.347656
10242.330078,10503.912109,10238.135742,10363.138672
10369.02832,10434.922852,10140.836914,10400.915039
10409.861328,10578.837891,10292.386719,10442.170898
10452.399414,10577.214844,10224.330078,10323.755859
10328.734375,10800.010742,10266.008789,10680.837891
10677.754883,10938.631836,10656.459961,10796.951172
10797.761719,11100.124023,10704.884766,10974.905273
10973.251953,11037.420898,10774.62793,10948.990234
10951.820312,11034.908203,10829.657227,10944.585938
10933.75293,11134.092773,10909.618164,11094.34668
11095.870117,11095.870117,10814.477539,10938.271484
10934.925781,10988.304688,10380.260742,10462.259766
10459.624023,10568.077148,10382.726562,10538.459961
10535.492188,10537.828125,10197.865234,10246.186523
10248.786133,10771.056641,10231.490234,10760.066406
10761.109375,10777.696289,10578.914062,10692.716797
10695.575195,10772.999023,10667.28125,10750.723633
10746.892578,10803.976562,10622.921875,10775.269531
10776.613281,10945.347656,10703.893555,10709.652344
10709.650391,10860.000977,10649.495117,10844.640625
10843.871094,10847.256836,10669.321289,10784.491211
10795.254883,10933.624023,10472.356445,10619.452148
10619.821289,10657.837891,10416.689453,10575.974609
10575.100586,10598.94043,10511.129883,10549.329102
10550.44043,10686.0,10534.391602,10669.583008
10676.529297,10793.507812,10634.600586,10793.339844
10796.306641,10797.578125,10528.890625,10604.40625
10603.355469,10680.507812,10562.506836,10668.96875
10669.371094,10945.737305,10562.606445,10915.685547
10927.913086,11102.671875,10846.850586,11064.458008
11059.142578,11442.210938,11056.94043,11296.361328
11296.082031,11428.813477,11288.62793,11384.181641
11392.635742,11698.467773,11240.686523,11555.363281
11548.719727,11548.984375,11321.224609,11425.899414
11429.047852,11539.977539,11307.831055,11429.506836
11426.602539,11569.914062,11303.603516,11495.349609
11502.828125,11540.061523,11223.012695,11322.123047
11322.123047,11386.261719,11285.345703,11358.101562
11355.982422,11483.359375,11347.578125,11483.359375
11495.038086,11799.092773,11408.290039,11742.037109
11745.974609,11999.917969,11681.480469,11916.334961
11913.077148,13184.566406,11900.928711,12823.689453
12801.635742,13161.59375,12717.09375,12965.891602
12971.548828,13015.961914,12752.647461,12931.539062
12931.574219,13145.066406,12885.74707,13108.0625
13108.063477,13329.183594,12910.061523,13031.173828
13031.201172,13225.297852,12822.382812,13075.248047
13075.242188,13759.668945,13060.837891,13654.21875
13654.214844,13837.695312,12932.250977,13271.285156
13271.298828,13612.047852,12980.05957,13437.882812
13437.874023,13651.516602,13136.198242,13546.522461
13546.532227,14028.213867,13457.530273,13780.995117
13780.995117,13862.033203,13628.37793,13737.109375
13737.032227,13808.323242,13243.160156,13550.489258
13550.451172,13984.981445,13325.441406,13950.300781
13950.488281,14218.766602,13580.47168,14133.707031
14133.733398,15706.404297,14102.088867,15579.848633
15579.729492,15903.4375,15226.839844,15565.880859
15565.880859,15737.095703,14423.203125,14833.753906
14833.753906,15637.320312,14744.110352,15479.567383
15479.595703,15785.136719,14865.529297,15332.31543
15332.350586,15450.329102,15124.959961,15290.902344
15290.90918,15916.260742,15290.006836,15701.339844
15701.298828,16305.003906,15534.771484,16276.34375
16276.44043,16463.177734,15992.152344,16317.808594
16317.808594,16317.808594,15749.193359,16068.138672
16068.139648,16123.110352,15793.53418,15955.587891
15955.577148,16816.181641,15880.706055,16716.111328
16685.691406,17782.919922,16564.544922,17645.40625
17645.191406,18393.949219,17352.90625,17804.005859
17803.861328,18119.546875,17382.554688,17817.089844
17817.083984,18773.226562,17765.794922,18621.314453
18621.316406,18936.621094,18444.359375,18642.232422
18642.232422,18688.96875,17671.384766,18370.001953
18370.017578,18711.425781,18000.796875,18364.121094
18365.015625,19348.271484,18128.65625,19107.464844
19104.410156,19390.964844,18581.146484,18732.121094
18729.839844,18866.285156,16351.035156,17150.623047
17153.914062,17445.023438,16526.423828,17108.402344
17112.933594,17853.939453,16910.652344,17717.414062
17719.634766,18283.628906,17559.117188,18177.484375
18178.322266,19749.263672,18178.322266,19625.835938
19633.769531,19845.974609,18321.921875,18802.998047
18801.744141,19308.330078,18347.71875,19201.091797
19205.925781,19566.191406,18925.785156,19445.398438
19446.966797,19511.404297,18697.193359,18699.765625
18698.384766,19160.449219,18590.193359,19154.230469
19154.179688,19390.5,18897.894531,19345.121094
19343.128906,19411.828125,18931.142578,19191.630859
19191.529297,19283.478516,18269.945312,18321.144531
18320.884766,18626.292969,17935.546875,18553.916016
18553.298828,18553.298828,17957.064453,18264.992188
18263.929688,18268.453125,17619.533203,18058.904297
18051.320312,18919.550781,18046.041016,18803.65625
18806.765625,19381.535156,18734.332031,19142.382812
19144.492188,19305.099609,19012.708984,19246.644531
19246.919922,19525.007812,19079.841797,19417.076172
19418.818359,21458.908203,19298.316406,21310.597656
21308.351562,23642.660156,21234.675781,22805.162109
22806.796875,23238.601562,22399.8125,23137.960938
23132.865234,24085.855469,22826.472656,23869.832031
23861.765625,24209.660156,23147.710938,23477.294922
23474.455078,24059.982422,22159.367188,22803.082031
22794.039062,23789.902344,22430.605469,23783.029297
23781.974609,24024.490234,22802.646484,23241.345703
23240.203125,23768.337891,22777.597656,23735.949219
23733.570312,24710.101562,23463.673828,24664.791016
24677.015625,26718.070312,24522.689453,26437.037109
26439.373047,28288.839844,25922.769531,26272.294922
26280.822266,27389.111328,26207.640625,27084.808594
27081.810547,27370.720703,25987.298828,27362.4375
27360.089844,28937.740234,27360.089844,28840.953125
28841.574219,29244.876953,28201.992188,29001.720703
28994.009766,29600.626953,28803.585938,29374.152344
29376.455078,33155.117188,29091.181641,32127.267578
32129.408203,34608.558594,32052.316406,32782.023438
32810.949219,33440.21875,28722.755859,31971.914062
31977.041016,34437.589844,30221.1875,33992.429688
34013.613281,36879.699219,33514.035156,36824.363281
36833.875,40180.367188,36491.191406,39371.042969
39381.765625,41946.738281,36838.636719,40797.609375
40788.640625,41436.351562,38980.875,40254.546875
40254.21875,41420.191406,35984.628906,38356.441406
38346.53125,38346.53125,30549.599609,35566.65625
35516.359375,36568.527344,32697.976562,33922.960938
33915.121094,37599.960938,32584.667969,37316.359375
37325.109375,39966.40625,36868.5625,39187.328125
39156.707031,39577.710938,34659.589844,36825.367188
36821.648438,37864.367188,35633.554688,36178.140625
36163.648438,36722.351562,34069.320312,35791.277344
35792.238281,37299.285156,34883.84375,36630.074219
36642.234375,37755.890625,36069.804688,36069.804688
36050.113281,36378.328125,33570.476562,35547.75
35549.398438,35552.679688,30250.75,30825.699219
30817.625,33811.851562,28953.373047,33005.761719
32985.757812,33360.976562,31493.160156,32067.642578
32064.376953,32944.007812,31106.685547,32289.378906
32285.798828,34802.742188,32087.787109,32366.392578
32358.613281,32794.550781,31030.265625,32569.849609
32564.029297,32564.029297,29367.138672,30432.546875
30441.041016,33858.3125,30023.207031,33466.097656
34318.671875,38406.261719,32064.814453,34316.386719
34295.933594,34834.707031,32940.1875,34269.523438
34270.878906,34288.332031,32270.175781,33114.359375
33114.578125,34638.214844,32384.228516,33537.175781
33533.199219,35896.882812,33489.21875,35510.289062
35510.820312,37480.1875,35443.984375,37472.089844
37475.105469,38592.175781,36317.5,36926.066406
36931.546875,38225.90625,36658.761719,38144.308594
38138.386719,40846.546875,38138.386719,39266.011719
39250.191406,39621.835938,37446.152344,38903.441406
38886.828125,46203.929688,38076.324219,46196.464844
46184.992188,48003.722656,45166.960938,46481.105469
46469.761719,47145.566406,43881.152344,44918.183594
44898.710938,48463.46875,44187.761719,47909.332031
47877.035156,48745.734375,46424.976562,47504.851562
47491.203125,48047.746094,46392.28125,47105.515625
47114.507812,49487.640625,47114.507812,48717.289062
48696.535156,48875.570312,46347.476562,47945.058594
47944.457031,50341.101562,47201.304688,49199.871094
49207.277344,52533.914062,49072.378906,52149.007812
52140.972656,52474.105469,51015.765625,51679.796875
51675.980469,56113.652344,50937.277344,55888.132812
55887.335938,57505.226562,54626.558594,56099.519531
56068.566406,58330.570312,55672.609375,57539.945312
57532.738281,57533.390625,48967.566406,54207.320312
54204.929688,54204.929688,45290.589844,48824.425781
48835.085938,51290.136719,47213.5,49705.332031
49709.082031,51948.96875,47093.851562,47093.851562
47180.464844,48370.785156,44454.84375,46339.761719
46344.773438,48253.269531,45269.027344,46188.453125
46194.015625,46716.429688,43241.617188,45137.769531
45159.503906,49784.015625,45115.09375,49631.242188
49612.105469,50127.511719,47228.84375,48378.988281
48415.816406,52535.136719,48274.320312,50538.242188
50522.304688,51735.089844,47656.929688,48561.167969
48527.03125,49396.429688,46542.515625,48927.304688
48899.230469,49147.21875,47257.527344,48912.382812
48918.679688,51384.367188,48918.679688,51206.691406
51174.117188,52314.070312,49506.054688,52246.523438
52272.96875,54824.117188,51981.832031,54824.117188
54824.011719,57258.253906,53290.890625,56008.550781
55963.179688,58091.0625,54484.59375,57805.121094
57821.21875,57996.621094,55376.648438,57332.089844
57343.371094,61683.863281,56217.972656,61243.085938
61221.132812,61597.917969,59302.316406,59302.316406
59267.429688,60540.992188,55393.164062,55907.199219
55840.785156,56833.179688,53555.027344,56804.902344
56825.828125,58969.816406,54528.628906,58870.894531
58893.078125,60116.25,54253.578125,57858.921875
57850.441406,59498.375,56643.703125,58346.652344
58332.261719,60031.285156,58213.296875,58313.644531
58309.914062,58767.898438,56005.617188,57523.421875
57517.890625,58471.480469,54288.15625,54529.144531
54511.660156,55985.441406,53470.695312,54738.945312
54710.488281,57262.382812,52514.332031,52774.265625
52726.746094,53392.386719,50856.570312,51704.160156
51683.011719,55137.3125,51579.855469,55137.3125
55137.566406,56568.214844,54242.910156,55973.511719
55974.941406,56610.3125,55071.113281,55950.746094
55947.898438,58342.097656,55139.339844,57750.199219
57750.132812,59447.222656,57251.550781,58917.691406
58930.277344,59930.027344,57726.417969,58918.832031
58926.5625,59586.070312,58505.277344,59095.808594
59098.878906,60267.1875,58869.28125,59384.3125
59397.410156,60110.269531,57603.890625,57603.890625
57604.839844,58913.746094,57168.675781,58758.554688
58760.875,59891.296875,57694.824219,59057.878906
59171.933594,59479.578125,57646.808594,58192.359375
58186.507812,58731.144531,55604.023438,56048.9375
56099.914062,58338.738281,55879.085938,58323.953125
58326.5625,58937.046875,57807.863281,58245.003906
58253.777344,61276.664062,58038.707031,59793.234375
59846.230469,60790.554688,59289.796875,60204.964844
60175.945312,61253.035156,59589.875,59893.453125
59890.019531,63742.285156,59869.957031,63503.457031
63523.753906,64863.097656,61554.796875,63109.695312
63075.195312,63821.671875,62208.964844,63314.011719
63258.503906,63594.722656,60222.53125,61572.789062
61529.921875,62572.175781,60361.351562,60683.820312
60701.886719,61057.457031,52829.535156,56216.183594
56191.585938,57520.054688,54368.59375,55724.265625
55681.792969,57062.148438,53448.046875,56473.03125
56471.128906,56757.972656,53695.46875,53906.089844
53857.105469,55410.230469,50583.8125,51762.273438
51739.808594,52120.792969,47714.664062,51093.652344
51143.226562,51167.5625,48805.285156,50050.867188
50052.832031,50506.019531,47159.484375,49004.253906
49077.792969,54288.003906,48852.796875,54021.753906
54030.304688,55416.964844,53319.1875,55033.117188
55036.636719,56227.207031,53887.917969,54824.703125
54858.089844,55115.84375,52418.027344,53555.109375
53568.664062,57900.71875,53129.601562,57750.175781
57714.664062,58448.339844,57052.273438,57828.050781
57825.863281,57902.59375,56141.90625,56631.078125
56620.273438,58973.308594,56590.871094,57200.292969
57214.179688,57214.179688,53191.425781,53333.539062
53252.164062,57911.363281,52969.054688,57424.007812
57441.308594,58363.316406,55382.507812,56396.515625
56413.953125,58606.632812,55321.847656,57356.402344
57352.765625,59464.613281,56975.210938,58803.777344
58877.390625,59210.882812,56482.003906,58232.316406
58250.871094,59519.355469,54071.457031,55859.796875
55847.242188,56872.542969,54608.652344,56704.574219
56714.53125,57939.363281,49150.535156,49150.535156
49735.433594,51330.84375,46980.019531,49716.191406
49682.980469,51438.117188,48868.578125,49880.535156
49855.496094,50639.664062,46664.140625,46760.1875
46716.636719,49720.042969,43963.351562,46456.058594
46415.898438,46623.558594,42207.289062,43537.511719
43488.058594,45812.457031,42367.832031,42909.402344
42944.976562,43546.117188,30681.496094,37002.441406
36753.667969,42462.984375,35050.617188,40782.738281
40596.949219,42172.171875,33616.453125,37304.691406
37371.03125,38831.054688,35383.683594,37536.632812
37531.449219,38289.21875,31227.339844,34770.582031
34700.363281,39835.140625,34551.082031,38705.980469
38795.78125,39776.351562,36581.429688,38402.222656
38392.625,40782.078125,37905.835938,39294.199219
39316.890625,40379.617188,37247.902344,38436.96875
38507.082031,38856.96875,34779.039062,35697.605469
35684.15625,37234.5,33693.929688,34616.066406
34607.40625,36400.667969,33520.738281,35678.128906
35658.59375,37468.25,34241.945312,37332.855469
37293.792969,37896.734375,35787.085938,36684.925781
36699.921875,38231.339844,35966.308594,37575.179688
37599.410156,39478.953125,37243.972656,39208.765625
39242.484375,39242.484375,35717.722656,36894.40625
36880.15625,37917.714844,34900.414062,35551.957031
35538.609375,36436.421875,35304.578125,35862.378906
35835.265625,36790.570312,33480.640625,33560.707031
33589.519531,34017.386719,31114.443359,33472.632812
33416.976562,37537.371094,32475.865234,37345.121094
37389.515625,38334.324219,35847.59375,36702.597656
36697.03125,37608.695312,36044.449219,37334.398438
37340.144531,37408.925781,34728.191406,35552.515625
35555.789062,39322.78125,34864.109375,39097.859375
39016.96875,40978.363281,38757.285156,40218.476562
40427.167969,41295.269531,39609.46875,40406.269531
40168.691406,40516.777344,38176.035156,38347.0625
38341.421875,39513.671875,37439.675781,38053.503906
38099.476562,38187.261719,35255.855469,35787.246094
35854.527344,36457.796875,34933.0625,35615.871094
35563.140625,36059.484375,33432.074219,35698.296875
35641.144531,35721.640625,31295.935547,31676.693359
31622.376953,33292.453125,28893.621094,32505.660156
32515.714844,34753.410156,31772.632812,33723.027344
33682.800781,35228.851562,32385.214844,34662.4375
34659.105469,35487.246094,31350.884766,31637.779297
31594.664062,32637.587891,30184.501953,32186.277344
32287.523438,34656.128906,32071.757812,34649.644531
34679.121094,35219.890625,33902.074219,34434.335938
34475.558594,36542.109375,34252.484375,35867.777344
35908.386719,36074.757812,34086.152344,35040.835938
35035.984375,35035.984375,32883.78125,33572.117188
33549.601562,33939.589844,32770.679688,33897.046875
33854.421875,34909.261719,33402.695312,34668.546875
34665.566406,35937.566406,34396.476562,35287.78125
35284.34375,35284.34375,33213.660156,33746.003906
33723.507812,35038.535156,33599.917969,34235.195312
34225.679688,34997.664062,33839.289062,33855.328125
33889.605469,33907.90625,32133.183594,32877.371094
32861.671875,34042.292969,32318.880859,33798.011719
33811.242188,34209.070312,33116.011719,33520.519531
33509.078125,34584.703125,33346.738281,34240.1875
34254.015625,34592.15625,32697.308594,33155.847656
33125.46875,33327.101562,32261.419922,32702.025391
32723.845703,33061.398438,31639.125,32822.347656
32827.875,33159.640625,31175.708984,31780.730469
31841.550781,32218.40625,31100.673828,31421.539062
31397.308594,31935.945312,31223.990234,31533.068359
31533.884766,32398.996094,31215.492188,31796.810547
31800.011719,31885.859375,30563.734375,30817.832031
30838.285156,31006.1875,29360.955078,29807.347656
29796.285156,32752.326172,29526.183594,32110.693359
32138.873047,32576.400391,31745.298828,32313.105469
32305.958984,33581.550781,32057.892578,33581.550781
33593.730469,34490.390625,33424.859375,34292.445312
34290.292969,35364.925781,33881.835938,35350.1875
35384.03125,40499.675781,35287.3125,37337.535156
37276.035156,39406.941406,36441.726562,39406.941406
39503.1875,40816.070312,38862.4375,39995.90625
39995.453125,40593.070312,39352.058594,40008.421875
40027.484375,42235.546875,38397.355469,42235.546875
42196.304688,42231.449219,41110.832031,41626.195312
41460.84375,42541.679688,39540.941406,39974.894531
39907.261719,40419.179688,38746.347656,39201.945312
39178.402344,39750.03125,37782.050781,38152.980469
38213.332031,39952.296875,37589.164062,39747.503906
39744.515625,41341.933594,37458.003906,40869.554688
40865.867188,43271.660156,39932.179688,42816.5
42832.796875,44689.859375,42618.566406,44555.800781
44574.4375,45282.351562,43331.910156,43798.117188
43791.925781,46456.832031,42848.6875,46365.402344
46280.847656,46637.988281,44705.554688,45585.03125
45599.703125,46735.632812,45351.710938,45593.636719
45576.878906,46228.910156,43861.445312,44428.289062
44439.691406,47831.976562,44282.417969,47793.320312
47810.6875,48098.683594,46177.632812,47096.945312
47096.667969,47357.105469,45579.589844,47047.003906
47019.960938,47998.097656,45700.320312,46004.484375
45936.457031,47139.570312,44512.417969,44695.359375
44686.75,45952.0625,44364.027344,44801.1875
44741.882812,46970.761719,43998.316406,46717.578125
46723.121094,49342.152344,46650.707031,49339.175781
49327.074219,49717.019531,48312.199219,48905.492188
48869.105469,49471.609375,48199.941406,49321.652344
49291.675781,50482.078125,49074.605469,49546.148438
49562.347656,49878.769531,47687.117188,47706.117188
47727.257812,49202.878906,47163.613281,48960.789062
49002.640625,49347.582031,46405.78125,46942.21875
46894.554688,49112.785156,46394.28125,49058.667969
49072.585938,49283.503906,48499.238281,48902.402344
48911.25,49644.113281,47925.855469,48829.832031
48834.851562,48925.605469,46950.273438,47054.984375
47024.339844,48189.550781,46750.09375,47166.6875
47099.773438,49111.089844,46562.4375,48847.027344
48807.847656,50343.421875,48652.320312,49327.722656
49288.25,50982.273438,48386.085938,50025.375
50009.324219,50545.582031,49548.78125,49944.625
49937.859375,51868.679688,49538.597656,51753.410156
51769.003906,52700.941406,51053.679688,52633.535156
52660.480469,52853.765625,43285.207031,46811.128906
46827.761719,47334.054688,44561.394531,46091.390625
45774.742188,47261.949219,45669.738281,46391.421875
46396.664062,47031.742188,44344.484375,44883.910156
44869.839844,45969.292969,44818.265625,45201.457031
45206.628906,46364.878906,44790.460938,46063.269531
46057.214844,46598.679688,43591.320312,44963.074219
44960.050781,47218.125,44752.332031,47092.492188
47098.0,48450.46875,46773.328125,48176.347656
48158.90625,48486.828125,47079.558594,47783.359375
47771.003906,48160.921875,46832.523438,47267.519531
47273.527344,48791.78125,47087.285156,48278.363281
48268.855469,48328.367188,46919.804688,47260.21875
47261.40625,47328.199219,42598.914062,42843.800781
43012.234375,43607.609375,39787.609375,40693.675781
40677.953125,43978.621094,40625.632812,43574.507812
43560.296875,44942.175781,43109.339844,44895.097656
44894.300781,45080.492188,40936.558594,42839.75
42840.890625,42996.257812,41759.921875,42716.59375
42721.628906,43919.300781,40848.460938,43208.539062
43234.183594,44313.246094,42190.632812,42235.730469
42200.898438,42775.144531,40931.664062,41034.542969
41064.984375,42545.257812,40829.667969,41564.363281
41551.269531,44092.601562,41444.582031,43790.894531
43816.742188,48436.011719,43320.023438,48116.941406
48137.46875,48282.0625,47465.496094,47711.488281
47680.027344,49130.691406,47157.289062,48199.953125
48208.90625,49456.777344,47045.003906,49112.902344
49174.960938,51839.984375,49072.839844,51514.8125
51486.664062,55568.464844,50488.191406,55361.449219
55338.625,55338.625,53525.46875,53805.984375
53802.144531,55922.980469,53688.054688,53967.847656
53929.78125,55397.945312,53735.144531,54968.222656
54952.820312,56401.304688,54264.257812,54771.578125
54734.125,57793.039062,54519.765625,57484.789062
57526.832031,57627.878906,54477.972656,56041.058594
56038.257812,57688.660156,54370.972656,57401.097656
57372.832031,58478.734375,56957.074219,57321.523438
57345.902344,62757.128906,56868.144531,61593.949219
61609.527344,62274.476562,60206.121094,60892.179688
60887.652344,61645.523438,59164.46875,61553.617188
61548.804688,62614.660156,60012.757812,62026.078125
62043.164062,64434.535156,61622.933594,64261.992188
64284.585938,66930.390625,63610.675781,65992.835938
66002.234375,66600.546875,62117.410156,62210.171875
62237.890625,63715.023438,60122.796875,60692.265625
60694.628906,61743.878906,59826.523438,61393.617188
61368.34375,61505.804688,59643.34375,60930.835938
60893.925781,63729.324219,60691.800781,63039.824219
63032.761719,63229.027344,59991.160156,60363.792969
60352.0,61435.183594,58208.1875,58482.386719
58470.730469,62128.632812,58206.917969,60622.136719
60624.871094,62927.609375,60329.964844,62227.964844
62239.363281,62330.144531,60918.386719,61888.832031
61850.488281,62406.171875,60074.328125,61318.957031
61320.449219,62419.003906,59695.183594,61004.40625
60963.253906,64242.792969,60673.054688,63226.402344
63254.335938,63516.9375,61184.238281,62970.046875
62941.804688,63123.289062,60799.664062,61452.230469
61460.078125,62541.46875,60844.609375,61125.675781
61068.875,61590.683594,60163.78125,61527.480469
61554.921875,63326.988281,61432.488281,63326.988281
63344.066406,67673.742188,63344.066406,67566.828125
67549.734375,68530.335938,66382.0625,66971.828125
66953.335938,68789.625,63208.113281,64995.230469
64978.890625,65579.015625,64180.488281,64949.960938
64863.980469,65460.816406,62333.914062,64155.941406
64158.121094,64915.675781,63303.734375,64469.527344
64455.371094,65495.179688,63647.808594,65466.839844
65521.289062,66281.570312,63548.144531,63557.871094
63721.195312,63721.195312,59016.335938,60161.246094
60139.621094,60823.609375,58515.410156,60368.011719
60360.136719,60948.5,56550.792969,56942.136719
56896.128906,58351.113281,55705.179688,58119.578125
58115.082031,59859.878906,57469.726562,59697.195312
59730.507812,60004.425781,58618.929688,58730.476562
58706.847656,59266.359375,55679.839844,56289.289062
56304.554688,57875.515625,55632.761719,57569.074219
57565.851562,57803.066406,55964.222656,56280.425781
57165.417969,59367.96875,57146.683594,57274.679688
58960.285156,59183.480469,53569.765625,53569.765625
53736.429688,55329.257812,53668.355469,54815.078125
54813.023438,57393.84375,53576.734375,57248.457031
57291.90625,58872.878906,56792.527344,57806.566406
57830.113281,59113.402344,56057.28125,57005.425781
56907.964844,59041.683594,56553.082031,57229.828125
57217.371094,57349.234375,55895.132812,56477.816406
56509.164062,57482.167969,52496.585938,53598.246094
53727.878906,53904.679688,42874.617188,49200.703125
49201.519531,49768.148438,47857.496094,49368.847656
49413.480469,50929.519531,47281.035156,50582.625
50581.828125,51934.78125,50175.808594,50700.085938
50667.648438,51171.375,48765.988281,50504.796875
50450.082031,50797.164062,47358.351562,47672.121094
47642.144531,50015.253906,47023.699219,47243.304688
47264.632812,49458.210938,46942.347656,49362.507812
49354.855469,50724.867188,48725.851562,50098.335938
50114.742188,50205.0,45894.847656,46737.480469
46709.824219,48431.398438,46424.496094,46612.632812
48379.753906,49473.957031,46671.964844,48896.722656
48900.464844,49425.574219,47529.878906,47665.425781
47653.730469,48004.894531,45618.214844,46202.144531
46219.253906,47313.828125,45598.441406,46848.777344
46853.867188,48089.664062,46502.953125,46707.015625
46707.0625,47401.71875,45579.808594,46880.277344
46886.078125,49300.917969,46698.773438,48936.613281
48937.097656,49544.796875,48450.941406,48628.511719
48626.34375,51332.339844,48065.835938,50784.539062
50806.050781,51814.027344,50514.496094,50822.195312
50854.917969,51176.597656,50236.707031,50429.859375
50428.691406,51196.378906,49623.105469,50809.515625
50802.609375,51956.328125,50499.46875,50640.417969
50679.859375,50679.859375,47414.210938,47588.855469
47623.871094,48119.742188,46201.496094,46444.710938
46490.605469,47879.964844,46060.3125,47178.125
47169.371094,48472.527344,45819.953125,46306.445312
46311.746094,47827.3125,46288.484375,47686.8125
47680.925781,47881.40625,46856.9375,47345.21875
47343.542969,47510.726562,45835.964844,46458.117188
46458.851562,47406.546875,45752.464844,45897.574219
45899.359375,46929.046875,42798.222656,43569.003906
43565.511719,43748.71875,42645.539062,43160.929688
43153.570312,43153.570312,41077.445312,41557.902344
41561.464844,42228.941406,40672.277344,41733.941406
41734.726562,42663.949219,41338.160156,41911.601562
41910.230469,42199.484375,39796.570312,41821.261719
41819.507812,43001.15625,41407.753906,42735.855469
42742.179688,44135.367188,42528.988281,43949.101562
43946.742188,44278.421875,42447.042969,42591.570312
42598.871094,43346.6875,41982.617188,43099.699219
43101.898438,43724.671875,42669.035156,43177.398438
43172.039062,43436.808594,42691.023438,43113.878906
43118.121094,43179.390625,41680.320312,42250.550781
42250.074219,42534.402344,41392.214844,42375.632812
42374.039062,42478.304688,41242.914062,41744.328125
41744.027344,43413.023438,40672.824219,40680.417969
40699.605469,41060.527344,35791.425781,36457.316406
36471.589844,36688.8125,34349.25,35030.25
35047.359375,36433.3125,34784.96875,36276.804688
36275.734375,37247.519531,33184.058594,36654.328125
36654.804688,37444.570312,35779.429688,36954.003906
36950.515625,38825.410156,36374.90625,36852.121094
36841.878906,37148.324219,35629.28125,37138.234375
37128.445312,37952.878906,36211.109375,37784.332031
37780.714844,38576.261719,37406.472656,38138.179688
38151.917969,38266.339844,37437.710938,37917.601562
37920.28125,38647.261719,36733.574219,38483.125
38481.765625,39115.132812,38113.664062,38743.273438
38743.714844,38834.617188,36832.730469,36952.984375
36944.804688,37154.601562,36375.539062,37154.601562
37149.265625,41527.785156,37093.628906,41500.875
41501.480469,41847.164062,41038.097656,41441.164062
41441.121094,42500.785156,41244.90625,42412.433594
42406.78125,44401.863281,41748.15625,43840.285156
43854.652344,45293.867188,42807.835938,44118.445312
44096.703125,44727.800781,43232.96875,44338.796875
44347.800781,45661.171875,43402.808594,43565.113281
43571.128906,43810.832031,42114.539062,42407.9375
42412.300781,42992.550781,41852.574219,42244.46875
42236.566406,42693.054688,41950.941406,42197.515625
42157.398438,42775.777344,41681.957031,42586.917969
42586.464844,44667.21875,42491.035156,44575.203125
44578.277344,44578.277344,43456.691406,43961.859375
43937.070312,44132.972656,40249.371094,40538.011719
40552.132812,40929.152344,39637.617188,40030.976562
40026.023438,40418.878906,39713.058594,40122.15625
40118.101562,40119.890625,38112.8125,38431.378906
38423.210938,39394.4375,36950.476562,37075.28125
37068.769531,38359.855469,36488.933594,38286.027344
38285.28125,39122.394531,37201.816406,37296.570312
37278.566406,38968.839844,34459.21875,38332.609375
38333.746094,39630.324219,38111.34375,39214.21875
39213.082031,40005.347656,38702.535156,39105.148438
39098.699219,39778.941406,37268.976562,37709.785156
37706.0,43760.457031,37518.214844,43193.234375
43194.503906,44793.601562,42952.585938,44354.636719
44357.617188,45077.578125,43432.851562,43924.117188
43925.195312,44021.578125,41914.75,42451.789062
42458.140625,42479.613281,38805.847656,39137.605469
39148.449219,39566.335938,38777.035156,39400.585938
39404.199219,39640.175781,38211.648438,38419.984375
38429.304688,39430.226562,37260.203125,38062.039062
38059.902344,39304.441406,37957.386719,38737.269531
38742.816406,42465.671875,38706.09375,41982.925781
41974.070312,42004.726562,38832.941406,39437.460938
39439.96875,40081.679688,38347.433594,38794.972656
38794.464844,39308.597656,38772.535156,38904.011719
38884.726562,39209.351562,37728.144531,37849.664062
37846.316406,39742.5,37680.734375,39666.753906
39664.25,39794.628906,38310.210938,39338.785156
39335.570312,41465.453125,39022.347656,41143.929688
41140.84375,41287.535156,40662.871094,40951.378906
40944.839844,42195.746094,40302.398438,41801.15625
41794.648438,42316.554688,41602.667969,42190.652344
42191.40625,42241.164062,41004.757812,41247.824219
41246.132812,41454.410156,40668.042969,41077.996094
41074.105469,43124.707031,40948.28125,42358.808594
42364.378906,42893.507812,41877.507812,42892.957031
42886.652344,44131.855469,42726.164062,43960.933594
43964.546875,44999.492188,43706.285156,44348.730469
44349.859375,44735.996094,44166.273438,44500.828125
44505.355469,46827.546875,44437.292969,46820.492188
46821.851562,48086.835938,46690.203125,47128.003906
47100.4375,48022.289062,47100.4375,47465.730469
47456.898438,47655.148438,46746.210938,47062.664062
47062.148438,47512.027344,45390.539062,45538.675781
45554.164062,46616.242188,44403.140625,46281.644531
46285.5,47028.28125,45782.511719,45868.949219
45859.128906,47313.476562,45634.105469,46453.566406
46445.273438,46791.089844,45235.816406,46622.675781
46624.507812,47106.140625,45544.808594,45555.992188
45544.355469,45544.355469,43193.953125,43206.738281
43207.5,43860.699219,42899.90625,43503.847656
43505.136719,43903.019531,42183.289062,42287.664062
42282.078125,42786.816406,42183.253906,42782.136719
42781.089844,43376.378906,42021.207031,42207.671875
42201.039062,42424.589844,39373.058594,39521.902344
39533.714844,40617.585938,39388.328125,40127.183594
40123.570312,41430.054688,39712.746094,41166.730469
41160.21875,41451.480469,39695.746094,39935.515625
39939.402344,40617.722656,39866.832031,40553.464844
40552.316406,40633.679688,40078.425781,40424.484375
40417.777344,40570.726562,39620.894531,39716.953125
39721.203125,40986.320312,38696.191406,40826.214844
40828.175781,41672.960938,40618.632812,41502.75
41501.746094,42126.300781,40961.097656,41374.378906
41371.515625,42893.582031,40063.828125,40527.363281
40525.863281,40777.757812,39315.417969,39740.320312
39738.722656,39935.859375,39352.203125,39486.730469
39478.375,39845.925781,39233.539062,39469.292969
39472.605469,40491.753906,38338.378906,40458.308594
40448.421875,40713.890625,37884.984375,38117.460938
38120.300781,39397.917969,37997.3125,39241.121094
39241.429688,40269.464844,38941.421875,39773.828125
39768.617188,39887.269531,38235.535156,38609.824219
38605.859375,38771.210938,37697.941406,37714.875
37713.265625,38627.859375,37585.789062,38469.09375
38472.1875,39074.972656,38156.5625,38529.328125
38528.109375,38629.996094,37585.621094,37750.453125
37748.011719,39902.949219,37732.058594,39698.371094
39695.746094,39789.28125,35856.515625,36575.140625
36573.183594,36624.359375,35482.132812,36040.921875
36042.503906,36129.925781,34940.824219,35501.953125
35502.941406,35502.941406,33878.964844,34059.265625
34060.015625,34222.074219,30296.953125,30296.953125
30273.654297,32596.308594,29944.802734,31022.90625
31016.183594,32013.402344,28170.414062,28936.355469
28936.734375,30032.439453,26350.490234,29047.751953
29030.910156,30924.802734,28782.330078,29283.103516
29285.642578,30192.802734,28702.910156,30101.265625
30098.585938,31308.191406,29527.740234,31305.113281
31304.375,31305.341797,29251.884766,29862.917969
29862.408203,30694.490234,29570.302734,30425.857422
30424.478516,30618.716797,28720.271484,28720.271484
28720.359375,30430.751953,28708.955078,30314.333984
30311.119141,30664.976562,28793.605469,29200.740234
29199.859375,29588.869141,29027.394531,29432.226562
29432.472656,30425.861328,29275.183594,30323.722656
30309.396484,30590.585938,28975.560547,29098.910156
29101.125,29774.355469,28786.589844,29655.585938
29653.134766,30157.785156,29384.949219,29562.361328
29564.777344,29834.160156,28261.90625,29267.224609
29251.140625,29346.943359,28326.613281,28627.574219
28622.625,28814.900391,28554.566406,28814.900391
29019.867188,29498.009766,28841.107422,29445.957031
29443.365234,31949.630859,29303.572266,31726.390625
31723.865234,32249.863281,31286.154297,31792.310547
31792.554688,31957.285156,29501.587891,29799.080078
29794.890625,30604.734375,29652.705078,30467.488281
30467.806641,30633.035156,29375.689453,29704.390625
29706.138672,29930.564453,29500.005859,29832.914062
29835.117188,30117.744141,29574.449219,29906.662109
29910.283203,31693.291016,29894.1875,31370.671875
31371.742188,31489.683594,29311.683594,31155.478516
31151.480469,31253.691406,29944.404297,30214.355469
30215.279297,30609.310547,30020.265625,30111.998047
30110.330078,30245.808594,28978.146484,29083.804688
29084.666016,29401.916016,28236.212891,28360.810547
28373.513672,28502.685547,26762.648438,26762.648438
26737.578125,26795.589844,22141.257812,22487.388672
22487.986328,23018.951172,20950.818359,22206.792969
22196.730469,22642.671875,20178.376953,22572.839844
22576.304688,22868.921875,20265.226562,20381.650391
20385.71875,21243.3125,20326.519531,20471.482422
20473.425781,20736.041016,17708.623047,19017.642578
19010.902344,20683.822266,18067.152344,20553.271484
20553.371094,20913.322266,19689.169922,20599.537109
20594.294922,21620.628906,20415.0625,20710.597656
20719.414062,20835.75,19848.078125,19987.029297
19986.607422,21135.761719,19950.117188,21085.876953
21084.648438,21472.917969,20777.511719,21231.65625
21233.609375,21520.914062,20964.585938,21502.337891
21496.494141,21783.724609,21016.269531,21027.294922
21028.238281,21478.089844,20620.199219,20735.478516
20731.544922,21164.423828,20228.8125,20280.634766
20281.169922,20364.15625,19937.791016,20104.023438
20108.3125,20141.160156,18729.65625,19784.726562
19820.470703,20632.671875,19073.708984,19269.367188
19274.835938,19371.748047,19027.082031,19242.255859
19242.095703,19558.269531,18966.951172,19297.076172
19297.314453,20258.748047,19063.066406,20231.261719
20225.353516,20635.466797,19341.232422,20190.115234
20194.619141,20595.529297,19823.511719,20548.246094
20547.814453,21771.816406,20296.103516,21637.587891
21637.154297,22314.941406,21257.453125,21731.117188
21716.828125,21877.138672,21445.957031,21592.207031
21591.080078,21591.080078,20727.123047,20860.449219
20856.353516,20856.353516,19924.539062,19970.556641
19970.474609,20043.445312,19308.53125,19323.914062
19325.972656,20223.052734,18999.953125,20212.074219
20211.466797,20789.894531,19689.257812,20569.919922
20573.15625,21138.244141,20397.0,20836.328125
20834.103516,21514.404297,20518.898438,21190.316406
21195.041016,21600.640625,20778.179688,20779.34375
20781.912109,22633.033203,20781.912109,22485.689453
22467.849609,23666.962891,21683.40625,23389.433594
23393.191406,24196.818359,23009.949219,23231.732422
23233.201172,23388.322266,22431.148438,23164.628906
23163.751953,23671.927734,22603.416016,22714.978516
22706.984375,22977.210938,22002.910156,22465.478516
22465.509766,22974.001953,22306.839844,22609.164062
22607.15625,22649.121094,21361.642578,21361.701172
21361.121094,21361.121094,20776.816406,21239.753906
21244.169922,22986.529297,21070.806641,22930.548828
22933.640625,24110.470703,22722.265625,23843.886719
23845.212891,24294.787109,23481.173828,23804.632812
23796.818359,24572.580078,23580.507812,23656.207031
23652.070312,24121.642578,23275.703125,23336.896484
23336.71875,23464.787109,22890.796875,23314.199219
23308.433594,23415.041016,22710.083984,22978.117188
22981.302734,23578.650391,22747.835938,22846.507812
22848.214844,23198.009766,22485.701172,22630.957031
22626.833984,23422.828125,22612.177734,23289.314453
23291.423828,23326.5625,22961.279297,22961.279297
22963.505859,23359.009766,22894.556641,23175.890625
23179.527344,24203.689453,23176.546875,23809.486328
23811.484375,23898.615234,22982.0,23164.318359
23162.898438,24127.414062,22771.519531,23947.642578
23948.345703,24822.628906,23900.996094,23957.529297
23957.203125,24412.566406,23657.265625,24402.818359
24402.1875,24860.050781,24346.115234,24424.068359
24429.056641,24974.914062,24206.259766,24319.333984
24318.316406,25135.589844,23839.775391,24136.972656
24126.136719,24228.416016,23733.5,23883.291016
23881.316406,24407.058594,23243.353516,23335.998047
23341.039062,23563.832031,23177.601562,23212.738281
23213.3125,23213.3125,20868.847656,20877.552734
20872.841797,21350.806641,20856.730469,21166.060547
21160.392578,21668.845703,21103.197266,21534.121094
21531.462891,21531.462891,20939.183594,21398.908203
21401.044922,21646.203125,20955.138672,21528.087891
21526.455078,21783.076172,21195.005859,21395.019531
21395.458984,21789.636719,21362.441406,21600.904297
21596.085938,21804.908203,20199.482422,20260.019531
20262.480469,20340.775391,19890.523438,20041.738281
20041.035156,20139.054688,19616.814453,19616.814453
19615.154297,20357.462891,19600.785156,20297.994141
20298.611328,20542.644531,19617.640625,19796.808594
19799.582031,20420.990234,19799.582031,20049.763672
20050.498047,20198.390625,19653.96875,20127.140625
20126.072266,20401.568359,19814.765625,19969.771484
19969.71875,20037.009766,19698.355469,19832.087891
19832.470703,19999.689453,19636.816406,19986.712891
19988.789062,20031.160156,19673.046875,19812.371094
19817.724609,20155.269531,18800.171875,18837.667969
18837.683594,19427.171875,18644.466797,19290.324219
19289.941406,19417.351562,19076.714844,19329.833984
19328.140625,21439.410156,19310.962891,21381.152344
21376.912109,21760.275391,21168.722656,21680.539062
21678.542969,21770.552734,21406.945312,21769.255859
21770.148438,22439.181641,21603.896484,22370.449219
22371.480469,22673.820312,20062.669922,20296.707031
20184.554688,20467.201172,19793.396484,20241.089844
20242.289062,20318.166016,19636.734375,19701.210938
19704.005859,19870.628906,19400.076172,19772.583984
19777.033203,20162.53125,19777.033203,20127.576172
20127.234375,20127.234375,19387.492188,19419.505859
19418.572266,19639.480469,18390.318359,19544.128906
19545.591797,19602.457031,18813.455078,18890.789062
18891.283203,19674.630859,18290.314453,18547.400391
18534.650391,19456.910156,18415.591797,19413.550781
19412.400391,19464.671875,18617.552734,19297.638672
19296.990234,19310.197266,18861.974609,18937.011719
18936.310547,19134.732422,18696.46875,18802.097656
18803.900391,19274.873047,18721.285156,19222.671875
19221.839844,20338.455078,18915.667969,19110.546875
19104.621094,19688.34375,18553.296875,19426.720703
19427.779297,19589.265625,18924.353516,19573.050781
19573.431641,20109.849609,19265.662109,19431.789062
19431.105469,19471.154297,19231.082031,19312.095703
19311.849609,19370.308594,18970.621094,19044.107422
19044.068359,19653.542969,19025.226562,19623.580078
19623.583984,20380.34375,19523.839844,20336.84375
20335.900391,20343.748047,19801.800781,20160.716797
20161.039062,20408.392578,19900.087891,19955.443359
19957.558594,20041.085938,19395.792969,19546.849609
19546.328125,19601.695312,19299.414062,19416.568359
19417.478516,19542.539062,19349.259766,19446.425781
19446.416016,19515.466797,19102.978516,19141.484375
19139.0,19241.960938,18925.603516,19051.417969
19052.646484,19203.199219,19029.757812,19157.445312
19156.966797,19453.328125,18319.822266,19382.904297
19382.533203,19889.146484,19115.408203,19185.65625
19185.4375,19212.541016,19019.25,19067.634766
19068.914062,19389.603516,19068.914062,19268.09375
19268.5625,19635.802734,19173.333984,19550.757812
19550.466797,19666.994141,19144.769531,19334.416016
19335.027344,19348.416016,19127.6875,19139.535156
19138.085938,19315.199219,18971.458984,19053.740234
19053.203125,19237.384766,18770.970703,19172.46875
19172.380859,19248.068359,19132.244141,19208.189453
19207.734375,19646.652344,19124.197266,19567.007812
19567.769531,19589.125,19206.324219,19345.572266
19344.964844,20348.412109,19261.447266,20095.857422
20092.236328,20938.134766,20076.117188,20770.441406
20772.802734,20854.044922,20255.373047,20285.835938
20287.957031,20724.980469,20086.068359,20595.351562
20595.103516,20988.394531,20566.484375,20818.476562
20817.982422,20917.005859,20547.462891,20635.603516
20633.695312,20795.320312,20287.458984,20495.773438
20494.898438,20647.289062,20359.845703,20485.273438
20482.958984,20742.810547,20087.134766,20159.503906
20162.689453,20382.095703,20086.240234,20209.988281
20208.769531,21209.560547,20188.019531,21147.230469
21144.832031,21446.886719,21097.634766,21282.691406
21285.056641,21345.376953,20920.191406,20926.486328
20924.621094,21053.246094,20489.972656,20602.816406
20600.671875,20664.607422,17603.544922,18541.271484
18543.761719,18590.458984,15682.692383,15880.780273
15883.158203,18054.3125,15834.018555,17586.771484
17583.251953,17650.943359,16543.482422,17034.292969
17036.875,17066.675781,16651.775391,16799.185547
16799.722656,16920.765625,16320.634766,16353.365234
16352.02832,17109.324219,15872.941406,16618.199219
16617.484375,17051.962891,16542.550781,16884.613281
16884.341797,16960.294922,16430.111328,16669.439453
16670.425781,16726.439453,16460.683594,16687.517578
16687.912109,16947.058594,16564.611328,16697.777344
16696.220703,16797.876953,16570.410156,16711.546875
16712.919922,16746.779297,16248.692383,16291.832031
16291.223633,16291.223633,15599.046875,15787.28418
15782.300781,16253.047852,15656.606445,16189.769531
16195.588867,16638.193359,16170.50293,16610.707031
16611.636719,16771.474609,16501.767578,16604.464844
16602.269531,16603.316406,16388.404297,16521.841797
16521.576172,16666.863281,16416.228516,16464.28125
16463.882812,16594.40625,16437.025391,16444.626953
16440.222656,16482.933594,16054.530273,16217.322266
16217.639648,16522.257812,16139.396484,16444.982422
16445.476562,17190.9375,16445.476562,17168.566406
17168.001953,17197.498047,16888.388672,16967.132812
16968.683594,17088.660156,16877.880859,17088.660156
17090.097656,17116.041016,16888.140625,16908.236328
16908.169922,17157.767578,16903.439453,17130.486328
17128.894531,17378.152344,16922.431641,16974.826172
16975.238281,17091.863281,16939.921875,17089.503906
17089.505859,17109.376953,16750.558594,16848.126953
16847.349609,17267.916016,16788.783203,17233.474609
17232.148438,17280.546875,17100.835938,17133.152344
17134.220703,17216.826172,17120.683594,17128.724609
17129.710938,17245.634766,17091.820312,17104.193359
17102.5,17212.564453,16899.394531,17206.4375
17206.441406,17930.085938,17111.763672,17781.318359
17782.066406,18318.53125,17739.513672,17815.650391
17813.644531,17846.744141,17322.589844,17364.865234
17364.546875,17505.525391,16584.701172,16647.484375
16646.982422,16800.589844,16614.029297,16795.091797
16795.609375,16815.386719,16697.820312,16757.976562
16759.041016,16807.527344,16398.136719,16439.679688
16441.787109,17012.984375,16427.867188,16906.304688
16904.527344,16916.800781,16755.912109,16817.535156
16818.380859,16866.673828,16592.408203,16830.341797
16829.644531,16905.21875,16794.458984,16796.953125
16796.976562,16864.703125,16793.527344,16847.755859
16847.505859,16860.554688,16755.253906,16841.986328
16842.25,16920.123047,16812.369141,16919.804688
16919.291016,16959.845703,16642.072266,16717.173828
16716.400391,16768.169922,16497.556641,16552.572266
16552.322266,16651.755859,16508.683594,16642.341797
16641.330078,16643.427734,16408.474609,16602.585938
16603.673828,16628.986328,16517.519531,16547.496094
16547.914062,16630.439453,16521.234375,16625.080078
16625.509766,16759.34375,16572.228516,16688.470703
16688.847656,16760.447266,16622.371094,16679.857422
16680.205078,16964.585938,16667.763672,16863.238281
16863.472656,16884.021484,16790.283203,16836.736328
16836.472656,16991.994141,16716.421875,16951.96875
16952.117188,16975.017578,16914.191406,16955.078125
16954.146484,17091.144531,16924.050781,17091.144531
17093.992188,17389.957031,17093.992188,17196.554688
17192.949219,17484.720703,17162.990234,17446.292969
17446.359375,17934.896484,17337.994141,17934.896484
18117.59375,19030.087891,17995.203125,18869.587891
18868.90625,19964.322266,18753.164062,19909.574219
19910.537109,21075.142578,19907.828125,20976.298828
20977.484375,20993.748047,20606.986328,20880.798828
20882.224609,21360.875,20715.746094,21169.632812
21175.833984,21438.660156,20978.533203,21161.519531
21161.050781,21564.501953,20541.544922,20688.78125
20686.746094,21163.011719,20685.380859,21086.792969
21085.373047,22692.357422,20919.126953,22676.552734
22677.427734,23282.347656,22511.833984,22777.625
22777.986328,23056.730469,22387.900391,22720.416016
22721.087891,23126.486328,22654.304688,22934.431641
22929.626953,23134.011719,22549.744141,22636.46875
22639.267578,23722.099609,22406.076172,23117.859375
23108.955078,23237.078125,22911.373047,23032.777344
23030.716797,23417.720703,22654.59375,23078.728516
23079.964844,23165.896484,22908.845703,23031.089844
23031.449219,23919.890625,22985.070312,23774.566406
23774.648438,23789.347656,22657.582031,22840.138672
22840.796875,23225.021484,22765.568359,23139.283203
23137.835938,23764.539062,22877.75,23723.769531
23720.824219,24167.210938,23468.595703,23471.871094
23469.412109,23678.103516,23279.955078,23449.322266
23446.320312,23556.949219,23291.794922,23331.847656
23332.248047,23423.435547,22841.759766,22955.666016
22954.021484,23119.279297,22692.025391,22760.109375
22757.267578,23310.974609,22756.257812,23264.291016
23263.416016,23367.958984,22731.097656,22939.398438
22946.566406,22996.4375,21773.974609,21819.039062
21819.005859,21941.185547,21539.392578,21651.183594
21651.841797,21891.410156,21618.449219,21870.875
21870.902344,22060.994141,21682.828125,21788.203125
21787.0,21898.414062,21460.087891,21808.101562
21801.822266,22293.140625,21632.394531,22220.804688
22220.585938,24307.841797,22082.769531,24307.841797
24307.349609,25134.117188,23602.523438,23623.474609
23621.283203,24924.041016,23460.755859,24565.601562
24565.296875,24798.835938,24468.373047,24641.277344
24640.027344,25093.054688,24327.642578,24327.642578
24336.623047,25020.458984,23927.910156,24829.148438
24833.048828,25126.851562,24200.363281,24436.353516
24437.417969,24472.339844,23644.318359,24188.84375
24190.71875,24572.089844,23693.919922,23947.492188
23946.007812,24103.705078,23007.072266,23198.126953
23200.125,23210.210938,22861.558594,23175.375
23174.150391,23654.367188,23084.220703,23561.212891
23561.451172,23857.890625,23205.878906,23522.871094
23521.837891,23585.384766,23077.650391,23147.353516
23150.929688,23880.632812,23088.626953,23646.550781
23647.019531,23739.138672,23245.021484,23475.466797
23476.632812,23479.347656,22213.238281,22362.679688
22362.923828,22405.177734,22198.980469,22353.349609
22354.144531,22613.685547,22307.142578,22435.513672
22436.816406,22584.292969,22331.314453,22429.757812
22428.322266,22527.417969,22011.261719,22219.769531
22216.441406,22268.896484,21708.050781,21718.080078
21720.080078,21802.716797,20210.306641,20363.021484
20367.001953,20370.595703,19628.253906,20187.244141
20187.876953,20792.525391,20068.660156,20632.410156
20628.029297,22185.03125,20448.806641,22163.949219
22156.40625,24550.837891,21918.199219,24197.533203
24201.765625,26514.716797,24081.183594,24746.074219
24770.925781,25240.615234,23964.910156,24375.960938
24373.457031,25190.326172,24225.111328,25052.789062
25055.123047,27787.8125,24955.169922,27423.929688
27448.117188,27725.953125,26636.261719,26965.878906
26969.503906,28440.560547,26907.716797,28038.675781
28041.601562,28527.724609,27242.880859,27767.236328
27768.392578,28439.5625,27439.646484,28175.816406
28158.720703,28803.335938,26759.996094,27307.4375
27301.957031,28729.84375,27183.363281,28333.972656
28324.111328,28388.4375,27039.265625,27493.285156
27487.337891,27791.826172,27196.234375,27494.707031
27495.523438,28178.144531,27445.046875,27994.330078
27994.068359,28037.925781,26606.689453,27139.888672
27132.888672,27460.71875,26677.818359,27268.130859
27267.03125,28619.542969,27259.662109,28348.441406
28350.140625,29159.902344,27720.160156,28033.5625
28032.261719,28639.896484,27583.714844,28478.484375
28473.332031,28802.457031,28297.171875,28411.035156
28462.845703,28518.958984,27884.087891,28199.308594
28183.080078,28475.623047,27276.720703,27790.220703
27795.273438,28433.742188,27681.304688,28168.089844
28169.726562,28739.238281,27843.763672,28177.984375
28175.226562,28178.384766,27738.759766,28044.140625
28038.966797,28111.59375,27794.03125,27925.859375
27920.513672,28159.863281,27883.386719,27947.794922
27952.367188,28532.830078,27828.480469,28333.050781
28336.027344,29771.464844,28189.271484,29652.980469
29653.679688,30509.083984,29609.300781,30235.058594
30231.582031,30462.480469,29725.574219,30139.052734
29892.740234,30539.845703,29878.623047,30399.066406
30409.5625,31005.607422,30044.498047,30485.699219
30490.75,30601.740234,30245.882812,30318.496094
30315.976562,30555.537109,30157.832031,30315.355469
30317.146484,30319.197266,29275.371094,29445.044922
29449.091797,30470.302734,29154.849609,30397.552734
30394.1875,30411.054688,28669.898438,28822.679688
28823.683594,29076.400391,28037.257812,28245.988281
28249.230469,28349.96875,27177.365234,27276.910156
27265.894531,27872.142578,27169.570312,27817.5
27816.144531,27820.244141,27400.314453,27591.384766
27591.730469,27979.982422,27070.849609,27525.339844
27514.873047,28371.078125,27207.931641,28307.597656
28300.058594,29995.837891,27324.548828,28422.701172
28428.464844,29871.546875,28402.886719,29473.787109
29481.013672,29572.791016,28929.609375,29340.261719
29336.566406,29452.455078,29088.042969,29248.488281
29245.515625,29952.029297,29114.021484,29268.806641
29227.103516,29329.935547,27680.792969,28091.568359
28087.175781,28881.298828,27924.123047,28680.537109
28680.494141,29259.533203,28178.388672,29006.308594
29031.304688,29353.185547,28694.039062,28847.710938
28851.480469,29668.908203,28845.509766,29534.384766
29538.859375,29820.126953,28468.966797,28904.623047
28901.623047,29157.517578,28441.367188,28454.978516
28450.457031,28663.271484,27310.134766,27694.273438
27695.068359,27821.400391,27375.601562,27658.775391
27654.636719,28322.6875,26883.669922,27621.755859
27621.085938,27621.941406,26781.826172,27000.789062
26987.662109,27055.646484,25878.429688,26804.990234
26807.769531,27030.482422,26710.873047,26784.078125
26788.974609,27150.976562,26661.355469,26930.638672
26931.384766,27646.347656,26766.097656,27192.693359
27171.513672,27299.304688,26878.947266,27036.650391
27035.470703,27465.927734,26600.144531,27398.802734
27401.650391,27466.527344,26415.101562,26832.208984
26826.753906,27128.619141,26700.210938,26890.128906
26888.841797,27155.158203,26843.277344,27129.585938
27118.423828,27265.917969,26706.921875,26753.826172
26749.892578,27045.734375,26549.734375,26851.277344
26855.960938,27434.683594,26816.179688,27225.726562
27224.603516,27224.603516,26106.576172,26334.818359
26329.460938,26591.519531,25890.59375,26476.207031
26474.181641,26916.669922,26343.949219,26719.291016
26720.181641,26888.882812,26621.140625,26868.353516
26871.158203,28193.449219,26802.751953,28085.646484
28075.591797,28432.039062,27563.876953,27745.884766
27745.123047,28044.759766,27588.501953,27702.349609
27700.529297,27831.677734,26866.453125,27219.658203
27218.412109,27346.105469,26671.720703,26819.972656
26824.556641,27303.861328,26574.644531,27249.589844
27252.324219,27317.052734,26958.003906,27075.128906
27075.123047,27407.019531,26968.224609,27119.066406
27123.109375,27129.982422,25445.167969,25760.097656
25732.109375,27313.820312,25434.867188,27238.783203
27235.650391,27332.181641,26146.988281,26345.998047
26347.654297,26797.513672,26246.664062,26508.216797
26505.923828,26770.289062,26339.314453,26480.375
26481.761719,26531.044922,25501.835938,25851.240234
25854.03125,26203.439453,25668.986328,25940.167969
25934.285156,26087.919922,25675.197266,25902.5
25902.941406,26376.351562,25728.365234,25918.728516
25920.257812,26041.800781,24902.152344,25124.675781
25121.673828,25735.308594,24797.167969,25576.394531
25575.283203,26463.173828,25245.357422,26327.462891
26328.679688,26769.394531,26174.492188,26510.675781
26510.457031,26675.925781,26325.890625,26336.212891
26335.441406,26984.611328,26312.832031,26851.029297
26841.664062,28388.96875,26668.791016,28327.488281
28311.310547,30737.330078,28283.410156,30027.296875
29995.935547,30495.998047,29679.158203,29912.28125
29896.382812,31389.539062,29845.214844,30695.46875
30708.738281,30804.148438,30290.146484,30548.695312
30545.150391,31041.271484,30327.943359,30480.261719
30480.523438,30636.029297,29955.744141,30271.130859
30274.320312,31006.787109,30236.650391,30688.164062
30696.560547,30703.279297,29921.822266,30086.246094
30086.1875,30796.25,30057.203125,30445.351562
30441.353516,31256.863281,29600.275391,30477.251953
30471.847656,30641.289062,30328.865234,30590.078125
30587.269531,30766.140625,30264.019531,30620.769531
30624.515625,31375.613281,30586.513672,31156.439453
31156.865234,31325.197266,30659.355469,30777.582031
30778.724609,30877.330078,30225.613281,30514.166016
30507.150391,31460.052734,29892.226562,29909.337891
29907.998047,30434.644531,29777.285156,30342.265625
30346.921875,30374.4375,30080.160156,30292.541016
30291.611328,30427.589844,30085.591797,30171.234375
30172.423828,31026.083984,29985.394531,30414.470703
30417.632812,30788.314453,30358.097656,30620.951172
30622.246094,30959.964844,30228.835938,30391.646484
30387.488281,31814.515625,30268.351562,31476.048828
31474.720703,31582.253906,29966.386719,30334.068359
30331.783203,30407.78125,30263.462891,30295.806641
30297.472656,30437.560547,30089.669922,30249.132812
30249.626953,30336.400391,29685.783203,30145.888672
30147.070312,30233.65625,29556.427734,29856.5625
29862.046875,30184.181641,29794.269531,29913.923828
29915.25,30195.53125,29638.095703,29792.015625
29805.111328,30045.998047,29733.851562,29908.744141
29908.697266,29991.615234,29664.121094,29771.802734
29790.111328,30330.640625,29741.527344,30084.539062
30081.662109,30093.394531,28934.294922,29176.916016
29178.970703,29353.160156,29062.433594,29227.390625
29225.759766,29675.552734,29113.912109,29354.972656
29353.798828,29560.966797,29099.351562,29210.689453
29212.164062,29521.513672,29125.845703,29319.246094
29319.445312,29396.84375,29264.166016,29356.917969
29357.09375,29443.169922,29059.501953,29275.308594
29278.314453,29489.873047,29131.578125,29230.111328
29230.873047,29675.732422,28657.023438,29675.732422
29704.146484,29987.998047,28946.509766,29151.958984
29161.8125,29375.707031,28959.488281,29178.679688
29174.382812,29302.078125,28885.335938,29074.091797
29075.388672,29102.464844,28957.796875,29042.126953
29043.701172,29160.822266,28963.833984,29041.855469
29038.513672,29244.28125,28724.140625,29180.578125
29180.019531,30176.796875,29113.814453,29765.492188
29766.695312,30093.435547,29376.800781,29561.494141
29563.972656,29688.564453,29354.447266,29429.591797
29424.902344,29517.773438,29253.517578,29397.714844
29399.787109,29465.113281,29357.587891,29415.964844
29416.59375,29441.433594,29265.806641,29282.914062
29283.263672,29660.253906,29124.105469,29408.443359
29408.048828,29439.121094,29088.853516,29170.347656
29169.074219,29221.976562,28701.779297,28701.779297
28699.802734,28745.947266,25409.111328,26664.550781
26636.078125,26808.195312,25668.921875,26049.556641
26047.832031,26249.449219,25802.408203,26096.205078
26096.861328,26260.681641,26004.314453,26189.583984
26188.691406,26220.201172,25846.087891,26124.140625
26130.748047,26135.507812,25520.728516,26031.65625
26040.474609,26786.898438,25804.998047,26431.640625
26431.519531,26554.910156,25914.925781,26162.373047
26163.679688,26248.103516,25786.8125,26047.667969
26047.234375,26107.384766,25983.878906,26008.462891
26008.242188,26165.373047,25965.097656,26089.693359
26089.615234,26198.578125,25880.599609,26106.150391
26102.486328,28089.337891,25912.628906,27727.392578
27726.083984,27760.160156,27069.207031,27297.265625
27301.929688,27456.078125,25752.929688,25931.472656
25934.021484,26125.869141,25362.609375,25800.724609
25800.910156,25970.285156,25753.09375,25868.798828
25869.472656,26087.148438,25817.03125,25969.566406
25968.169922,26081.525391,25657.025391,25812.416016
25814.957031,25858.375,25589.988281,25779.982422
25783.931641,25953.015625,25404.359375,25753.236328
25748.3125,26409.302734,25608.201172,26240.195312
26245.208984,26414.005859,25677.480469,25905.654297
25905.425781,25921.976562,25810.494141,25895.677734
25895.210938,25978.130859,25640.261719,25832.226562
25831.714844,25883.947266,24930.296875,25162.654297
25160.658203,26451.939453,25133.078125,25833.34375
25837.554688,26376.113281,25781.123047,26228.324219
26228.277344,26774.623047,26171.451172,26539.673828
26533.818359,26840.498047,26240.701172,26608.693359
26606.199219,26754.769531,26473.890625,26568.28125
26567.927734,26617.998047,26445.074219,26534.1875
26532.994141,27414.734375,26415.515625,26754.28125
26760.851562,27488.763672,26681.605469,27211.117188
27210.228516,27379.505859,26864.082031,27132.007812
27129.839844,27152.939453,26389.300781,26567.632812
26564.056641,26726.078125,26495.533203,26579.568359
26578.556641,26634.185547,26520.519531,26579.390625
26579.373047,26716.058594,26221.050781,26256.826172
26253.775391,26421.507812,26011.46875,26298.480469
26294.757812,26389.884766,26090.712891,26217.25
26209.498047,26817.841797,26111.464844,26352.716797
26355.8125,27259.5,26327.322266,27021.546875
27024.841797,27225.9375,26721.763672,26911.720703
26911.689453,27091.794922,26888.96875,26967.916016
26967.396484,28047.238281,26965.09375,27983.75
27976.798828,28494.458984,27347.787109,27530.785156
27508.251953,27667.191406,27216.001953,27429.978516
27429.074219,27826.658203,27248.105469,27799.394531
27798.646484,28091.861328,27375.601562,27415.912109
27412.123047,28252.537109,27215.552734,27946.597656
27946.78125,28028.091797,27870.423828,27968.839844
27971.677734,28102.169922,27740.662109,27935.089844
27934.472656,27989.470703,27302.5625,27583.677734
27589.201172,27715.847656,27301.654297,27391.019531
27392.076172,27474.115234,26561.099609,26873.320312
26873.292969,26921.439453,26558.320312,26756.798828
26752.878906,27092.697266,26686.322266,26862.375
26866.203125,26969.0,26814.585938,26861.707031
26858.011719,27289.169922,26817.894531,27159.652344
27162.628906,29448.138672,27130.472656,28519.466797
28522.097656,28618.751953,28110.185547,28415.748047
28413.53125,28889.009766,28174.251953,28328.341797
28332.416016,28892.474609,28177.988281,28719.806641
28732.8125,30104.085938,28601.669922,29682.949219
29683.380859,30287.482422,29481.751953,29918.412109
29918.654297,30199.433594,29720.3125,29993.896484
30140.685547,34370.4375,30097.828125,33086.234375
33077.304688,35150.433594,32880.761719,33901.527344
33916.042969,35133.757812,33709.109375,34502.820312
34504.289062,34832.910156,33762.324219,34156.648438
34156.5,34238.210938,33416.886719,33909.800781
33907.722656,34399.390625,33874.804688,34089.574219
34089.371094,34743.261719,33947.566406,34538.480469
34531.742188,34843.933594,34110.972656,34502.363281
34500.078125,34719.253906,34083.308594,34667.78125
34657.273438,35527.929688,34170.691406,35437.253906
35441.578125,35919.84375,34401.574219,34938.242188
34942.472656,34942.472656,34133.441406,34732.324219
34736.324219,35256.03125,34616.691406,35082.195312
35090.011719,35340.339844,34594.242188,35049.355469
35044.789062,35286.027344,34765.363281,35037.371094
35047.792969,35892.417969,34545.816406,35443.5625
35419.476562,35994.417969,35147.800781,35655.277344
35633.632812,37926.257812,35592.101562,36693.125
36702.25,37493.800781,36362.753906,37313.96875
37310.070312,37407.09375,36773.667969,37138.050781
37133.992188,37227.691406,36779.117188,37054.519531
37070.304688,37405.117188,36399.605469,36502.355469
36491.789062,36753.351562,34948.5,35537.640625
35548.113281,37964.894531,35383.78125,37880.582031
37879.980469,37934.625,35545.472656,36154.769531
36164.824219,36704.484375,35901.234375,36596.683594
36625.371094,36839.28125,36233.3125,36585.703125
36585.765625,37509.355469,36414.597656,37386.546875
37374.074219,37756.820312,36882.53125,37476.957031
37469.160156,37631.140625,35813.8125,35813.8125
35756.554688,37856.980469,35670.972656,37432.339844
37420.433594,37643.917969,36923.863281,37289.621094
37296.316406,38415.339844,37261.605469,37720.28125
37721.414062,37892.429688,37617.417969,37796.792969
37796.828125,37820.300781,37162.75,37479.121094
37454.191406,37559.355469,36750.128906,37254.167969
37247.992188,38368.480469,36891.089844,37831.085938
37826.105469,38366.113281,37612.632812,37858.492188
37861.117188,38141.753906,37531.140625,37712.746094
37718.007812,38954.109375,37629.359375,38688.75
38689.277344,39678.9375,38652.59375,39476.332031
39472.207031,40135.605469,39298.164062,39978.390625
39978.628906,42371.75,39978.628906,41980.097656
41986.265625,44408.664062,41421.148438,44080.648438
44080.023438,44265.769531,43478.082031,43746.445312
43769.132812,44042.589844,42880.648438,43292.664062
43293.136719,44705.515625,43125.296875,44166.601562
44180.019531,44361.257812,43627.597656,43725.984375
43728.382812,44034.625,43593.285156,43779.699219
43792.019531,43808.375,40234.578125,41243.832031
41238.734375,42048.304688,40667.5625,41450.222656
41468.464844,43429.78125,40676.867188,42890.742188
42884.261719,43390.859375,41767.089844,43023.972656
43028.25,43087.824219,41692.96875,41929.757812
41937.742188,42664.945312,41723.113281,42240.117188
42236.109375,42359.496094,41274.542969,41364.664062
41348.203125,42720.296875,40530.257812,42623.539062
42641.511719,43354.296875,41826.335938,42270.527344
42261.300781,44275.585938,42223.816406,43652.25
43648.125,44240.667969,43330.050781,43869.152344
43868.988281,44367.957031,43441.96875,43997.902344
44012.199219,44015.699219,43351.355469,43739.542969
43728.367188,43945.523438,42786.917969,43016.117188
43010.574219,43765.09375,42765.769531,43613.140625
43599.847656,43603.175781,41676.488281,42520.402344
42518.46875,43683.160156,42167.582031,43442.855469
43468.199219,43804.78125,42318.550781,42627.855469
42614.644531,43124.324219,41424.0625,42099.402344
42091.753906,42584.125,41556.226562,42156.902344
42152.097656,42860.9375,41998.253906,42265.1875
42280.234375,44175.4375,42214.976562,44167.332031
44187.140625,45899.707031,44176.949219,44957.96875
44961.601562,45503.242188,40813.535156,42848.175781
42855.816406,44770.023438,42675.175781,44179.921875
44192.980469,44353.285156,42784.71875,44162.691406
44178.953125,44227.632812,43475.15625,43989.195312
43998.464844,44495.570312,43662.230469,43943.097656
43948.707031,47218.0,43244.082031,46970.503906
46987.640625,47893.699219,45244.714844,46139.730469
46121.539062,47647.222656,44483.152344,46627.777344
46656.074219,48969.371094,45678.644531,46368.585938
46354.792969,46498.136719,41903.769531,42853.167969
42799.445312,43234.660156,42464.144531,42842.382812
42842.261719,43065.597656,41724.613281,41796.269531
41715.066406,43319.722656,41705.417969,42511.96875
42499.335938,43566.273438,42085.996094,43154.945312
43132.101562,43189.890625,42189.308594,42742.652344
42742.3125,42876.347656,40631.171875,41262.058594
41278.460938,42134.160156,40297.457031,41618.40625
41624.589844,41877.894531,41446.824219,41665.585938
41671.488281,41855.367188,41497.007812,41545.785156
41553.652344,41651.207031,39450.117188,39507.367188
39518.714844,40127.351562,38521.894531,39845.550781
39877.59375,40483.785156,39508.796875,40077.074219
40075.550781,40254.480469,39545.664062,39933.808594
39936.816406,42209.386719,39825.691406,41816.871094
41815.625,42195.632812,41431.28125,42120.054688
42126.125,42797.175781,41696.910156,42035.59375
42030.914062,43305.867188,41818.332031,43288.246094
43300.226562,43838.945312,42711.371094,42952.609375
42946.25,43717.40625,42298.945312,42582.605469
42569.761719,43243.167969,41879.191406,43075.773438
43077.640625,43422.488281,42584.335938,43185.859375
43184.964844,43359.941406,42890.808594,42992.25
42994.941406,43097.644531,42374.832031,42583.582031
42577.621094,43494.25,42264.816406,42658.667969
42657.390625,43344.148438,42529.019531,43084.671875
43090.019531,44341.949219,42775.957031,44318.222656
44332.125,45575.839844,44332.125,45301.566406
45297.382812,48152.496094,45260.824219,47147.199219
47153.527344,48146.171875,46905.320312,47771.277344
47768.96875,48535.9375,47617.40625,48293.917969
48296.386719,50280.476562,47745.761719,49958.222656
49941.359375,50358.390625,48406.496094,49742.441406
49733.445312,52021.371094,49296.832031,51826.695312
51836.785156,52820.066406,51371.628906,51938.554688
51937.726562,52537.96875,51641.367188,52160.203125
52161.675781,52191.914062,50669.667969,51662.996094
51661.96875,52356.964844,51233.707031,52122.546875
52134.8125,52483.324219,51711.820312,51779.144531
51777.726562,52945.050781,50792.3125,52284.875
52273.535156,52368.816406,50671.757812,51839.179688
51854.644531,52009.613281,50926.292969,51304.972656
51283.90625,51497.933594,50561.777344,50731.949219
50736.371094,51684.195312,50585.445312,51571.101562
51565.214844,51950.027344,51306.171875,51733.238281
51730.539062,54938.175781,50931.03125,54522.402344
54519.363281,57537.839844,54484.199219,57085.371094
57071.097656,63913.132812,56738.425781,62504.789062
62499.183594,63585.644531,60498.730469,61198.382812
61168.0625,63155.101562,60802.527344,62440.632812
62431.652344,62458.699219,61657.289062,62029.847656
62031.578125,63230.210938,61435.023438,63167.371094
63137.003906,68537.03125,62386.519531,68330.414062
68341.054688,69170.625,59323.910156,63801.199219
63776.050781,67637.929688,62848.671875,66106.804688
66099.742188,68029.921875,65655.53125,66925.484375
66938.09375,70083.054688,66230.453125,68300.09375
68299.257812,68673.054688,68053.125,68498.882812
68500.257812,70005.203125,68239.976562,69019.789062
69020.546875,72850.710938,67194.882812,72123.90625
72125.125,72825.65625,68728.851562,71481.289062
71482.117188,73637.476562,71334.09375,73083.5
73079.375,73750.070312,68563.023438,71396.59375
71387.875,72357.132812,65630.695312,69403.773438
69392.484375,70046.273438,64801.394531,65315.117188
65316.34375,68845.71875,64545.316406,68390.625
68371.304688,68897.132812,66594.226562,67548.59375
67556.132812,68106.929688,61536.179688,61912.773438
61930.15625,68115.257812,60807.785156,67913.671875
67911.585938,68199.992188,64580.917969,65491.390625
65489.929688,66623.75,62355.371094,63778.761719
63802.722656,65976.398438,63038.492188,64062.203125
64070.753906,67622.757812,63825.851562,67234.171875
67234.09375,71162.59375,66414.835938,69958.8125
69931.328125,71535.742188,69335.609375,69987.835938
69991.898438,71727.6875,68381.929688,69455.34375
69452.773438,71546.023438,68895.507812,70744.953125
70744.796875,70913.09375,69076.65625,69892.828125
69893.445312,70355.492188,69601.0625,69645.304688
69647.78125,71377.78125,69624.867188,71333.648438
71333.484375,71342.09375,68110.695312,69702.148438
69705.023438,69708.382812,64586.59375,65446.972656
65446.671875,66914.320312,64559.898438,65980.8125
65975.695312,69291.257812,65113.796875,68508.84375
68515.757812,68725.757812,66011.476562,67837.640625
67840.570312,69629.601562,67491.71875,68896.109375
68897.109375,70284.429688,68851.632812,69362.554688
69362.554688,72715.359375,69064.242188,71631.359375
71632.5,71742.507812,68212.921875,69139.015625
69140.242188,71093.429688,67503.5625,70587.882812
70575.734375,71256.234375,69571.8125,70060.609375
70061.382812,71222.742188,65254.835938,67195.867188
67188.375,67931.429688,60919.105469,63821.472656
63836.230469,65824.429688,62205.851562,65738.726562
65739.648438,66878.648438,62332.070312,63426.210938
63419.296875,64355.667969,61716.402344,63811.863281
63831.847656,64486.363281,59768.585938,61276.691406
61275.316406,64125.6875,60833.480469,63512.753906
63510.75,65481.597656,59651.390625,63843.570312
63851.101562,65442.457031,63172.402344,64994.441406
64992.816406,65723.242188,64277.722656,64926.644531
64935.632812,67233.960938,64548.179688,66837.679688
66839.890625,67199.242188,65864.867188,66407.273438
66408.71875,67075.367188,63589.871094,64276.898438
64275.019531,65275.207031,62783.632812,64481.707031
64485.371094,64789.65625,63322.398438,63755.320312
63750.988281,63898.363281,62424.71875,63419.140625
63423.515625,64321.484375,62793.597656,63113.230469
63106.363281,64174.878906,61795.457031,63841.121094
63839.417969,64703.332031,59120.066406,60636.855469
60609.496094,60780.5,56555.292969,58254.011719
58253.703125,59602.296875,56937.203125,59123.433594
59122.300781,63320.503906,58848.3125,62889.835938
62891.03125,64494.957031,62599.351562,63891.472656
63892.453125,64610.890625,62955.304688,64031.132812
64038.3125,65494.902344,62746.238281,63161.949219
63162.761719,64390.457031,62285.980469,62334.816406
62332.640625,62986.085938,60877.128906,61187.941406
61191.199219,63404.914062,60648.074219,63049.960938
63055.191406,63446.742188,60208.78125,60792.777344
60793.355469,61451.152344,60492.625,60793.710938
60793.503906,61818.15625,60632.601562,61448.394531
61451.21875,63422.660156,60769.839844,62901.449219
62900.773438,63092.125,61123.765625,61552.789062
61553.988281,66454.453125,61330.410156,66267.492188
66256.109375,66712.429688,64613.054688,65231.582031
65231.296875,67459.460938,65119.316406,67051.875
67066.210938,67387.328125,66663.5,66940.804688
66937.929688,67694.296875,65937.179688,66278.367188
66278.742188,71483.5625,66086.171875,71448.195312
71443.0625,71946.460938,69191.125,70136.53125
70135.320312,70623.695312,68977.695312,69122.335938
69121.304688,70041.273438,66356.953125,67929.5625
67928.132812,69220.296875,66622.671875,68526.101562
68526.921875,69579.320312,68515.820312,69265.945312
69264.289062,69506.226562,68183.890625,68518.09375
68512.179688,70597.882812,68232.5,69394.554688
69392.195312,69514.640625,67227.15625,68296.21875
68296.351562,68852.460938,67101.492188,67578.09375
67576.085938,69500.539062,67118.078125,68364.992188
68362.515625,68999.5625,66633.421875,67491.414062
67489.609375,67839.765625,67386.195312,67706.9375
67710.273438,68409.164062,67315.523438,67751.601562
67753.898438,70230.820312,67589.835938,68804.78125
68804.570312,71047.40625,68564.640625,70567.765625
70568.351562,71735.414062,70390.710938,71082.820312
71082.84375,71625.734375,70119.125,70757.164062
70759.1875,71907.851562,68507.257812,69342.585938
69324.179688,69533.320312,69210.742188,69305.773438
69297.492188,69817.523438,69160.84375,69647.992188
69644.3125,70146.070312,69232.421875,69512.28125
69508.078125,69549.414062,66123.601562,67332.03125
67321.375,69977.890625,66902.453125,68241.1875
68243.101562,68365.78125,66304.5625,66756.398438
66747.570312,67294.648438,65056.894531,66011.09375
66006.742188,66402.1875,65871.773438,66191.0
66189.359375,66894.84375,66018.25,66639.046875
66636.515625,67188.320312,65094.964844,66490.296875
66490.976562,66556.703125,64066.957031,65140.746094
65146.660156,65695.351562,64693.300781,64960.296875
64960.296875,66438.960938,64547.847656,64828.65625
64837.988281,65007.546875,63378.894531,64096.199219
64113.863281,64475.46875,63929.757812,64252.578125
64248.964844,64491.703125,63180.796875,63180.796875
63173.351562,63292.527344,58601.699219,60277.414062
60266.28125,62258.261719,60239.75,61804.640625
61789.675781,62434.136719,60695.1875,60811.277344
60811.226562,62293.863281,60585.332031,61604.800781
61612.804688,62126.097656,59985.402344,60320.136719
60319.875,61097.621094,60300.964844,60887.378906
60888.445312,62892.828125,60632.949219,62678.292969
62673.605469,63777.226562,62495.511719,62851.980469
62844.410156,63203.359375,61752.746094,62029.015625
62034.332031,62187.703125,59419.386719,60173.921875
60147.136719,60399.675781,56777.804688,56977.703125
57022.808594,57497.152344,53717.375,56662.375
56659.074219,58472.546875,56038.960938,58303.539062
58239.429688,58371.121094,55793.324219,55849.109375
55849.574219,58131.335938,54321.019531,56705.097656
56704.597656,58239.195312,56316.875,58009.226562
58033.882812,59359.433594,57178.414062,57742.496094
57729.890625,59299.433594,57120.378906,57344.914062
57341.195312,58532.554688,56590.175781,57899.464844
57908.738281,59787.078125,57796.441406,59231.953125
59225.25,61329.527344,59225.25,60787.792969
60815.457031,64870.152344,60704.929688,64870.152344
64784.417969,65354.339844,62487.96875,65097.148438
65091.832031,66066.734375,63896.085938,64118.792969
64104.738281,65104.660156,63246.164062,63974.066406
63972.324219,67442.640625,63329.34375,66710.15625
66709.921875,67610.734375,66299.617188,67163.648438
67164.914062,68372.90625,65842.296875,68154.523438
68152.976562,68480.0625,66611.296875,67585.25
67584.804688,67779.015625,65484.460938,65927.671875
65927.859375,67113.984375,65146.996094,65372.132812
65375.875,66112.421875,63473.472656,65777.226562
65771.8125,68207.601562,65743.765625,67912.0625
67911.8125,69398.507812,66705.21875,67813.335938
67808.65625,68301.851562,67085.828125,68255.867188
68259.054688,69987.539062,66532.59375,66819.914062
66819.054688,66987.671875,65323.191406,66201.015625
66201.273438,66810.210938,64532.046875,64619.25
64625.839844,65593.242188,62248.941406,65357.5
65353.5,65523.222656,61184.894531,61415.066406
61414.808594,62148.371094,59836.527344,60680.09375
60676.09375,61062.988281,57210.804688,58116.976562
58110.296875,58268.828125,49121.238281,53991.457031
53991.347656,57059.917969,53973.273438,56034.316406
56040.632812,57726.882812,54620.507812,55027.460938
55030.027344,62673.765625,54766.726562,61710.136719
61728.207031,61751.863281,59587.859375,60880.113281
60881.230469,61464.511719,60287.566406,60945.8125
60944.890625,61778.660156,58348.824219,58719.484375
58719.394531,60680.332031,57688.898438,59354.515625
59356.207031,61572.398438,58506.253906,60609.566406
60611.050781,61687.757812,58472.875,58737.269531
58733.261719,59838.648438,56161.59375,57560.097656
57560.273438,59847.359375,57110.019531,58894.105469
58893.53125,59694.667969,58814.832031,59478.972656
59468.132812,60262.71875,58445.402344,58483.964844
58480.710938,59612.660156,57864.710938,59493.453125
59493.453125,61396.328125,58610.882812,59012.792969
59014.988281,61834.351562,58823.445312,61175.191406
61168.316406,61408.109375,59815.253906,60381.914062
60380.953125,64947.0625,60372.050781,64094.355469
64103.871094,64513.789062,63619.917969,64178.992188
64176.367188,64996.421875,63833.519531,64333.542969
64342.226562,64489.707031,62849.558594,62880.660156
62879.707031,63210.796875,58116.75,59504.132812
59507.925781,60236.449219,57890.675781,59027.625
59027.46875,61184.082031,58786.226562,59388.179688
59388.601562,59896.886719,57768.53125,59119.476562
59117.480469,59432.59375,58768.785156,58969.898438
58969.800781,59062.070312,57217.824219,57325.488281
57326.96875,59403.070312,57136.027344,59112.480469
59106.191406,59815.058594,57425.167969,57431.023438
57430.347656,58511.570312,55673.164062,57971.539062
57971.703125,58300.582031,55712.453125,56160.488281
56160.191406,56976.109375,52598.699219,53948.753906
53949.085938,54838.144531,53740.070312,54139.6875
54147.933594,55300.859375,53653.757812,54841.566406
54851.886719,58041.125,54598.433594,57019.535156
57020.097656,58029.976562,56419.414062,57648.710938
57650.289062,57991.320312,55567.339844,57343.171875
57343.171875,58534.359375,57330.101562,58127.011719
58130.324219,60648.023438,57650.113281,60571.300781
60569.117188,60656.722656,59517.882812,60005.121094
60000.726562,60381.917969,58696.308594,59182.835938
59185.226562,59205.511719,57501.339844,58192.507812
58192.507812,61316.089844,57628.070312,60308.539062
60309.0,61664.066406,59218.253906,61649.679688
61651.15625,63872.441406,61609.867188,62940.457031
62941.425781,64119.53125,62364.605469,63192.976562
63184.339844,63543.359375,62783.105469,63394.839844
63396.804688,63993.421875,62440.726562,63648.710938
63643.101562,64733.558594,62628.078125,63329.800781
63326.839844,64695.214844,62737.417969,64301.96875
64302.589844,64804.503906,62945.375,63143.144531
63138.546875,65790.796875,62669.269531,65181.019531
65180.664062,66480.695312,64852.992188,65790.664062
65792.179688,66255.53125,65458.035156,65887.648438
65888.898438,66069.34375,65450.015625,65635.304688
65634.65625,65635.054688,62873.617188,63329.5
63335.605469,64110.980469,60189.277344,60837.007812
60836.324219,62357.6875,59996.949219,60632.785156
60632.484375,61469.039062,59878.804688,60759.402344
60754.625,62465.992188,60459.941406,62067.476562
62067.609375,62371.023438,61689.582031,62089.949219
62084.988281,62959.570312,61833.148438,62818.953125
62819.109375,64443.707031,62152.550781,62236.660156
62221.644531,63174.304688,61843.5625,62131.96875
62131.726562,62508.835938,60314.613281,60582.101562
60581.929688,61236.722656,58895.207031,60274.5
60275.460938,63400.871094,60046.125,62445.089844
62444.617188,63448.785156,62443.269531,63193.023438
63192.945312,63272.652344,62035.636719,62851.375
62848.398438,66482.492188,62442.152344,66046.125
66050.367188,67881.679688,64809.195312,67041.109375
67042.460938,68375.289062,66758.726562,67612.71875
67617.078125,67912.210938,66647.390625,67399.835938
67419.109375,68969.75,67177.820312,68418.789062
68418.976562,68668.007812,68024.640625,68362.734375
68364.179688,69359.007812,68105.71875,69001.703125
69002.0,69462.734375,66829.851562,67367.851562
67360.703125,67801.578125,66581.367188,67361.40625
67362.375,67402.742188,65188.035156,66432.195312
66653.703125,68798.960938,66454.101562,68161.054688
68165.296875,68722.15625,65521.792969,66642.414062
66628.734375,67317.921875,66360.59375,67014.695312
67023.476562,68221.3125,66847.226562,67929.296875
67922.671875,70212.265625,67535.132812,69907.757812
69910.046875,73577.210938,69729.914062,72720.492188
72715.367188,72905.296875,71411.734375,72339.539062
72335.046875,72662.3125,69590.5,70215.1875
70216.898438,71559.015625,68779.703125,69482.46875
69486.023438,69867.351562,69033.71875,69289.273438
69296.382812,69361.65625,67482.523438,68741.117188
68742.132812,69433.179688,66803.648438,67811.507812
67811.171875,70522.789062,67458.867188,69359.5625
69358.5,76460.15625,69322.03125,75639.078125
75637.085938,76943.117188,74480.421875,75904.859375
75902.835938,77252.75,75648.742188,76545.476562
76556.1875,76932.765625,75773.789062,76778.867188
76775.546875,81474.421875,76565.429688,80474.1875
80471.414062,89604.5,80283.25,88701.484375
88705.5625,89956.882812,85155.109375,87955.8125
87929.96875,93434.351562,86256.929688,90584.164062
90574.882812,91765.21875,86682.8125,87250.429688
87284.179688,91868.742188,87124.898438,91066.007812
91064.367188,91763.945312,90094.226562,90558.476562
90558.460938,91433.039062,88741.664062,89845.851562
89843.71875,92596.789062,89393.59375,90542.640625
90536.8125,94002.867188,90426.984375,92343.789062
92341.890625,94902.023438,91619.5,94339.492188
94334.640625,99014.21875,94132.601562,98504.726562
98496.429688,99655.5,97222.664062,98997.664062
99006.742188,99014.679688,97232.890625,97777.28125
97778.09375,98647.179688,95788.078125,98013.820312
98033.445312,98935.03125,92642.914062,93102.296875
93087.28125,94991.75,90770.8125,91985.320312
91978.140625,97361.179688,91778.664062,95962.53125
95954.945312,96650.203125,94677.351562,95652.46875
95653.953125,98693.171875,95407.882812,97461.523438
97468.8125,97499.34375,96144.21875,96449.054688
96461.335938,97888.125,95770.1875,97279.789062
97276.007812,98152.601562,94482.867188,95865.304688
95854.59375,96297.203125,93629.5625,96002.164062
95988.53125,99207.328125,94660.523438,98768.53125
98741.539062,103900.46875,91998.78125,96593.570312
97074.226562,102039.882812,96514.875,99920.710938
99916.710938,100563.382812,99030.882812,99923.335938
99921.914062,101399.992188,98771.515625,101236.015625
101237.0625,101272.507812,94355.914062,97432.71875
97441.234375,98270.15625,94321.257812,96675.429688
96656.0625,101913.359375,95747.226562,101173.03125
101167.804688,102524.914062,99339.953125,100043.0
100046.648438,101888.804688,99233.28125,101459.257812
101451.4375,102618.882812,100634.054688,101372.96875
101373.53125,105047.539062,101227.03125,104298.695312
104293.578125,107780.578125,103322.984375,106029.71875
106030.6875,108268.445312,105291.734375,106140.601562
106147.296875,106470.609375,100041.539062,100041.539062
100070.6875,102748.148438,95587.679688,97490.953125
97484.695312,98098.914062,92175.179688,97755.929688
97756.195312,99507.101562,96426.523438,97224.726562
97218.320312,97360.265625,94202.1875,95104.9375
95099.390625,96416.210938,92403.132812,94686.242188
94684.34375,99404.0625,93448.015625,98676.09375
98675.914062,99478.75,97593.46875,99299.195312
99297.695312,99884.570312,95137.882812,95795.515625
95704.976562,97294.84375,93310.742188,94164.859375
94160.1875,95525.898438,94014.289062,95163.929688
95174.054688,95174.875,92881.789062,93530.226562
93527.195312,94903.320312,91317.132812,92643.210938
92643.25,96090.601562,91914.03125,93429.203125
93425.101562,94929.867188,92788.125,94419.757812
94416.289062,97739.820312,94201.570312,96886.875
96881.726562,98956.914062,96034.617188,98107.429688
98106.992188,98734.429688,97562.976562,98236.226562
98233.90625,98813.304688,97291.765625,98314.960938
98314.953125,102482.875,97926.148438,102078.085938
102248.851562,102712.484375,96132.875,96922.703125
96924.164062,97258.320312,92525.84375,95043.523438
95043.484375,95349.71875,91220.84375,92484.039062
92494.492188,95770.609375,92250.09375,94701.453125
94700.835938,94977.6875,93840.046875,94566.59375
94565.726562,95367.539062,93712.507812,94488.4375
94488.890625,95837.0,89260.101562,94516.523438
94519.007812,97352.664062,94322.15625,96534.046875
96534.046875,100697.234375,96501.640625,100504.492188
100505.296875,100781.585938,97364.445312,99756.90625
100025.765625,105884.226562,99948.90625,104462.039062
104124.953125,104913.203125,102226.617188,104408.070312
104411.289062,106299.796875,99570.53125,101089.609375
101083.75,109114.882812,99471.359375,102016.664062
102052.578125,107180.921875,100103.953125,106146.265625
106136.382812,106294.34375,103360.265625,103653.070312
103657.671875,106820.328125,101257.804688,103960.171875
103965.671875,107098.546875,102772.125,104819.484375
104824.03125,105243.789062,104120.375,104714.648438
104713.210938,105438.648438,102507.710938,102682.5
102680.304688,103214.109375,97795.9375,102087.6875
102095.414062,103730.820312,100238.1875,101332.476562
101317.523438,104750.804688,101283.820312,103703.210938
103709.335938,106418.765625,103321.648438,104735.304688
104737.5625,106026.351562,101543.882812,102405.023438
102402.796875,102755.726562,100297.710938,100655.90625
100661.539062,101430.664062,96216.078125,97688.976562
97681.101562,102514.171875,91242.890625,101405.421875
101398.71875,101745.617188,96208.109375,97871.820312
97878.007812,99113.210938,96174.828125,96615.445312
96610.640625,99168.609375,95707.351562,96593.296875
96581.320312,100154.140625,95653.882812,96529.085938
96533.257812,96877.804688,95702.492188,96482.453125
96481.3125,97325.28125,94745.257812,96500.09375
96499.460938,98333.21875,95320.84375,97437.554688
97438.132812,98492.898438,94875.039062,95747.429688
95745.695312,98151.023438,94101.203125,97885.859375
97888.75,98111.085938,95269.710938,96623.867188
96623.367188,98819.46875,96342.804688,97508.96875
97508.382812,97975.039062,97240.195312,97580.351562
97580.492188,97725.59375,96060.976562,96175.03125
96179.007812,97032.234375,95243.546875,95773.382812
95773.8125,96695.375,93388.835938,95539.546875
95532.53125,96855.59375,95011.96875,96635.609375
96632.679688,98767.195312,96442.671875,98333.9375
98340.671875,99497.96875,94852.960938,96125.546875
96134.203125,96950.15625,95765.34375,96577.757812
96577.804688,96671.875,95270.453125,96273.921875
96277.960938,96503.453125,91371.742188,91418.171875
91437.117188,92511.078125,86008.234375,88736.171875
88638.890625,89286.25,82131.898438,84347.023438
84076.859375,87000.78125,83144.960938,84704.226562
84705.625,85036.320312,78248.914062,84373.007812
84373.867188,86522.304688,83794.234375,86031.914062
86036.257812,95043.4375,85040.210938,94248.351562
94248.421875,94429.75,85081.304688,86065.671875
86064.070312,88911.273438,81529.242188,87222.195312
87222.953125,90998.242188,86379.773438,90623.5625
90622.359375,92804.9375,87852.140625,89961.726562
89963.28125,91191.046875,84717.679688,86742.671875
86742.65625,86847.265625,85247.484375,86154.59375
86154.304688,86471.132812,80052.484375,80601.039062
80597.148438,83955.929688,77420.59375,78532.0
78523.875,83577.757812,76624.25,82862.210938
82857.375,84358.578125,80635.25,83722.359375
83724.921875,84301.695312,79931.851562,81066.703125
81066.992188,85263.289062,80797.5625,83969.101562
83968.40625,84672.671875,83639.59375,84343.109375
84333.320312,85051.601562,82017.90625,82579.6875
82576.335938,84725.328125,82492.15625,84075.6875
84075.71875,84075.71875,81179.992188,82718.5
82718.804688,87021.1875,82569.726562,86854.226562
86872.953125,87443.265625,83647.195312,84167.195312
84164.539062,84782.273438,83171.070312,84043.242188
84046.257812,84513.875,83674.78125,83832.484375
83831.898438,86094.78125,83794.914062,86054.375
86070.929688,88758.726562,85541.195312,87498.914062
87512.820312,88542.398438,86346.078125,87471.703125
87460.234375,88292.15625,85861.453125,86900.882812
86896.257812,87786.726562,85837.9375,87177.101562
87185.234375,87489.859375,83557.640625,84353.148438
84352.070312,84567.335938,81634.140625,82597.585938
82596.984375,83505.0,81573.25,82334.523438
82336.0625,83870.125,81293.890625,82548.914062
82551.921875,85487.367188,82429.359375,85169.171875
85180.609375,88466.953125,82343.539062,82485.710938
82487.476562,83909.296875,81282.101562,83102.828125
83100.25,84696.148438,81670.75,83843.804688
83844.703125,84207.015625,82377.734375,83504.796875
83504.507812,83704.71875,77097.742188,78214.484375
78221.335938,81119.0625,74436.679688,79235.335938
79218.476562,80823.890625,76198.023438,76271.953125
76273.5625,83541.0,74589.671875,82573.953125
82565.976562,82700.929688,78456.132812,79626.140625
79625.046875,84247.476562,78936.320312,83404.835938
83404.515625,85856.1875,82769.375,85287.109375
85279.46875,86015.1875,83027.007812,83684.976562
83694.523438,85785.0,83690.640625,84542.390625
84539.695312,86429.351562,83598.820312,83668.992188
83674.507812,85428.28125,83100.617188,84033.867188
84030.671875,85449.070312,83749.75,84895.75
84900.1875,85095.046875,84298.882812,84450.804688
84450.867188,85597.703125,84353.460938,85063.414062
85066.070312,85306.382812,83976.84375,85174.304688
85171.539062,88460.09375,85143.835938,87518.90625
87521.875,93817.382812,87084.53125,93441.890625
93427.585938,94535.734375,91962.960938,93699.109375
93692.398438,94016.195312,91696.710938,93943.796875
93954.25,95768.390625,92898.59375,94720.5
94714.648438,95251.359375,93927.25,94646.929688
94660.90625,95301.203125,93665.398438,93754.84375
93755.304688,95598.492188,92860.804688,94978.75
94981.859375,95485.414062,93796.632812,94284.789062
94286.46875,95249.320312,92979.640625,94207.3125
94212.859375,97437.960938,94153.632812,96492.335938
96494.96875,97905.898438,96375.945312,96910.070312
96904.632812,96943.882812,95821.289062,95891.796875
95877.1875,96318.921875,94173.429688,94315.976562
94319.5625,95193.1875,93566.265625,94748.054688
94748.382812,96889.179688,93399.859375,96802.476562
96800.195312,97625.804688,95829.335938,97032.320312
97034.25,103969.539062,96913.875,103241.460938
103239.125,104297.492188,102343.09375,102970.851562
102973.710938,104961.765625,102830.484375,104696.328125
104701.070312,104937.992188,103364.742188,104106.359375
104106.960938,105747.453125,100814.40625,102812.953125
102812.492188,104997.421875,101515.09375,104169.8125
104167.328125,104303.5625,102618.296875,103539.414062
103538.828125,104153.617188,101440.8125,103744.640625
103735.65625,104533.484375,103137.476562,103489.289062
103489.289062,103716.945312,102659.179688,103191.085938
103186.953125,106597.171875,103142.601562,106446.007812
106430.53125,107068.71875,102112.6875,105606.179688
105605.40625,107307.117188,104206.515625,106791.085938
106791.3125,110724.460938,106127.234375,109678.078125
109673.492188,111970.171875,109285.070312,111673.28125
111679.359375,111798.90625,106841.304688,107287.796875
107278.507812,109454.523438,106895.289062,107791.15625
107802.273438,109313.304688,106683.375,109035.390625
109023.78125,110376.882812,108735.640625,109440.367188
109440.40625,110744.210938,107609.554688,108994.640625
108992.171875,109298.289062,106812.929688,107802.328125
107795.570312,108910.046875,105374.398438,105641.757812
105646.210938,106308.945312,103685.789062,103998.570312
103994.71875,104927.101562,103136.117188,104638.09375
104637.296875,105884.546875,103826.953125,105652.101562
105649.8125,105958.3125,103727.546875,105881.53125
105888.476562,106813.578125,104920.84375,105432.46875
105434.367188,105997.695312,104232.703125,104731.984375
104750.78125,105936.6875,100436.882812,101575.953125
101574.367188,105376.773438,101169.570312,104390.34375
104390.648438,105972.757812,103987.3125,105615.625
105617.507812,106497.0625,105075.328125,105793.648438
105793.023438,110561.421875,105400.234375,110294.101562
110295.6875,110380.125,108367.710938,110257.234375
110261.796875,110384.21875,108086.328125,108686.625
108685.914062,108780.695312,105785.6875,105929.054688
105924.59375,106182.546875,102822.023438,106090.96875
106108.085938,106203.757812,104379.367188,105472.40625
105464.84375,106157.101562,104519.882812,105552.023438
105555.59375,108915.375,104997.625,106796.757812
106794.117188,107750.195312,103396.53125,104601.117188
104602.070312,105581.851562,103602.265625,104883.328125
104886.773438,105250.890625,103940.773438,104684.289062
104681.03125,106539.382812,102372.210938,103309.601562
103315.078125,104015.78125,100973.0625,102257.40625
102212.03125,103351.632812,98286.203125,100987.140625
100987.476562,106116.859375,99705.75,105577.773438
105571.515625,106316.828125,104740.242188,106045.632812
106047.40625,108168.398438,105881.390625,107361.257812
107375.070312,108305.546875,106666.351562,106960.0
106954.921875,107772.46875,106449.992188,107088.429688
107090.546875,107567.882812,106883.976562,107327.703125
107327.820312,108526.304688,107230.109375,108385.570312
108383.4375,108798.789062,106759.648438,107135.335938
107144.382812,107550.679688,105270.226562,105698.28125
105703.101562,109763.65625,105157.398438,108859.320312
108845.015625,110541.460938,108605.796875,109647.976562
109635.65625,109751.984375,107296.382812,108034.335938
108015.835938,108381.34375,107842.273438,108231.179688
108231.1875,109731.625,107847.015625,109232.070312
109235.328125,109710.25,107527.054688,108299.851562
108298.226562,109198.96875,107499.554688,108950.273438
108950.273438,111925.375,108357.679688,111326.554688
111329.195312,116608.78125,110660.75,115987.203125
115986.234375,118856.476562,115245.6875,117516.992188
117530.710938,118219.898438,116977.023438,117435.226562
117432.203125,119449.570312,117265.4375,119116.117188
119115.789062,123091.609375,118959.195312,119849.703125
119853.851562,119935.5625,115765.6875,117777.1875
117777.1875,120065.515625,117064.820312,118738.507812
118738.507812,120999.609375,117508.21875,119289.84375
119284.109375,120851.914062,116925.984375,118003.226562
117998.125,118541.398438,117388.414062,117939.976562
117944.109375,118865.03125,116550.132812,117300.789062
117306.46875,119671.5625,116584.398438,117439.539062
117426.5,120269.96875,116233.226562,119995.414062
119997.445312,120113.351562,117391.390625,118754.960938
118770.984375,119535.453125,117247.96875,118368.0
118368.0,118486.976562,114759.820312,117635.882812
117644.84375,118335.6875,117181.226562,117947.367188
117944.726562,119815.59375,117859.6875,119448.492188
119457.523438,119819.789062,117441.4375,117924.476562
117938.585938,119273.867188,116987.367188,117922.148438
117921.992188,118780.726562,115800.828125,117831.1875
117833.632812,118919.984375,115505.21875,115758.203125
115738.953125,116060.773438,112724.445312,113320.085938
113320.390625,114021.601562,112005.765625,112526.914062
112525.804688,114747.421875,111943.804688,114217.671875
114223.921875,115729.46875,114130.40625,115071.882812
115072.1875,115117.4375,112701.109375,114141.445312
114140.914062,115737.835938,113372.25,115028.0
115030.054688,117676.90625,114279.710938,117496.898438
117505.5,117689.203125,115917.460938,116688.726562
116678.273438,117906.609375,116363.835938,116500.359375
116497.71875,119320.710938,116485.164062,119306.757812
119306.8125,122321.09375,118159.03125,118731.445312
118717.664062,120302.46875,118228.71875,120172.90625
120168.976562,123682.453125,118939.632812,123344.0625
123339.398438,124457.117188,117254.882812,118359.578125
118365.78125,119332.3125,116864.570312,117398.351562
117398.421875,117996.0625,117271.953125,117491.351562
117492.789062,118595.773438,117279.523438,117453.0625
117453.90625,117614.171875,114723.679688,116252.3125
116241.859375,116764.5,112730.398438,112831.179688
112828.023438,114625.796875,112387.960938,114274.742188
114275.6875,114802.648438,111986.234375,112419.03125
112433.734375,117377.398438,111678.945312,116874.085938
116866.367188,116996.25,114536.109375,115374.328125
115387.390625,115615.085938,111060.546875,113458.429688
113456.898438,113637.84375,109324.28125,110124.351562
110124.101562,112397.015625,108762.039062,111802.65625
111795.710938,112619.414062,110398.265625,111222.0625
111219.054688,113450.078125,110900.921875,112544.804688
112550.523438,112619.054688,107559.625,108410.835938
108409.40625,108929.351562,107444.445312,108808.070312
108818.460938,109491.0,108104.65625,108236.710938
108228.75,109890.585938,107271.179688,109250.59375
109243.070312,111748.015625,108454.03125,111200.585938
111190.695312,112600.226562,110582.960938,111723.210938
111718.148438,112208.328125,109347.226562,110723.601562
110723.015625,113357.492188,110233.398438,110650.984375
110650.570312,111275.015625,110024.085938,110224.695312
110221.328125,111591.078125,110211.625,111167.617188
111163.015625,112869.234375,110630.609375,112071.429688
112077.578125,113225.4375,110776.703125,111530.546875
111531.25,114275.25,110940.078125,113955.359375
113961.429688,115522.546875,113453.835938,115507.539062
115507.789062,116769.382812,114794.484375,116101.578125
116093.5625,116334.632812,115248.273438,115950.507812
115950.289062,116181.5,115222.398438,115407.65625
115399.632812,116747.882812,114461.0625,115444.875
115423.757812,117005.273438,114813.09375,116843.1875
116840.507812,117328.609375,114794.976562,116468.507812
116461.265625,117911.789062,116188.796875,117137.203125
117137.671875,117479.757812,115141.820312,115688.859375
115691.125,116191.148438,115473.523438,115721.960938
115730.226562,115901.085938,115252.578125,115306.09375
115309.21875,115431.3125,112037.648438,112748.507812
112757.476562,113351.914062,111535.570312,112014.5
112007.664062,113986.273438,111229.640625,113328.632812
113330.164062,113541.085938,108713.398438,109049.289062
109041.296875,110359.195312,108728.976562,109712.828125
109707.140625,109778.5,109144.296875,109681.945312
109681.945312,112375.484375,109236.945312,112122.640625
112117.875,114473.570312,111589.953125,114400.382812
114396.523438,114836.617188,112740.5625,114056.085938
114057.59375,118648.929688,113981.398438,118648.929688
118652.382812,121086.40625,118383.15625,120681.257812
120656.984375,123944.703125,119344.3125,122266.53125
122267.46875,122857.640625,121577.570312,122425.429688
122419.671875,125559.210938,122191.960938,123513.476562
123510.453125,126198.070312,123196.046875,124752.53125
124752.140625,125184.023438,120681.96875,121451.382812
121448.351562,124167.09375,121119.179688,123354.867188
123337.070312,123739.34375,119812.03125,121705.585938
121704.742188,122509.664062,104582.414062,113214.367188
113236.429688,113429.726562,109760.5625,110807.882812
110811.515625,115805.0625,109715.539062,115169.765625
115161.679688,116020.484375,113821.1875,115271.078125
115264.882812,115502.882812,110029.484375,113118.664062
113113.96875,113622.382812,110235.835938,110783.164062
110782.171875,111990.8125,107537.03125,108186.039062
108179.132812,109235.804688,103598.429688,106467.789062
106483.734375,107490.984375,106387.453125,107198.265625
107204.3125,109488.992188,106157.789062,108666.710938
108667.445312,111711.03125,107485.015625,110588.929688
110587.632812,113996.34375,107534.75,108476.890625
108491.53125,109115.132812,106778.0,107688.585938
107679.4375,111288.59375,107548.429688,110069.726562
110069.351562,111842.53125,109770.148438,111033.921875
111032.617188,111947.703125,110704.40625,111641.726562
111639.054688,115260.90625,111268.484375,114472.445312
114479.851562,116273.3125,113882.289062,114119.328125
114129.085938,116078.984375,112291.679688,112956.164062
112921.328125,113642.726562,109368.71875,110055.304688
110059.195312,111612.351562,106376.6875,108305.546875
108304.414062,111031.820312,108288.273438,109556.164062
109558.625,110574.898438,109372.953125,110064.015625
110064.429688,111167.3125,109523.453125,110639.625
110646.90625,110764.914062,105336.359375,106547.523438
106541.421875,107264.882812,98962.0625,101590.523438
101579.234375,104534.703125,98989.914062,103891.835938
103893.664062,104147.304688,100336.867188,101301.289062
101286.242188,104052.914062,99257.054688,103372.40625
103371.703125,103373.5625,101458.039062,102282.117188
102278.984375,105418.367188,101468.875,104719.640625
104723.773438,106564.695312,104350.648438,105996.59375
105996.859375,107428.257812,102457.328125,102997.46875
103011.4375,105297.234375,100836.617188,101663.1875
101674.148438,104005.492188,97988.71875,99697.492188
99694.703125,99804.429688,94000.734375,94397.789062
94420.46875,96728.46875,94420.46875,95549.148438
95556.867188,96564.1875,92971.164062,94177.078125
94180.875,95928.367188,91214.757812,92093.875
92094.53125,93745.078125,89300.460938,92948.875
92946.164062,92946.164062,88526.828125,91465.992188
91459.351562,93025.070312,86040.796875,86631.898438
86528.773438,87380.804688,80659.8125,85090.6875
85098.5625,85503.007812,83490.898438,84648.359375
84648.609375,88038.46875,84641.773438,86805.007812
86798.773438,89206.335938,85272.195312,88270.5625
88269.960938,88457.335938,86131.429688,87341.890625
87345.585938,90581.15625,86316.898438,90518.367188
90517.765625,91897.578125,90089.515625,91285.375
91285.382812,92969.085938,90257.117188,90919.265625
90918.742188,91187.617188,90260.1875,90851.757812
90838.210938,91965.046875,90394.3125,90394.3125
90389.109375,90398.15625,83862.25,86321.570312
86322.539062,92316.632812,86202.195312,91350.203125
91345.09375,94060.773438,91056.390625,93527.804688
93454.257812,94038.242188,90976.101562,92141.625
92133.648438,92702.640625,88152.140625,89387.757812
89389.359375,90267.460938,88951.664062,89272.375
89277.8125,91740.84375,87799.5625,90405.640625
90424.585938,92267.117188,89644.890625,90640.203125
90639.703125,94601.570312,89586.976562,92691.710938
92695.234375,94477.15625,91640.132812,92020.945312
92011.304688,93554.265625,89335.296875,92511.335938
92513.664062,92747.929688,89532.601562,90270.414062
90257.796875,90647.570312,89800.992188,90298.710938
90296.4375,90498.109375,87634.9375,88175.179688
88171.078125,89983.921875,85304.078125,86419.78125
86424.40625,88170.09375,85381.6875,87843.984375
87847.617188,90264.570312,85316.265625,86143.757812
86144.367188,89412.664062,84436.3125,85462.507812
85476.132812,89339.117188,85107.664062,88103.382812
88101.671875,88497.203125,87924.875,88344.0
88344.703125,89027.953125,87613.203125,88621.75
88621.398438,90501.929688,87908.070312,88490.015625
88490.03125,88898.382812,86606.976562,87414.0
87404.320312,87956.882812,86411.796875,87611.960938
87608.320312,88501.789062,86949.257812,87234.742188
87235.507812,89459.429688,86628.140625,87301.429688
87301.429688,87874.78125,87182.976562,87802.15625
87799.34375,87986.890625,87394.953125,87835.835938
87835.789062,90299.15625,86717.914062,87138.140625
87134.351562,89297.9375,86735.546875,88430.132812
88429.585938,89080.289062,87130.5625,87508.828125
87508.046875,88803.226562,87399.40625,88731.984375
88733.0625,90884.460938,88298.617188,89944.695312
89945.054688,90679.570312,89328.070312,90603.1875
90603.0,91712.585938,90595.101562,91413.492188
91414.625,94762.070312,91414.625,93882.554688
93876.945312,94395.296875,91286.546875,93729.03125
93727.46875,93738.789062,90601.804688,91308.054688
91309.640625,91485.851562,89233.875,91027.125
91026.273438,91910.671875,89625.382812,90513.101562
90510.101562,90713.03125,90283.398438,90386.648438
90385.359375,91155.226562,90212.023438,90827.460938
90825.859375,92395.523438,90055.023438,91192.992188
91185.335938,96011.625,90941.929688,95321.78125
95322.90625,97860.601562,94583.046875,96929.328125
96931.289062,97150.171875,95103.242188,95551.1875
95554.101562,95801.890625,94259.273438,95525.117188
95525.15625,95598.476562,95005.617188,95099.921875
95101.179688,95491.507812,93588.867188,93634.429688
93655.671875,93660.828125,92089.25,92553.59375
92553.601562,92798.429688,87814.929688,88310.90625
88326.507812,90430.40625,87231.570312,89376.960938
89378.523438,90258.960938,88438.445312,89462.453125
89462.046875,91100.25,88486.359375,89503.875
89506.148438,89811.609375,89044.289062,89110.734375
89104.765625,89193.148438,86003.710938,86572.21875
86566.523438,88743.070312,86429.289062,88267.140625
88257.476562,89427.125,87228.921875,89102.570312
89104.046875,90439.289062,88721.460938,89184.570312
89169.851562,89200.78125,83250.601562,84561.585938
84562.726562,84602.164062,81071.476562,84128.65625
84126.5,84136.921875,75815.882812,78621.117188
78626.125,79322.609375,75698.898438,76974.445312
76968.875,79258.609375,74551.335938,78688.765625
78693.507812,79118.851562,72897.140625,75633.546875
75640.09375,76864.65625,71779.929688,73019.703125
73016.375,73161.554688,62353.535156,62702.097656
62704.453125,71681.304688,60074.203125,70555.390625
70553.796875,71611.148438,67364.445312,69281.96875
69283.726562,72206.90625,68852.898438,70264.726562
70243.328125,71369.96875,68291.03125,70120.78125
70137.390625,70464.265625,67913.09375,68793.960938
68791.859375,69242.679688,65757.304688,66991.96875
66992.195312,68339.492188,65092.109375,66221.84375
66213.375,69382.835938,65835.78125,68857.84375
68856.984375,70481.164062,68706.617188,69767.625
69764.953125,70939.289062,68052.546875,68788.1875
68782.398438,70067.234375,67301.585938,68843.15625
68843.09375,69201.867188,66615.28125,67494.21875
67488.023438,68434.429688,65845.898438,66425.320312
66425.625,67277.125,65637.429688,66957.523438
66958.578125,68269.03125,66452.484375,68005.421875
68000.25,68657.703125,67533.070312,68003.765625
67998.828125,68235.226562,67185.601562,67659.390625
67668.429688,67668.429688,63924.4375,64616.738281
64616.015625,64992.15625,62553.1875,64080.042969
64077.769531,69953.53125,63942.484375,67960.125
67954.867188,68843.351562,66523.734375,67453.773438
67456.515625,68220.40625,64946.035156,65881.796875
65878.929688,67714.523438,63062.21875,66995.859375
67005.882812,68162.820312,65076.730469,65738.101562
65734.078125,70044.0,65303.136719,68775.851562
68785.078125,69232.890625,66237.617188,68293.648438
68290.5625,74051.804688,67437.40625,72710.578125
72712.65625,73555.789062,70654.882812,70841.125
70842.15625,71378.570312,67757.820312,68136.492188
68136.6875,68515.164062,66969.257812,67272.59375
67272.5,68177.789062,65639.195312,65969.78125
65969.585938,69474.945312,65858.007812,68402.382812
68402.71875,71770.898438,68402.71875,69926.921875
69931.25,71337.664062,68998.867188,70204.882812
70209.765625,70775.828125,69230.15625,70493.460938
70497.046875,73927.328125,70410.726562,70968.265625
70965.382812,71291.203125,70339.585938,71214.625
71213.679688,73173.007812,70882.421875,72789.914062
72798.171875,74901.859375,72300.632812,74861.085938
74855.296875,75988.398438,73444.226562,73922.476562
73936.851562,74658.976562,70503.859375,71245.578125
71250.351562,71598.84375,68805.523438,69912.789062
69911.53125,71346.796875,69398.882812,70522.585938
70522.46875,71051.273438,68602.914062,68711.523438
68737.445312,69561.773438,67372.875,67845.210938
67843.0,71782.257812,67458.84375,70914.859375
70912.671875,71371.304688,68920.695312,70517.859375
70520.046875,71985.742188,70383.59375,71309.882812
71310.117188,71410.390625,68118.351562,68791.625
68790.835938,69117.53125,65532.570312,66338.375
66338.5,67232.859375,65906.742188,66319.695312
66319.695312,67052.953125,64971.707031,65954.921875
65958.351562,68087.289062,65759.804688,66691.445312
66694.585938,68495.273438,65950.4375,68233.3125
68232.890625,69230.359375,67555.359375,68078.554688
68077.898438,68633.148438,65725.257812,66888.570312
66889.015625,67296.234375,66281.539062,66931.101562
66938.648438,67515.015625,66769.640625,67290.515625
67291.195312,69087.65625,66610.632812,68981.898438
68982.914062,70305.421875,68347.078125,68859.828125
68859.375,72732.429688,67740.507812,71940.703125
71950.148438,72825.1875,70707.46875,71123.359375
71120.570312,73107.265625,70486.359375,71767.828125
71774.367188,73440.117188,71434.828125,72979.046875
72976.125,73784.234375,72556.335938,73054.273438
73056.046875,73154.03125,70540.570312,70753.40625
70757.617188,74896.3125,70588.523438,74484.640625
74478.398438,76061.757812,73877.203125,74181.609375
74182.023438,75409.273438,73549.203125,74805.078125
74810.875,75506.570312,73346.265625,75152.132812
75164.039062,78320.679688,74558.601562,77126.875
77136.046875,77416.703125,75504.945312,75726.210938
75723.695312,76243.09375,73802.382812,73856.351562
73854.25,76575.359375,73775.570312,75872.523438
75872.828125,76881.476562,74852.671875,76352.773438
76354.21875,79468.0,76159.578125,78203.101562
78203.875,78676.9375,77014.453125,78268.953125
78263.820312,78554.09375,77318.445312,77455.3125
77457.210938,77882.640625,77184.664062,77612.015625
77613.117188,78923.5625,77334.890625,78657.539062
78661.015625,79488.171875,76481.34375,77366.625
77368.117188,77483.867188,75673.601562,76350.671875
76350.6875,77884.96875,74958.570312,75776.132812
75778.632812,76611.484375,75318.984375,76304.320312
76305.054688,78894.976562,76294.695312,78179.0
78177.75,79119.789062,78031.960938,78657.25
78656.726562,79402.359375,78073.078125,78538.226562
78540.289062,80742.359375,78217.960938,79827.90625
79823.53125,81751.453125,79787.578125,80927.054688
80930.734375,82792.210938,80751.023438,81427.53125
81428.851562,81684.953125,79522.65625,80009.992188
80009.625,80447.265625,79205.515625,80186.765625
80187.742188,81030.0625,80119.929688,80664.367188
80665.609375,82430.171875,80274.132812,82138.929688
82139.046875,82326.234375,80451.421875,81728.296875
81725.351562,81753.03125,79832.101562,80477.492188
80476.789062,81276.671875,78725.507812,79277.117188
79276.945312,82005.960938,78909.679688,81051.25
81046.867188,81634.84375,78635.367188,79065.679688
79066.0,79173.5,77630.734375,78131.4375
78133.585938,78539.398438,76783.414062,77429.351562
77426.34375,77749.320312,76029.226562,76954.171875
76954.75,77346.867188,76082.367188,76750.90625
76749.453125,77775.570312,76463.648438,77457.773438
77462.507812,78100.5625,76655.4375,77539.171875
77538.117188,77819.453125,75323.875,75488.242188
75488.3125,77288.117188,74255.234375,76673.367188
76670.65625,77372.539062,76019.890625,76981.125
76981.125,77804.921875,76833.039062,77279.929688
77280.125,77990.867188,75569.46875,75825.734375
75825.304688,76014.296875,74136.5,74344.703125
74339.570312,74460.125,72493.414062,73536.554688
73537.03125,74218.5625,72435.625,73372.523438
73370.851562,74020.757812,73125.234375,73754.835938
73753.75,74153.5,73315.015625,73579.6875
73580.210938,73969.570312,70599.507812,71319.773438
71321.03125,71334.953125,66127.265625,66703.65625
66694.007812,67402.929688,64009.675781,64014.367188
64038.921875,64659.058594,61351.628906,63571.378906
