open,high,low,close
118.889999,119.169998,118.459999,118.919998
118.5,119.019997,118.410004,118.82
120.300003,120.779999,120.230003,120.580002
120.610001,121.480003,120.550003,121.25
121.550003,122.099998,121.18,121.739998
122.800003,122.830002,122.029999,122.639999
123.0,123.059998,122.300003,122.769997
122.519997,123.870003,122.379997,123.68
125.169998,125.669998,122.230003,122.379997
123.260002,124.099998,122.690002,123.949997
122.260002,123.330002,122.129997,123.209999
121.650002,121.860001,120.769997,120.839996
120.830002,121.25,120.68,120.900002
120.489998,121.029999,120.059998,120.110001
126.620003,126.82,125.0,126.0
126.440002,127.050003,125.830002,126.68
125.559998,126.019997,125.059998,125.32
125.910004,126.809998,125.699997,125.839996
125.949997,126.519997,125.5,126.470001
127.660004,128.419998,127.440002,128.410004
128.800003,129.589996,128.169998,129.470001
130.5,131.149994,129.820007,130.229996
129.820007,130.119995,128.979996,129.740005
129.850006,130.520004,128.970001,130.520004
129.490005,129.899994,129.160004,129.289993
128.520004,128.539993,126.989998,127.150002
128.0,128.429993,127.610001,128.320007
126.309998,127.370003,126.029999,127.330002
126.379997,127.190002,126.330002,126.839996
127.019997,127.5,126.629997,127.040001
126.949997,127.349998,126.82,127.209999
125.5,126.120003,125.309998,125.389999
125.660004,127.370003,125.599998,127.300003
126.43,126.519997,126.010002,126.349998
125.529999,126.209999,125.110001,125.470001
126.089996,126.139999,125.75,126.0
126.790001,128.119995,126.040001,128.029999
128.089996,128.199997,127.209999,127.660004
128.419998,129.410004,127.879997,128.979996
128.570007,129.339996,128.559998,129.220001
130.039993,130.550003,129.940002,130.270004
129.949997,129.960007,129.270004,129.649994
130.009995,130.279999,129.820007,129.869995
128.460007,128.550003,127.389999,127.550003
127.290001,127.699997,127.269997,127.440002
127.940002,128.139999,127.75,127.959999
129.119995,129.199997,128.149994,128.559998
128.610001,129.190002,127.480003,127.669998
127.669998,129.259995,127.199997,127.400002
127.620003,128.25,127.599998,127.839996
128.119995,129.039993,128.0,128.470001
128.169998,128.990005,127.459999,128.5
128.889999,129.169998,128.580002,129.110001
128.080002,128.669998,127.860001,127.970001
127.629997,127.919998,127.449997,127.779999
128.139999,128.220001,127.610001,127.760002
126.919998,126.970001,126.300003,126.339996
125.980003,126.309998,125.959999,126.230003
126.879997,128.110001,125.82,126.050003
126.0,126.480003,125.93,126.300003
125.730003,125.949997,124.879997,125.029999
124.730003,125.110001,124.639999,124.779999
124.669998,125.510002,124.550003,125.290001
126.290001,126.57,125.580002,126.57
127.400002,129.080002,127.269997,128.710007
128.789993,128.860001,128.119995,128.270004
128.160004,128.520004,127.400002,127.589996
127.239998,127.510002,126.699997,126.75
126.309998,126.919998,125.970001,126.589996
126.470001,126.599998,125.529999,125.75
126.099998,126.540001,126.029999,126.18
125.730003,126.099998,124.910004,125.370003
124.809998,125.25,124.669998,125.059998
125.610001,125.620003,125.25,125.32
125.309998,125.589996,125.169998,125.440002
126.330002,127.419998,125.959999,127.269997
127.57,128.199997,127.5,127.57
127.599998,127.860001,127.43,127.650002
127.959999,128.039993,127.419998,127.550003
126.860001,126.900002,126.339996,126.620003
126.25,126.400002,125.730003,126.220001
125.839996,126.339996,125.540001,126.07
126.519997,126.550003,125.239998,125.639999
125.32,125.459999,124.900002,125.32
123.160004,123.18,120.860001,120.970001
121.330002,121.589996,120.400002,120.779999
119.690002,119.980003,119.239998,119.660004
120.489998,120.580002,118.419998,119.739998
119.739998,120.419998,119.739998,120.160004
119.919998,120.160004,119.529999,119.550003
119.720001,120.07,119.290001,119.739998
120.0,120.419998,119.800003,120.029999
119.370003,120.160004,119.290001,119.360001
119.699997,119.919998,119.580002,119.68
120.080002,120.639999,119.82,120.419998
121.129997,121.459999,120.889999,121.110001
121.389999,121.589996,120.629997,120.739998
120.900002,120.93,120.550003,120.830002
121.279999,121.300003,120.160004,120.559998
120.889999,121.760002,120.860001,121.470001
121.370003,121.529999,120.610001,120.790001
121.110001,121.18,120.75,121.010002
121.199997,122.480003,120.809998,121.580002
121.510002,122.0,121.230003,121.940002
122.800003,123.209999,122.57,122.730003
123.760002,124.760002,123.559998,123.639999
123.360001,124.330002,123.349998,124.300003
124.400002,124.540001,124.040001,124.389999
122.660004,122.709999,121.879997,122.150002
122.120003,123.089996,121.360001,121.639999
124.300003,124.349998,121.110001,121.559998
121.519997,121.540001,119.379997,119.75
119.650002,119.690002,116.230003,117.099998
116.120003,117.139999,115.489998,116.110001
116.459999,117.239998,116.290001,117.120003
117.269997,117.269997,116.580002,116.769997
116.910004,117.220001,115.440002,116.169998
115.519997,115.769997,114.959999,115.150002
115.720001,115.940002,115.290001,115.580002
115.720001,115.790001,114.980003,115.540001
113.870003,113.879997,112.650002,113.25
113.419998,113.510002,112.349998,112.610001
113.230003,113.839996,112.769997,113.800003
112.760002,113.480003,112.690002,113.269997
112.690002,112.790001,111.5,111.75
111.110001,111.989998,110.629997,111.540001
111.889999,112.32,111.779999,112.139999
111.150002,112.110001,110.309998,111.540001
111.690002,112.029999,111.190002,111.43
112.129997,112.5,111.769997,111.830002
111.720001,111.870003,111.459999,111.57
111.18,111.25,110.190002,110.400002
110.589996,111.110001,110.269997,110.82
110.57,110.790001,110.059998,110.449997
110.949997,110.980003,108.519997,108.830002
107.849998,107.989998,107.0,107.339996
107.949997,108.779999,107.480003,108.050003
108.599998,108.879997,108.339996,108.589996
107.470001,108.0,107.290001,107.790001
108.25,108.309998,107.68,107.849998
107.68,108.099998,107.489998,107.589996
107.839996,108.25,107.800003,107.93
108.610001,108.669998,108.239998,108.559998
108.400002,108.910004,108.290001,108.860001
109.230003,110.529999,109.160004,110.290001
110.379997,110.620003,109.529999,109.610001
109.620003,111.0,109.370003,110.470001
111.059998,111.220001,110.610001,110.860001
112.160004,112.940002,112.07,112.580002
111.809998,112.379997,111.57,111.75
112.389999,113.040001,112.18,112.669998
112.940002,113.449997,112.639999,113.150002
112.870003,114.190002,112.169998,113.5
114.519997,114.93,113.809998,113.910004
113.650002,114.309998,113.190002,114.209999
115.889999,115.959999,115.5,115.849998
115.739998,115.919998,114.559998,114.870003
114.32,114.959999,113.940002,114.769997
114.650002,115.760002,114.32,115.050003
115.510002,116.169998,115.199997,115.790001
115.690002,116.019997,114.940002,115.269997
114.139999,114.440002,113.68,114.32
113.239998,113.510002,112.830002,113.260002
112.93,113.550003,112.809998,113.489998
113.610001,114.300003,113.540001,113.970001
115.269997,115.82,115.18,115.550003
114.660004,115.449997,114.139999,115.199997
116.260002,116.57,115.629997,115.839996
115.730003,116.370003,115.709999,116.129997
117.07,117.739998,116.739998,117.699997
117.309998,117.739998,117.199997,117.459999
118.089996,118.589996,117.809998,118.190002
118.190002,118.580002,117.199997,117.290001
116.68,117.860001,116.669998,117.599998
116.730003,116.949997,116.150002,116.800003
117.510002,117.559998,116.379997,116.93
116.330002,117.480003,116.25,117.449997
117.93,118.349998,117.830002,118.080002
118.190002,118.400002,117.620003,117.68
117.040001,118.0,116.769997,117.75
117.860001,118.019997,117.239998,117.910004
118.760002,119.160004,118.68,118.940002
119.739998,119.879997,119.25,119.699997
119.730003,120.400002,119.120003,119.120003
119.709999,119.839996,118.82,119.230003
117.980003,119.120003,117.949997,119.059998
117.760002,118.339996,117.230003,117.580002
116.949997,117.730003,116.440002,117.510002
117.349998,117.349998,116.629997,116.720001
116.129997,116.25,115.620003,115.779999
114.989998,115.360001,114.949997,115.059998
114.779999,115.029999,114.410004,114.470001
114.449997,114.730003,114.129997,114.720001
114.629997,114.910004,114.510002,114.739998
114.540001,115.010002,114.029999,114.120003
114.290001,116.25,114.019997,116.25
117.269997,117.290001,116.690002,116.730003
117.040001,117.269997,116.910004,116.989998
117.309998,117.599998,117.209999,117.510002
117.769997,118.800003,117.760002,118.540001
118.870003,119.150002,118.68,118.830002
119.150002,119.25,118.32,118.669998
118.5,119.209999,118.389999,118.860001
119.93,120.080002,119.269997,119.529999
119.739998,119.830002,118.779999,119.040001
119.220001,119.449997,119.050003,119.330002
118.769997,119.120003,118.32,118.470001
118.610001,119.080002,118.459999,118.720001
118.690002,119.370003,118.669998,119.349998
119.589996,119.769997,119.379997,119.620003
118.620003,119.629997,118.400002,119.620003
119.220001,119.419998,118.980003,119.18
120.300003,120.669998,119.139999,119.459999
119.040001,119.690002,118.849998,119.459999
120.330002,121.400002,120.290001,121.190002
121.379997,122.220001,121.139999,122.019997
122.540001,122.650002,122.029999,122.599998
122.550003,123.07,121.989998,122.239998
122.43,123.029999,121.730003,122.82
122.25,122.260002,121.279999,121.730003
121.82,122.169998,121.5,121.959999
122.139999,122.610001,121.730003,122.309998
120.769997,121.510002,120.660004,121.480003
120.529999,120.870003,120.050003,120.25
120.209999,120.959999,119.870003,120.839996
120.419998,120.599998,119.970001,120.389999
120.339996,120.769997,120.269997,120.769997
120.209999,120.75,119.349998,119.669998
119.300003,119.650002,119.239998,119.650002
119.18,119.339996,117.919998,117.980003
116.809998,117.279999,116.629997,116.790001
116.860001,117.07,116.68,117.010002
117.029999,117.139999,116.68,116.75
116.18,116.239998,115.559998,116.050003
116.419998,116.5,115.860001,116.040001
116.209999,116.849998,116.190002,116.5
117.07,117.160004,116.730003,116.830002
117.519997,117.540001,116.989998,117.139999
117.449997,117.910004,117.400002,117.650002
119.360001,120.019997,119.269997,119.790001
119.769997,119.839996,118.559998,118.809998
119.389999,119.550003,118.879997,119.400002
119.629997,120.139999,119.580002,119.900002
120.129997,120.190002,118.980003,119.139999
119.07,119.739998,118.919998,119.610001
119.519997,119.699997,119.290001,119.480003
120.489998,120.790001,120.330002,120.540001
120.239998,120.330002,119.949997,120.139999
120.309998,121.230003,120.260002,120.620003
120.169998,120.739998,120.059998,120.720001
121.309998,121.709999,121.190002,121.610001
121.910004,121.940002,121.580002,121.730003
123.089996,123.309998,122.769997,123.099998
122.790001,123.160004,122.019997,122.449997
122.07,122.080002,120.949997,121.650002
120.459999,120.910004,120.400002,120.540001
120.330002,120.690002,120.269997,120.360001
119.949997,120.709999,119.919998,120.480003
121.510002,121.879997,119.57,119.82
119.220001,119.5,119.129997,119.32
119.349998,119.5,119.239998,119.339996
118.739998,118.839996,118.330002,118.43
118.419998,118.459999,118.07,118.18
118.150002,118.660004,118.150002,118.519997
119.129997,119.199997,118.599998,118.919998
119.650002,119.660004,119.309998,119.43
118.290001,118.540001,118.169998,118.360001
118.870003,119.050003,118.480003,118.809998
119.059998,119.059998,118.690002,118.900002
117.970001,118.639999,117.910004,118.32
118.080002,118.410004,117.949997,118.019997
116.540001,116.849998,115.940002,116.089996
115.910004,116.669998,115.870003,116.519997
116.580002,116.610001,116.239998,116.470001
115.779999,115.790001,114.800003,115.279999
115.019997,115.57,114.830002,115.470001
115.260002,115.769997,114.879997,115.620003
116.209999,116.330002,115.870003,116.029999
116.040001,116.040001,115.669998,115.82
117.040001,117.25,116.639999,116.769997
117.419998,117.529999,117.230003,117.290001
117.989998,118.330002,117.879997,118.110001
118.18,118.269997,117.839996,118.080002
117.919998,118.620003,117.660004,118.239998
119.0,119.389999,118.75,119.260002
119.519997,119.580002,119.18,119.309998
118.989998,119.32,118.790001,118.919998
118.57,120.150002,118.550003,119.879997
120.099998,120.139999,119.279999,119.790001
120.150002,120.860001,120.139999,120.690002
120.5,120.809998,120.449997,120.75
120.440002,121.139999,120.440002,120.650002
120.510002,121.019997,120.339996,120.400002
120.309998,120.830002,120.309998,120.589996
119.970001,120.040001,119.220001,119.650002
119.43,119.790001,119.43,119.510002
120.019997,120.120003,118.970001,119.860001
121.019997,121.550003,120.760002,121.309998
122.080002,122.440002,122.029999,122.209999
122.239998,122.830002,122.029999,122.790001
121.980003,122.239998,121.68,121.919998
120.599998,121.230003,120.580002,120.980003
120.660004,122.059998,120.660004,121.870003
122.290001,122.610001,121.760002,122.489998
123.370003,123.540001,122.0,122.300003
122.540001,122.980003,122.5,122.760002
122.559998,122.559998,121.849998,122.209999
122.580002,122.690002,122.309998,122.669998
122.389999,122.639999,122.129997,122.290001
122.769997,123.019997,121.290001,122.739998
123.330002,124.730003,123.330002,124.690002
125.809998,125.870003,124.050003,124.419998
124.330002,124.620003,124.160004,124.360001
124.580002,125.839996,124.550003,125.82
126.010002,126.169998,125.120003,126.059998
126.650002,127.779999,126.57,127.459999
127.339996,127.440002,126.550003,126.809998
127.559998,128.320007,127.389999,128.130005
128.210007,128.300003,127.589996,127.970001
126.739998,126.940002,126.050003,126.190002
126.029999,126.589996,125.940002,126.559998
126.400002,126.449997,125.5,125.610001
125.660004,126.440002,125.620003,126.160004
125.989998,125.989998,125.410004,125.529999
124.709999,124.760002,123.970001,124.360001
124.489998,124.650002,124.029999,124.620003
124.68,125.059998,123.150002,123.620003
122.559998,123.07,122.489998,122.68
123.029999,123.389999,122.93,123.239998
122.779999,124.660004,122.709999,124.529999
123.57,123.809998,122.900002,123.139999
122.040001,122.510002,121.879997,121.980003
122.040001,122.480003,121.830002,122.209999
122.290001,122.300003,121.550003,121.580002
121.169998,121.339996,120.739998,120.769997
120.720001,121.099998,120.699997,120.830002
121.209999,121.269997,120.709999,121.169998
121.150002,121.239998,120.400002,120.519997
120.260002,121.209999,119.779999,121.089996
121.639999,122.110001,121.550003,122.080002
122.620003,122.970001,122.360001,122.400002
122.57,122.879997,122.029999,122.790001
122.839996,123.040001,122.5,122.889999
123.660004,123.860001,123.339996,123.82
123.82,123.970001,122.57,122.970001
122.029999,122.32,121.730003,122.129997
121.709999,121.940002,121.550003,121.669998
122.199997,122.550003,122.110001,122.389999
121.68,121.980003,121.389999,121.610001
120.980003,121.900002,120.959999,121.800003
121.260002,121.709999,120.980003,121.330002
121.309998,121.589996,120.839996,121.349998
121.160004,121.160004,120.220001,120.330002
120.379997,120.989998,120.209999,120.900002
120.379997,121.470001,120.379997,121.129997
120.82,120.839996,120.379997,120.669998
120.980003,121.550003,120.839996,121.110001
121.290001,121.959999,121.050003,121.190002
121.360001,121.43,120.18,120.620003
120.720001,121.849998,120.68,121.650002
121.510002,121.559998,120.779999,121.209999
121.949997,122.25,121.589996,121.629997
121.849998,122.410004,121.730003,122.129997
121.989998,122.110001,120.940002,121.129997
121.43,121.550003,121.269997,121.309998
120.900002,121.910004,120.769997,121.559998
122.129997,122.360001,121.25,121.410004
121.449997,121.709999,121.290001,121.400002
122.150002,123.169998,121.949997,122.860001
122.300003,122.410004,121.040001,121.309998
121.669998,122.0,121.5,121.510002
122.260002,122.949997,122.169998,122.629997
122.360001,122.610001,122.220001,122.32
123.260002,123.330002,122.669998,122.830002
123.050003,123.169998,122.529999,122.809998
122.239998,122.330002,121.739998,122.040001
121.440002,121.699997,120.639999,121.099998
120.940002,122.43,120.739998,121.589996
121.150002,121.199997,120.839996,121.18
120.099998,120.510002,119.720001,120.32
120.040001,120.440002,119.870003,120.07
119.010002,119.239998,118.099998,118.489998
118.489998,118.919998,118.330002,118.480003
118.370003,118.540001,117.800003,118.010002
117.650002,118.169998,117.400002,118.150002
118.190002,119.349998,118.010002,119.169998
119.099998,119.290001,118.709999,118.93
119.410004,119.5,118.970001,119.18
119.629997,119.989998,119.599998,119.730003
119.669998,119.900002,119.529999,119.82
119.980003,120.360001,119.809998,120.139999
120.07,120.449997,120.0,120.309998
120.669998,121.139999,120.57,120.940002
121.550003,121.870003,121.510002,121.769997
122.0,122.339996,121.879997,122.230003
122.82,122.919998,122.559998,122.849998
123.699997,124.089996,123.459999,123.650002
124.660004,125.18,124.389999,125.150002
125.050003,125.089996,124.099998,124.82
124.889999,125.849998,124.739998,125.459999
124.93,125.480003,124.830002,125.330002
125.199997,125.32,124.900002,125.309998
124.489998,124.860001,124.230003,124.730003
125.169998,125.309998,124.720001,125.029999
125.370003,125.660004,125.25,125.440002
126.010002,127.129997,125.809998,126.959999
126.599998,127.18,126.400002,127.169998
126.769997,127.220001,125.900002,126.139999
126.129997,126.519997,125.800003,125.860001
126.57,126.730003,126.410004,126.419998
126.510002,126.75,126.279999,126.650002
126.529999,127.349998,126.339996,127.279999
128.389999,129.259995,128.229996,128.830002
128.690002,129.509995,127.360001,127.970001
128.240005,128.520004,127.970001,128.070007
127.580002,127.629997,126.919998,127.349998
127.910004,127.919998,126.739998,126.800003
127.449997,127.849998,126.400002,127.650002
127.18,128.149994,127.080002,128.070007
126.809998,126.849998,125.959999,126.389999
126.82,127.309998,126.440002,126.709999
126.540001,126.550003,125.220001,125.379997
125.480003,125.769997,124.410004,124.790001
124.919998,125.440002,124.510002,124.980003
124.650002,125.139999,124.389999,124.769997
125.190002,125.82,125.110001,125.370003
125.669998,126.18,125.519997,126.080002
126.470001,128.589996,126.290001,128.229996
128.429993,128.570007,127.940002,128.380005
128.300003,128.699997,127.57,127.959999
127.279999,127.400002,126.040001,126.239998
126.360001,126.760002,125.440002,125.660004
125.919998,126.370003,125.879997,126.300003
126.059998,126.300003,125.849998,126.139999
126.449997,126.620003,126.18,126.449997
126.059998,126.150002,124.589996,125.129997
125.089996,125.459999,124.809998,125.0
124.150002,125.309998,123.580002,124.720001
125.669998,125.690002,124.970001,125.389999
125.349998,125.480003,124.959999,125.18
126.199997,126.959999,126.129997,126.529999
126.220001,126.290001,125.419998,125.720001
125.690002,125.699997,125.129997,125.419998
124.940002,125.690002,124.779999,125.540001
125.040001,125.57,124.839996,125.540001
125.669998,125.989998,125.050003,125.779999
125.489998,125.760002,125.339996,125.699997
125.120003,125.209999,124.720001,124.900002
124.839996,124.870003,124.209999,124.599998
124.57,125.160004,124.419998,124.870003
124.410004,124.550003,123.959999,124.309998
125.400002,126.760002,125.029999,126.480003
126.089996,126.339996,125.639999,125.980003
127.82,128.059998,127.610001,127.610001
128.050003,128.580002,128.009995,128.279999
127.230003,127.620003,127.050003,127.489998
126.480003,126.610001,125.510002,125.730003
125.419998,125.809998,125.309998,125.790001
126.650002,127.540001,126.379997,127.260002
126.540001,126.589996,126.010002,126.300003
127.5,127.529999,126.32,126.449997
125.449997,126.080002,125.43,125.800003
126.57,126.599998,126.129997,126.389999
126.449997,126.860001,126.230003,126.82
127.019997,127.309998,126.669998,127.120003
128.089996,129.470001,127.779999,128.110001
127.25,127.339996,126.470001,126.620003
127.07,127.75,127.029999,127.449997
127.739998,128.050003,127.57,127.629997
127.019997,127.779999,127.0,127.75
128.320007,128.539993,127.75,127.849998
127.809998,127.879997,127.129997,127.599998
126.690002,126.970001,126.550003,126.629997
125.620003,125.760002,125.339996,125.620003
125.779999,126.339996,125.669998,126.230003
125.230003,125.510002,125.059998,125.410004
125.540001,125.57,124.690002,124.970001
125.199997,125.620003,125.169998,125.5
124.410004,125.199997,124.190002,124.589996
123.900002,123.980003,123.389999,123.709999
123.900002,124.540001,123.580002,123.650002
124.660004,124.760002,124.239998,124.279999
124.099998,124.650002,124.0,124.540001
124.5,124.699997,124.300003,124.57
124.139999,124.949997,123.790001,124.589996
124.449997,124.870003,124.239998,124.330002
125.220001,125.370003,124.75,125.18
125.57,125.589996,124.940002,125.0
125.160004,125.209999,124.440002,124.489998
122.82,122.82,122.129997,122.480003
122.379997,122.610001,122.029999,122.290001
122.230003,122.43,122.040001,122.360001
122.050003,122.650002,122.010002,122.410004
122.160004,122.529999,121.970001,122.480003
122.699997,122.739998,122.339996,122.410004
122.139999,122.739998,122.110001,122.540001
123.099998,123.82,123.080002,123.589996
123.660004,123.699997,123.209999,123.209999
122.839996,123.639999,122.660004,123.190002
123.169998,123.610001,123.169998,123.370003
123.260002,123.779999,123.099998,123.099998
122.580002,123.089996,122.440002,122.489998
122.849998,122.93,122.370003,122.370003
122.550003,123.230003,122.279999,122.849998
123.080002,123.349998,122.629997,122.919998
122.959999,123.150002,122.690002,122.860001
123.080002,123.120003,122.910004,123.010002
123.099998,123.419998,123.019997,123.230003
122.949997,123.18,122.639999,122.82
122.839996,123.339996,122.470001,123.190002
123.629997,123.860001,123.32,123.379997
122.18,122.199997,120.830002,121.339996
121.349998,121.440002,120.989998,121.110001
120.809998,121.029999,120.580002,120.800003
120.790001,120.809998,120.160004,120.260002
119.919998,120.32,119.82,120.050003
120.209999,120.400002,120.099998,120.339996
120.0,120.230003,119.830002,119.889999
119.279999,119.589996,119.089996,119.260002
118.959999,119.050003,118.480003,118.580002
118.589996,118.669998,118.010002,118.220001
118.43,118.940002,118.260002,118.650002
118.18,118.209999,117.400002,117.459999
118.410004,119.080002,118.379997,118.650002
118.919998,119.330002,118.769997,119.050003
118.970001,119.029999,118.730003,118.860001
119.650002,119.730003,119.139999,119.150002
118.889999,119.0,118.610001,118.93
118.449997,118.529999,117.620003,117.639999
118.0,118.260002,117.940002,118.129997
117.620003,117.75,117.449997,117.610001
117.510002,117.629997,117.279999,117.550003
116.720001,116.93,116.120003,116.279999
116.029999,116.349998,115.830002,116.309998
115.129997,116.470001,115.120003,115.809998
116.400002,116.709999,116.239998,116.559998
116.25,116.309998,115.760002,116.0
116.220001,116.43,115.910004,116.040001
116.790001,116.839996,116.269997,116.68
116.239998,116.510002,115.769997,115.769997
115.919998,116.239998,115.769997,115.830002
115.800003,116.019997,115.639999,115.650002
115.470001,116.349998,115.389999,115.989998
115.629997,115.699997,115.129997,115.139999
115.169998,115.230003,114.419998,114.519997
115.089996,115.529999,114.860001,114.919998
114.559998,114.720001,114.309998,114.330002
114.849998,114.940002,114.419998,114.589996
114.75,114.949997,114.410004,114.910004
115.019997,115.120003,114.690002,114.739998
114.809998,115.230003,114.610001,114.690002
113.809998,113.809998,112.830002,112.959999
113.25,113.480003,112.839996,113.07
112.169998,112.18,111.059998,111.190002
111.459999,111.879997,111.099998,111.099998
111.690002,112.150002,111.379997,112.129997
112.379997,112.739998,112.160004,112.690002
112.769997,113.099998,112.440002,113.019997
113.389999,113.489998,113.07,113.269997
112.68,112.879997,112.059998,112.199997
113.25,114.419998,113.209999,114.160004
114.120003,114.779999,114.120003,114.589996
114.760002,114.870003,113.550003,113.68
114.160004,114.209999,113.849998,114.199997
113.919998,113.93,113.239998,113.639999
113.720001,114.059998,113.440002,113.510002
112.75,113.07,112.610001,112.93
113.360001,113.440002,113.120003,113.32
113.889999,114.260002,113.279999,113.540001
113.260002,113.599998,112.970001,113.230003
113.260002,113.43,113.0,113.150002
112.650002,113.370003,112.419998,113.220001
113.120003,114.389999,113.059998,114.169998
114.720001,114.779999,113.580002,113.760002
113.790001,113.900002,112.910004,113.019997
113.599998,114.029999,113.550003,113.610001
113.790001,113.910004,113.279999,113.440002
113.940002,114.150002,113.68,113.879997
114.209999,114.370003,113.860001,114.269997
112.870003,113.68,112.790001,113.489998
113.68,113.959999,113.43,113.470001
113.75,113.889999,113.57,113.650002
113.110001,113.599998,112.660004,113.050003
112.099998,112.419998,111.849998,112.050003
112.160004,113.0,112.07,112.760002
112.400002,112.620003,112.150002,112.57
113.699997,114.330002,113.610001,113.870003
113.870003,114.050003,113.260002,113.419998
113.830002,114.190002,113.260002,113.480003
113.809998,114.099998,113.57,113.800003
112.25,112.589996,111.900002,112.540001
112.370003,112.669998,111.970001,112.599998
112.470001,112.959999,112.25,112.879997
114.199997,116.040001,114.089996,115.779999
115.580002,115.709999,115.080002,115.230003
116.120003,116.529999,115.889999,116.0
116.489998,116.599998,115.800003,115.800003
115.889999,116.330002,115.68,115.790001
115.830002,116.410004,115.629997,115.919998
116.230003,116.239998,115.959999,116.010002
115.57,115.779999,115.43,115.709999
117.160004,117.25,116.330002,116.389999
116.379997,116.720001,116.110001,116.660004
116.580002,116.730003,116.190002,116.400002
116.830002,117.650002,116.459999,116.769997
116.410004,116.540001,115.839996,116.309998
115.849998,116.040001,115.639999,115.800003
114.889999,115.169998,114.660004,115.150002
116.330002,117.07,116.18,116.629997
116.610001,116.980003,116.389999,116.650002
116.279999,116.669998,116.230003,116.370003
116.440002,116.529999,115.739998,116.040001
116.260002,116.349998,115.900002,116.029999
115.769997,116.150002,115.5,115.779999
114.599998,114.75,114.139999,114.480003
114.010002,114.050003,113.580002,113.660004
113.720001,113.93,113.419998,113.699997
113.529999,115.059998,113.459999,114.639999
114.830002,114.989998,114.559998,114.769997
115.830002,115.879997,115.370003,115.620003
115.449997,115.919998,115.370003,115.669998
115.940002,115.949997,115.370003,115.669998
115.940002,116.349998,115.860001,115.860001
115.760002,115.879997,115.589996,115.769997
115.839996,115.870003,115.529999,115.639999
115.550003,115.629997,114.599998,114.949997
114.760002,116.07,114.589996,115.379997
115.970001,116.239998,115.559998,115.739998
115.419998,115.660004,115.040001,115.540001
116.599998,116.769997,116.300003,116.410004
117.370003,117.389999,116.93,117.120003
117.379997,117.690002,116.919998,117.139999
117.620003,118.230003,117.540001,118.089996
117.699997,117.940002,117.419998,117.68
117.669998,117.889999,117.349998,117.540001
117.699997,117.949997,117.610001,117.790001
117.540001,117.620003,117.260002,117.529999
116.629997,117.300003,116.580002,117.059998
117.370003,118.029999,117.349998,117.870003
117.849998,118.199997,117.809998,118.150002
118.239998,118.959999,117.400002,117.43
119.110001,119.739998,118.68,119.239998
119.190002,119.25,118.57,118.720001
119.57,120.139999,119.57,120.019997
120.620003,121.0,119.57,119.660004
120.57,120.900002,120.139999,120.57
120.800003,121.080002,120.720001,121.059998
120.980003,121.260002,120.830002,121.25
121.349998,121.75,120.879997,121.330002
121.779999,122.459999,121.730003,122.43
121.32,121.599998,120.690002,121.440002
122.160004,122.220001,121.57,121.860001
121.150002,121.709999,121.059998,121.529999
121.449997,122.339996,121.440002,122.309998
121.980003,122.18,121.57,121.589996
121.739998,122.050003,121.660004,121.800003
122.150002,122.239998,121.870003,122.089996
122.279999,122.379997,121.620003,121.879997
122.040001,122.440002,122.019997,122.269997
122.029999,122.260002,121.809998,122.110001
121.230003,121.519997,121.019997,121.019997
121.18,121.5,120.900002,121.449997
120.959999,121.540001,120.860001,121.279999
121.160004,121.360001,120.919998,121.089996
122.019997,122.910004,122.019997,122.860001
122.75,123.290001,122.720001,123.290001
123.709999,124.0,123.459999,123.980003
123.910004,125.07,123.699997,124.690002
125.18,125.230003,124.620003,124.75
124.889999,125.050003,124.370003,124.5
123.989998,124.290001,123.82,123.959999
124.290001,124.419998,124.050003,124.279999
124.160004,124.190002,123.400002,123.440002
123.800003,123.949997,123.440002,123.739998
124.050003,124.330002,123.980003,124.209999
123.190002,123.82,123.190002,123.599998
123.959999,124.029999,123.610001,123.860001
123.839996,124.550003,123.309998,123.370003
123.839996,124.199997,123.529999,124.059998
124.589996,125.0,124.18,124.800003
125.980003,126.790001,125.93,126.699997
127.0,127.209999,126.309998,126.480003
126.150002,126.220001,125.050003,125.050003
125.529999,125.949997,125.389999,125.5
125.779999,125.900002,125.230003,125.370003
125.330002,125.620003,125.050003,125.580002
125.169998,125.230003,124.400002,124.690002
124.709999,124.709999,123.980003,123.989998
123.480003,123.959999,121.870003,121.879997
121.559998,121.849998,121.18,121.559998
121.379997,121.730003,121.029999,121.720001
121.43,121.639999,121.260002,121.610001
121.269997,121.709999,121.18,121.510002
122.699997,122.889999,122.370003,122.839996
122.519997,122.540001,121.919998,122.239998
122.540001,123.029999,122.400002,122.980003
123.559998,123.879997,123.43,123.839996
122.330002,122.550003,122.120003,122.410004
123.059998,123.400002,122.910004,122.970001
123.300003,123.400002,122.889999,123.040001
123.720001,123.790001,123.339996,123.379997
123.660004,124.419998,122.650002,124.18
124.360001,124.370003,123.110001,123.68
123.93,124.220001,123.730003,123.970001
124.559998,125.110001,124.480003,124.919998
124.480003,124.510002,124.07,124.300003
124.349998,124.379997,123.559998,123.650002
122.279999,122.360001,121.709999,121.900002
122.639999,122.75,122.010002,122.010002
122.400002,122.43,121.459999,121.529999
121.720001,122.010002,121.68,121.980003
121.730003,122.010002,121.68,121.800003
121.099998,122.239998,120.959999,122.110001
121.879997,122.129997,121.660004,121.980003
122.970001,123.019997,122.400002,122.510002
123.260002,123.349998,123.029999,123.150002
123.220001,123.769997,123.190002,123.529999
122.540001,122.75,121.790001,121.949997
121.959999,122.309998,121.800003,121.830002
121.199997,121.82,121.099998,121.599998
120.379997,120.629997,120.190002,120.510002
120.459999,120.510002,120.199997,120.279999
120.239998,120.540001,120.150002,120.370003
120.459999,120.5,120.269997,120.370003
119.669998,120.199997,119.550003,120.120003
120.059998,120.720001,120.040001,120.470001
120.720001,121.099998,120.5,120.57
121.260002,121.669998,121.220001,121.370003
120.879997,120.910004,120.669998,120.830002
120.889999,121.360001,120.849998,121.199997
121.029999,121.550003,120.18,120.400002
119.690002,120.110001,119.540001,119.940002
120.559998,121.080002,120.480003,120.650002
120.610001,121.120003,120.540001,120.809998
121.019997,121.419998,120.910004,121.209999
121.540001,121.540001,120.769997,120.910004
120.959999,121.620003,120.860001,121.199997
121.410004,121.730003,121.300003,121.43
122.629997,122.849998,122.330002,122.669998
122.599998,122.660004,122.120003,122.459999
122.709999,122.769997,122.220001,122.389999
122.029999,122.07,121.190002,121.510002
121.029999,121.059998,120.330002,120.650002
120.510002,120.739998,120.419998,120.639999
120.080002,120.360001,119.830002,120.360001
120.349998,120.5,120.190002,120.239998
120.82,121.519997,120.769997,121.169998
121.129997,121.309998,120.889999,121.300003
120.800003,120.839996,120.459999,120.830002
121.110001,121.260002,120.75,120.870003
120.959999,121.690002,120.800003,121.690002
122.550003,123.400002,122.32,123.330002
124.089996,125.339996,123.900002,125.110001
124.879997,125.419998,124.610001,125.150002
126.18,126.370003,125.239998,125.470001
125.93,126.449997,125.800003,125.879997
126.790001,127.25,126.32,126.589996
125.459999,125.529999,125.07,125.330002
124.940002,125.400002,124.879997,125.18
125.599998,126.199997,125.559998,125.830002
126.029999,126.769997,125.959999,126.599998
127.209999,127.629997,126.260002,126.559998
126.699997,126.769997,126.169998,126.480003
127.580002,127.75,126.389999,127.120003
126.769997,127.989998,126.699997,127.889999
130.410004,131.490005,130.190002,131.110001
131.770004,132.169998,131.070007,131.979996
132.770004,134.039993,132.580002,133.940002
134.899994,135.550003,133.210007,134.199997
132.990005,133.550003,132.410004,132.970001
132.380005,132.970001,132.259995,132.839996
133.050003,133.339996,132.610001,133.199997
131.559998,131.759995,130.550003,130.619995
131.270004,133.630005,131.160004,133.410004
133.610001,134.100006,133.229996,133.630005
131.460007,132.320007,130.809998,132.139999
132.179993,132.339996,131.279999,131.289993
131.429993,132.100006,131.160004,131.75
132.940002,133.869995,132.350006,133.830002
133.580002,133.699997,132.410004,132.699997
132.889999,133.690002,132.529999,133.529999
133.179993,133.529999,132.809998,133.529999
133.179993,133.300003,132.130005,132.399994
133.0,134.600006,132.889999,134.580002
133.830002,136.630005,133.610001,136.479996
135.449997,136.029999,133.970001,134.470001
134.559998,134.820007,134.320007,134.449997
134.429993,134.949997,133.559998,133.690002
134.589996,134.839996,133.979996,134.369995
134.240005,134.279999,133.089996,133.419998
134.240005,134.289993,133.589996,133.639999
134.059998,134.729996,133.440002,134.529999
134.759995,135.179993,134.410004,134.979996
135.029999,135.419998,133.020004,133.210007
132.419998,136.429993,132.309998,136.410004
135.389999,136.600006,135.369995,135.889999
137.929993,138.639999,137.050003,137.789993
138.330002,139.029999,138.009995,138.910004
141.279999,142.470001,140.880005,141.020004
140.899994,142.369995,140.710007,141.729996
141.279999,142.029999,140.960007,141.259995
141.669998,143.380005,141.639999,142.630005
143.169998,143.289993,139.350006,141.779999
142.899994,143.75,142.050003,142.75
142.960007,144.020004,142.610001,143.699997
142.75,143.130005,141.800003,142.779999
141.330002,141.789993,140.850006,141.110001
141.770004,142.259995,141.600006,142.210007
141.619995,142.169998,141.460007,141.759995
141.389999,141.899994,141.169998,141.399994
141.839996,144.330002,141.639999,144.169998
144.350006,144.970001,143.910004,144.190002
144.300003,145.679993,144.270004,145.570007
145.389999,145.679993,144.639999,145.160004
145.399994,145.490005,143.279999,144.119995
143.839996,144.880005,143.020004,143.75
144.960007,146.130005,144.740005,145.75
145.539993,146.820007,145.5,146.660004
144.979996,145.009995,142.0,143.139999
143.639999,144.059998,141.860001,141.919998
142.369995,142.460007,141.179993,141.389999
141.229996,141.529999,140.160004,140.179993
140.339996,141.259995,140.279999,141.029999
142.679993,143.100006,141.110001,141.320007
141.729996,141.990005,140.059998,140.149994
141.600006,142.050003,141.020004,141.320007
141.820007,142.110001,141.220001,141.600006
141.929993,142.529999,139.809998,140.710007
141.570007,141.740005,141.089996,141.279999
141.610001,143.029999,141.460007,142.949997
143.220001,143.940002,143.070007,143.75
143.210007,144.770004,142.880005,144.509995
144.080002,144.289993,141.440002,141.830002
142.190002,142.570007,141.559998,141.789993
140.350006,141.679993,140.160004,141.059998
139.770004,140.210007,138.029999,138.869995
138.070007,140.190002,137.800003,139.630005
140.789993,141.880005,140.460007,141.259995
141.360001,143.25,141.289993,141.899994
141.479996,142.309998,141.139999,141.899994
141.160004,141.770004,140.240005,140.690002
142.029999,142.289993,141.169998,141.919998
142.160004,142.580002,141.619995,142.050003
141.589996,141.660004,140.580002,140.809998
139.970001,140.190002,138.910004,140.029999
140.449997,140.820007,140.339996,140.589996
140.270004,140.300003,139.210007,139.610001
140.139999,140.529999,139.699997,140.410004
140.5,141.119995,140.419998,140.610001
140.5,140.710007,140.320007,140.460007
140.720001,140.759995,139.600006,139.789993
140.130005,140.300003,139.720001,140.199997
140.589996,141.0,140.5,140.529999
141.020004,141.740005,140.929993,141.529999
142.789993,142.830002,141.399994,141.860001
141.25,141.25,140.399994,140.639999
140.0,140.630005,139.779999,140.25
140.539993,141.039993,139.550003,141.020004
141.979996,142.690002,141.889999,142.429993
142.210007,142.899994,142.009995,142.559998
142.259995,142.449997,141.740005,142.149994
140.649994,140.889999,139.380005,139.850006
140.119995,140.789993,140.0,140.449997
140.110001,140.199997,137.600006,138.270004
137.729996,138.330002,137.389999,137.389999
137.610001,137.789993,136.440002,137.059998
137.029999,137.589996,136.190002,137.429993
137.800003,138.220001,137.639999,137.979996
138.389999,138.940002,137.869995,138.559998
138.029999,138.419998,137.970001,138.210007
138.440002,138.850006,138.300003,138.619995
138.130005,138.970001,138.130005,138.690002
138.529999,139.0,138.100006,138.759995
138.389999,138.559998,137.770004,138.0
138.369995,138.460007,137.660004,137.740005
137.320007,137.619995,136.990005,137.080002
136.979996,137.800003,136.580002,137.740005
137.029999,137.210007,136.830002,137.009995
137.100006,138.130005,137.080002,137.860001
137.320007,138.089996,137.300003,137.789993
139.039993,139.570007,138.970001,139.110001
139.160004,139.169998,138.589996,138.919998
138.800003,139.449997,138.789993,139.0
137.759995,137.830002,137.399994,137.619995
137.800003,137.809998,137.449997,137.580002
138.25,138.330002,137.740005,137.970001
138.199997,139.300003,138.119995,138.919998
139.779999,139.850006,137.880005,138.429993
138.520004,139.210007,137.979996,139.050003
139.199997,139.389999,138.800003,139.039993
139.020004,139.300003,138.850006,139.009995
138.860001,139.25,138.809998,139.020004
139.039993,139.550003,138.869995,139.380005
139.369995,139.520004,138.979996,139.520004
139.529999,139.960007,139.529999,139.949997
140.440002,141.330002,140.429993,141.270004
142.059998,142.470001,141.910004,142.380005
142.259995,142.729996,142.169998,142.330002
142.559998,142.800003,142.460007,142.630005
143.309998,143.600006,142.800003,142.899994
143.860001,144.210007,143.399994,143.949997
145.75,146.320007,145.399994,145.860001
148.440002,148.479996,146.949997,147.389999
147.570007,148.139999,147.429993,147.970001
148.490005,148.610001,146.139999,146.860001
146.070007,146.410004,145.440002,146.029999
146.220001,146.990005,146.169998,146.910004
146.350006,146.380005,145.779999,145.820007
145.419998,145.809998,145.080002,145.690002
146.210007,146.729996,145.820007,146.539993
146.270004,146.470001,145.759995,146.309998
146.509995,146.990005,146.309998,146.580002
145.770004,146.860001,145.550003,146.740005
146.679993,146.809998,146.380005,146.789993
147.0,147.619995,146.619995,147.119995
146.899994,148.380005,146.889999,147.979996
149.240005,149.320007,148.460007,148.990005
148.360001,148.559998,147.529999,147.660004
147.699997,148.559998,147.610001,148.460007
148.690002,149.309998,148.009995,148.470001
148.880005,149.679993,148.809998,149.330002
148.660004,148.779999,147.679993,148.360001
146.970001,147.029999,145.800003,146.429993
146.380005,146.809998,146.160004,146.610001
147.279999,147.630005,147.0,147.399994
147.830002,148.179993,147.339996,147.789993
148.210007,148.449997,147.910004,148.169998
148.029999,148.160004,147.009995,147.660004
147.419998,147.809998,147.160004,147.539993
148.240005,148.580002,147.949997,148.380005
148.740005,149.130005,148.630005,149.0
149.880005,151.089996,149.470001,150.910004
151.0,151.820007,150.820007,151.789993
152.0,152.830002,151.949997,152.410004
154.429993,155.220001,154.179993,154.699997
158.5,158.529999,155.360001,156.089996
155.119995,156.080002,152.910004,153.300003
153.820007,155.279999,152.899994,153.970001
155.580002,156.270004,153.899994,154.0
152.710007,152.770004,147.050003,148.380005
150.0,150.729996,149.039993,149.199997
150.839996,155.240005,150.740005,153.889999
154.399994,154.960007,153.699997,154.160004
156.059998,157.619995,155.720001,157.490005
158.330002,159.25,154.539993,157.550003
158.600006,159.369995,156.330002,157.809998
156.179993,156.410004,154.389999,154.479996
156.25,156.5,153.610001,153.929993
151.529999,151.550003,146.850006,147.789993
149.419998,149.600006,141.580002,143.279999
137.559998,142.960007,136.119995,141.639999
140.179993,146.199997,139.929993,143.559998
141.75,142.880005,138.5,140.699997
139.080002,140.5,137.850006,138.039993
140.710007,141.169998,139.139999,140.110001
142.679993,146.929993,142.279999,146.300003
153.5,155.660004,152.050003,153.399994
152.580002,152.880005,151.009995,151.300003
153.309998,154.809998,152.080002,153.240005
153.0,153.550003,152.0,152.25
152.410004,153.080002,151.570007,152.919998
151.360001,151.800003,147.970001,148.050003
148.199997,150.080002,147.850006,149.449997
151.199997,152.5,150.699997,151.899994
152.229996,153.089996,151.660004,152.649994
154.160004,157.220001,153.960007,156.880005
155.330002,156.139999,154.380005,156.039993
155.910004,155.940002,154.589996,154.649994
158.080002,159.080002,157.210007,158.690002
159.169998,162.380005,158.630005,161.410004
162.729996,164.419998,161.779999,162.679993
161.800003,162.539993,160.809998,161.850006
161.880005,163.149994,160.649994,161.710007
159.720001,160.070007,158.119995,158.570007
158.619995,160.220001,158.460007,159.699997
157.600006,159.210007,157.039993,158.610001
160.5,161.740005,160.419998,161.729996
162.389999,163.600006,161.839996,163.339996
163.130005,163.309998,160.889999,162.639999
161.880005,162.0,160.410004,161.559998
160.889999,160.979996,159.160004,160.839996
160.100006,161.850006,159.759995,161.729996
160.220001,160.820007,158.130005,158.800003
158.0,160.449997,157.800003,159.779999
160.330002,160.949997,159.910004,160.339996
160.160004,161.100006,159.330002,161.020004
158.990005,159.809998,158.100006,158.949997
159.5,161.960007,159.360001,161.389999
161.080002,162.0,160.0,160.419998
160.339996,160.710007,158.889999,159.419998
160.300003,160.949997,159.720001,160.039993
160.940002,161.619995,160.539993,161.580002
161.529999,163.339996,161.509995,163.009995
164.020004,164.800003,163.080002,163.929993
164.330002,164.5,162.410004,162.690002
163.600006,164.429993,163.039993,164.259995
164.539993,164.960007,163.889999,164.649994
163.460007,163.580002,161.369995,162.25
162.880005,163.470001,162.740005,163.210007
162.580002,162.580002,160.690002,160.889999
159.419998,161.339996,159.199997,161.179993
162.119995,162.460007,160.899994,161.720001
162.580002,163.399994,162.320007,162.910004
162.919998,163.740005,162.389999,163.660004
163.889999,164.080002,161.860001,162.600006
160.339996,160.899994,158.820007,159.600006
161.139999,161.869995,159.839996,161.279999
158.720001,158.720001,157.039993,158.009995
158.899994,159.860001,158.470001,159.720001
161.100006,161.779999,160.869995,161.259995
162.100006,163.630005,160.520004,163.570007
163.350006,164.059998,161.970001,162.389999
163.410004,163.880005,162.559998,162.619995
160.520004,162.559998,160.160004,162.330002
161.850006,162.690002,161.360001,162.25
162.0,162.619995,161.770004,162.559998
162.199997,162.320007,161.440002,162.240005
162.869995,164.089996,162.779999,164.029999
165.059998,165.729996,164.410004,165.089996
165.630005,166.520004,165.520004,166.479996
166.009995,166.990005,165.449997,165.899994
165.889999,165.910004,165.160004,165.800003
164.869995,166.559998,164.220001,166.539993
166.559998,166.800003,166.179993,166.630005
166.309998,167.990005,166.190002,167.369995
167.050003,167.059998,165.339996,166.619995
166.199997,167.240005,166.020004,166.979996
167.75,168.0,167.190002,167.979996
167.410004,169.039993,167.380005,169.039993
170.320007,170.860001,169.779999,170.089996
170.479996,170.639999,168.779999,169.630005
169.949997,170.149994,168.570007,169.190002
170.289993,170.419998,169.160004,169.399994
168.970001,170.199997,168.809998,170.190002
169.619995,170.429993,169.389999,170.339996
169.800003,170.0,168.649994,168.729996
169.940002,170.270004,169.610001,170.119995
170.759995,171.070007,170.270004,170.940002
172.529999,173.25,172.309998,173.0
174.050003,175.770004,173.759995,175.630005
176.169998,178.410004,175.649994,177.179993
179.139999,179.160004,178.199997,178.699997
181.850006,182.830002,181.529999,182.229996
182.020004,184.259995,181.419998,183.75
184.009995,186.139999,182.389999,185.130005
183.440002,184.330002,182.130005,183.759995
184.509995,185.75,184.169998,185.429993
185.050003,185.820007,184.199997,185.639999
185.610001,189.600006,185.210007,189.589996
191.649994,193.130005,190.619995,191.350006
193.740005,194.449997,192.520004,193.889999
192.710007,192.960007,189.330002,190.809998
191.199997,192.610001,189.660004,190.149994
183.570007,183.979996,179.429993,179.940002
182.610001,183.100006,179.039993,179.100006
181.559998,184.699997,181.360001,183.330002
183.440002,183.720001,181.490005,182.539993
184.690002,187.009995,184.660004,186.5
189.179993,189.399994,185.630005,188.179993
187.210007,187.460007,181.710007,182.240005
181.190002,183.710007,180.929993,183.5
182.139999,182.809998,180.470001,182.029999
182.910004,182.929993,180.690002,181.0
181.059998,181.25,179.729996,181.220001
180.259995,183.580002,180.199997,183.360001
185.0,185.169998,179.369995,181.240005
183.979996,185.399994,183.399994,184.389999
184.789993,185.529999,184.279999,184.830002
186.990005,186.990005,184.330002,185.050003
183.75,183.860001,181.5,182.619995
182.300003,182.820007,180.490005,181.139999
180.949997,182.100006,180.050003,181.639999
179.5,182.270004,179.020004,181.289993
182.5,183.220001,182.190002,183.050003
184.229996,184.679993,182.279999,182.460007
183.139999,183.550003,182.009995,182.449997
183.570007,184.300003,183.389999,183.889999
184.460007,184.669998,182.919998,183.449997
184.979996,185.009995,183.330002,183.970001
181.919998,183.089996,181.479996,182.960007
183.070007,184.089996,182.639999,183.199997
179.839996,180.289993,176.75,179.520004
179.630005,180.020004,178.110001,178.649994
176.979996,177.259995,174.100006,174.789993
174.360001,176.240005,173.770004,175.440002
174.410004,175.300003,173.889999,174.940002
175.830002,176.809998,175.089996,176.699997
177.190002,178.330002,176.949997,178.190002
177.710007,178.610001,176.660004,177.119995
178.710007,179.5,178.039993,178.699997
178.690002,179.289993,178.160004,178.539993
179.020004,180.139999,178.899994,179.410004
180.160004,180.369995,177.050003,177.300003
177.089996,177.419998,176.429993,177.220001
178.179993,178.449997,176.669998,177.850006
180.130005,181.169998,179.929993,181.080002
180.570007,180.830002,180.190002,180.559998
178.559998,178.600006,177.100006,177.720001
179.089996,179.589996,178.270004,178.270004
177.710007,179.149994,177.589996,178.919998
179.220001,179.320007,178.130005,178.300003
179.410004,179.479996,178.369995,178.389999
178.539993,179.669998,178.080002,179.25
180.470001,181.309998,180.229996,180.600006
178.880005,179.029999,177.720001,178.830002
179.089996,179.199997,177.759995,178.639999
178.75,179.139999,178.220001,178.550003
178.710007,179.429993,178.509995,179.020004
176.449997,176.850006,175.440002,176.130005
175.020004,176.139999,174.830002,175.399994
177.179993,177.360001,175.949997,176.199997
177.449997,177.929993,177.130005,177.910004
178.949997,179.389999,178.300003,178.919998
178.929993,179.190002,177.660004,178.820007
181.0,183.289993,180.970001,182.929993
183.399994,183.529999,182.190002,183.190002
176.419998,176.449997,173.639999,175.080002
176.75,176.910004,175.660004,175.660004
174.699997,175.279999,174.440002,174.899994
176.039993,176.770004,175.839996,175.960007
177.649994,177.800003,176.839996,177.160004
177.229996,177.910004,176.869995,177.149994
177.25,177.440002,176.089996,176.5
176.259995,176.860001,175.350006,175.490005
174.300003,175.220001,174.169998,175.160004
176.119995,176.380005,175.580002,175.690002
175.100006,175.240005,171.779999,172.229996
169.300003,169.690002,168.860001,169.589996
169.979996,170.520004,169.240005,169.509995
166.899994,167.830002,166.779999,167.789993
166.679993,167.429993,166.029999,166.669998
169.759995,170.479996,169.300003,170.179993
170.570007,171.759995,170.149994,171.460007
172.639999,172.850006,171.080002,172.809998
172.779999,173.320007,171.589996,172.320007
172.559998,175.289993,172.509995,174.889999
175.509995,175.929993,174.720001,175.5
173.919998,174.039993,171.240005,172.5
172.899994,173.580002,171.699997,172.169998
172.25,173.320007,172.110001,172.490005
171.910004,172.520004,170.910004,171.539993
173.429993,173.979996,173.059998,173.940002
174.130005,175.020004,173.020004,174.899994
177.149994,177.869995,176.580002,176.740005
176.649994,176.979996,176.100006,176.440002
176.289993,176.940002,175.759995,175.880005
176.199997,176.339996,174.339996,174.490005
175.100006,176.210007,175.059998,175.649994
175.550003,176.369995,175.509995,176.350006
177.259995,177.910004,175.630005,175.710007
176.25,176.970001,175.570007,176.350006
176.440002,177.720001,176.440002,177.699997
178.070007,178.399994,177.320007,178.360001
181.970001,182.399994,180.960007,182.330002
182.869995,183.210007,181.820007,182.869995
181.490005,181.580002,178.240005,179.899994
179.690002,179.919998,178.839996,179.479996
176.830002,176.990005,171.479996,173.339996
172.139999,173.679993,172.029999,173.0
173.130005,174.179993,172.320007,174.119995
173.679993,174.460007,173.050003,173.369995
173.440002,174.220001,172.660004,173.279999
172.839996,173.070007,170.979996,171.130005
172.710007,172.850006,171.919998,172.580002
174.369995,175.470001,173.820007,175.389999
175.110001,175.509995,174.509995,175.279999
172.889999,174.289993,172.350006,173.899994
174.820007,174.960007,173.190002,174.050003
173.979996,174.259995,173.419998,173.619995
172.929993,173.520004,171.660004,172.520004
174.279999,174.729996,172.039993,172.679993
174.869995,175.160004,172.610001,172.610001
175.020004,175.259995,174.059998,174.229996
172.490005,172.529999,171.509995,172.110001
172.360001,172.589996,171.5,171.850006
168.289993,168.399994,167.339996,168.149994
168.990005,170.179993,168.669998,169.809998
171.979996,172.399994,171.490005,171.520004
172.570007,173.029999,171.75,172.080002
173.149994,173.220001,172.009995,172.710007
172.699997,172.869995,170.710007,171.210007
170.289993,171.649994,169.880005,170.690002
168.139999,170.070007,167.729996,168.240005
166.919998,167.339996,165.850006,166.330002
166.979996,167.300003,165.729996,166.320007
166.759995,167.940002,166.600006,167.009995
168.539993,169.889999,168.300003,169.509995
169.479996,169.740005,168.279999,169.119995
167.649994,169.139999,167.149994,169.0
166.919998,167.660004,165.449997,165.820007
165.0,165.100006,160.949997,161.809998
163.029999,163.350006,161.160004,161.529999
161.929993,162.929993,161.220001,162.410004
160.610001,161.690002,159.490005,160.619995
160.600006,161.460007,158.429993,159.039993
159.660004,159.820007,158.550003,159.139999
158.580002,158.740005,157.130005,157.490005
160.75,161.25,160.419998,160.839996
161.059998,161.779999,160.660004,161.660004
161.470001,161.979996,161.119995,161.520004
159.539993,161.690002,159.350006,161.490005
162.309998,162.550003,161.429993,162.199997
162.360001,163.199997,161.809998,162.350006
162.270004,164.149994,161.479996,163.509995
161.149994,162.820007,161.110001,162.559998
162.559998,163.429993,162.429993,163.240005
162.270004,163.130005,162.160004,163.0
162.449997,162.490005,161.589996,161.809998
162.210007,162.889999,161.940002,162.369995
163.059998,163.580002,161.320007,161.779999
161.710007,162.729996,161.649994,162.240005
161.460007,161.520004,159.830002,160.309998
157.940002,158.199997,157.550003,157.570007
158.059998,160.679993,158.050003,159.960007
161.559998,162.110001,161.279999,161.979996
161.520004,162.399994,161.360001,161.919998
162.789993,163.529999,162.75,163.220001
162.820007,163.309998,162.5,162.759995
164.169998,164.770004,164.139999,164.509995
162.75,163.660004,162.479996,163.270004
162.729996,162.800003,161.809998,162.279999
163.179993,163.850006,163.029999,163.429993
162.770004,163.050003,162.300003,162.720001
164.070007,165.789993,164.029999,165.350006
166.240005,166.809998,165.940002,166.350006
165.910004,166.440002,165.720001,165.889999
165.649994,166.809998,165.619995,166.479996
167.179993,168.389999,167.149994,168.130005
167.110001,167.529999,166.490005,167.039993
167.369995,167.529999,165.779999,166.399994
166.630005,166.869995,166.050003,166.839996
166.919998,167.149994,166.279999,166.419998
165.75,166.960007,165.490005,166.910004
165.580002,166.259995,164.470001,166.220001
165.860001,166.0,165.240005,165.660004
167.610001,168.429993,167.410004,167.809998
167.690002,168.550003,165.5,166.580002
166.630005,167.309998,166.610001,167.270004
167.949997,170.289993,167.919998,170.059998
171.529999,172.550003,171.0,171.589996
172.740005,172.839996,171.779999,172.110001
170.559998,172.169998,170.270004,172.139999
171.429993,171.839996,170.350006,170.429993
170.350006,171.270004,170.229996,171.130005
172.050003,172.699997,171.820007,172.690002
173.300003,175.0,173.279999,174.699997
175.179993,175.210007,174.460007,175.039993
175.139999,177.0,174.350006,175.160004
175.320007,176.460007,175.110001,175.960007
176.580002,176.860001,175.149994,176.039993
176.149994,176.589996,175.869995,176.350006
176.149994,177.949997,176.039993,177.949997
178.369995,178.610001,177.039993,177.639999
177.389999,177.820007,176.809998,177.710007
177.460007,178.429993,177.240005,178.380005
178.759995,178.850006,177.190002,177.899994
178.339996,178.779999,177.970001,178.770004
175.830002,175.830002,174.660004,175.270004
176.649994,177.570007,176.610001,177.160004
176.960007,177.899994,176.630005,177.869995
177.229996,177.539993,176.369995,177.320007
177.380005,177.800003,176.779999,176.979996
176.699997,177.850006,176.479996,177.740005
176.330002,176.570007,175.479996,175.740005
173.160004,175.059998,172.949997,174.710007
174.779999,174.919998,173.339996,174.050003
173.910004,174.470001,171.029999,171.110001
167.020004,167.619995,165.440002,165.850006
166.139999,166.720001,164.869995,164.929993
166.520004,167.220001,166.0,166.949997
166.350006,166.919998,166.009995,166.25
166.970001,168.029999,165.970001,166.139999
167.0,167.229996,166.009995,166.039993
167.449997,167.529999,166.289993,166.589996
166.679993,166.910004,166.360001,166.580002
164.339996,165.279999,164.009995,164.830002
164.570007,166.100006,164.289993,165.630005
166.649994,166.880005,165.5,166.199997
167.350006,167.720001,166.399994,167.289993
169.270004,169.649994,167.539993,168.119995
168.720001,169.229996,168.190002,168.759995
169.820007,169.860001,167.910004,168.649994
168.839996,169.619995,168.660004,169.210007
168.699997,169.160004,167.639999,169.0
169.509995,169.899994,168.929993,169.220001
170.910004,171.039993,170.279999,171.039993
170.889999,171.300003,170.339996,171.070007
170.649994,170.949997,169.279999,169.410004
169.509995,169.910004,168.889999,169.610001
170.509995,170.800003,168.919998,169.389999
168.330002,169.0,168.139999,168.759995
168.490005,169.190002,168.059998,169.089996
168.5,168.880005,167.949997,168.559998
168.580002,168.860001,168.080002,168.160004
168.729996,168.910004,167.929993,168.440002
168.259995,169.380005,167.720001,169.289993
170.699997,171.520004,170.669998,171.169998
170.720001,170.990005,169.380005,169.820007
169.300003,170.25,169.100006,169.610001
169.419998,169.830002,169.210007,169.490005
171.279999,171.399994,168.990005,169.529999
169.369995,169.440002,168.199997,168.860001
165.839996,165.929993,164.550003,164.639999
163.009995,163.289993,161.259995,161.720001
161.389999,162.110001,160.679993,161.770004
163.149994,164.169998,162.679993,164.0
163.649994,164.100006,162.929993,164.039993
165.020004,166.460007,164.889999,166.389999
166.729996,167.389999,166.589996,167.220001
167.289993,167.729996,166.559998,166.970001
167.240005,167.509995,166.259995,167.100006
167.240005,167.289993,166.160004,166.610001
166.800003,167.139999,166.360001,166.699997
168.820007,168.910004,167.960007,168.729996
169.039993,169.270004,168.520004,168.649994
167.880005,167.919998,166.740005,167.479996
167.210007,168.210007,166.830002,167.669998
167.580002,170.190002,166.869995,170.190002
169.660004,169.839996,169.089996,169.350006
169.229996,169.919998,168.75,169.690002
169.940002,170.0,169.160004,169.699997
169.5,169.630005,168.820007,169.25
170.589996,171.550003,170.149994,171.059998
169.559998,169.779999,167.630005,167.710007
168.020004,168.080002,166.699997,167.289993
168.169998,168.279999,166.830002,168.029999
167.809998,168.080002,167.149994,167.179993
167.449997,168.220001,167.399994,167.740005
168.220001,169.160004,167.479996,168.820007
168.130005,168.360001,167.449997,167.830002
164.380005,164.440002,163.229996,164.029999
163.860001,164.320007,163.399994,163.770004
164.289993,165.279999,164.070007,164.940002
165.809998,166.630005,165.490005,166.039993
165.889999,167.149994,165.029999,165.419998
164.100006,164.199997,163.270004,163.509995
163.0,164.0,162.740005,163.300003
163.850006,164.360001,163.509995,163.639999
162.729996,162.820007,161.729996,162.050003
162.350006,162.740005,160.970001,161.320007
162.660004,164.949997,162.339996,164.220001
164.270004,164.960007,163.889999,164.589996
163.690002,165.539993,163.470001,165.360001
163.940002,164.850006,163.490005,164.589996
164.229996,165.059998,164.149994,165.029999
164.020004,164.850006,163.960007,164.160004
166.320007,166.419998,164.139999,164.229996
164.039993,164.580002,163.910004,163.919998
164.570007,165.440002,164.309998,164.660004
165.279999,167.919998,165.279999,167.589996
168.190002,168.220001,167.710007,168.0
165.389999,166.089996,165.100006,165.330002
165.419998,165.589996,164.809998,164.919998
166.5,166.5,165.199997,165.449997
166.210007,167.110001,165.929993,166.899994
166.699997,166.940002,166.240005,166.75
168.669998,169.539993,166.669998,167.770004
168.660004,169.210007,168.529999,168.929993
167.880005,167.910004,166.630005,167.679993
167.729996,168.199997,166.860001,168.119995
168.979996,169.25,167.529999,168.080002
166.289993,166.729996,165.639999,166.649994
167.380005,167.839996,166.910004,167.520004
167.429993,167.630005,166.960007,167.160004
165.339996,165.949997,164.380005,165.770004
167.509995,168.139999,167.369995,167.649994
168.419998,169.940002,167.850006,169.839996
170.429993,170.699997,170.059998,170.449997
170.729996,171.309998,170.119995,171.289993
173.669998,174.649994,172.110001,173.149994
173.979996,174.270004,173.740005,174.119995
173.509995,174.669998,173.399994,174.449997
174.100006,174.589996,173.690002,174.179993
173.970001,174.479996,172.860001,172.919998
174.240005,174.610001,173.889999,174.5
173.960007,174.360001,173.529999,173.940002
173.690002,174.100006,172.240005,172.610001
169.899994,170.440002,168.419998,168.740005
167.279999,167.600006,166.529999,167.279999
166.580002,167.440002,166.320007,167.119995
168.600006,168.639999,166.369995,166.850006
166.839996,167.259995,166.380005,166.619995
167.770004,169.009995,165.369995,165.5
166.839996,167.470001,166.059998,166.160004
165.889999,165.940002,164.630005,165.240005
165.490005,166.929993,165.0,166.630005
166.139999,166.800003,165.929993,166.220001
166.199997,167.080002,166.179993,166.809998
166.509995,166.960007,166.279999,166.899994
166.539993,166.580002,165.649994,165.880005
166.720001,166.919998,166.179993,166.580002
166.899994,167.259995,166.669998,167.0
165.339996,166.139999,165.160004,165.440002
165.270004,166.399994,163.800003,166.149994
167.009995,168.179993,166.940002,168.160004
168.729996,169.130005,167.779999,167.800003
167.880005,168.0,167.059998,167.089996
167.690002,167.779999,166.740005,167.020004
167.580002,168.639999,167.110001,168.589996
168.690002,169.160004,168.009995,168.970001
168.960007,169.419998,168.779999,169.369995
169.330002,169.649994,168.619995,168.639999
167.360001,168.690002,167.279999,168.589996
168.429993,169.809998,168.369995,169.800003
170.529999,171.039993,170.039993,170.960007
168.860001,169.009995,168.0,168.330002
168.899994,169.720001,168.729996,169.570007
170.619995,170.929993,168.899994,169.059998
167.160004,167.75,166.860001,166.990005
167.369995,168.009995,166.860001,167.75
167.360001,168.300003,167.309998,168.259995
168.440002,170.309998,168.369995,170.289993
170.190002,170.75,170.009995,170.740005
170.089996,170.220001,169.270004,170.160004
170.220001,170.559998,169.479996,169.669998
169.639999,170.009995,169.089996,169.389999
170.389999,172.190002,170.199997,172.080002
172.309998,172.600006,171.589996,171.649994
172.039993,172.119995,170.740005,171.089996
171.779999,172.139999,170.850006,172.029999
171.949997,173.149994,171.779999,172.580002
171.389999,171.729996,169.479996,169.789993
168.020004,169.089996,167.330002,167.600006
166.559998,167.460007,166.369995,167.100006
167.789993,168.139999,167.460007,168.089996
168.570007,168.850006,167.869995,168.229996
168.339996,169.119995,168.160004,168.839996
168.309998,168.820007,167.029999,168.600006
168.039993,169.100006,167.990005,168.860001
169.449997,170.300003,169.190002,170.110001
170.100006,170.779999,169.949997,170.630005
170.679993,171.419998,170.550003,171.210007
170.520004,171.990005,170.460007,170.559998
170.75,174.199997,170.710007,173.809998
173.779999,175.0,173.679993,174.740005
173.100006,173.339996,172.389999,173.080002
173.490005,174.860001,173.479996,174.860001
176.699997,177.529999,176.389999,177.25
177.070007,177.25,176.509995,177.119995
177.669998,178.070007,176.820007,177.490005
177.389999,178.389999,177.360001,178.289993
182.589996,182.600006,175.270004,177.139999
176.419998,176.789993,175.789993,176.550003
178.860001,178.990005,176.5,178.380005
179.050003,181.759995,179.029999,181.619995
180.130005,180.710007,178.789993,179.729996
179.960007,181.300003,179.5,180.800003
182.110001,183.979996,181.360001,183.679993
184.449997,186.639999,184.220001,186.410004
188.350006,193.300003,188.259995,191.509995
186.039993,187.229996,184.759995,185.820007
186.880005,187.380005,184.990005,186.399994
183.740005,185.779999,183.440002,185.089996
183.029999,183.289993,181.949997,182.300003
179.100006,180.270004,178.009995,178.889999
179.130005,180.119995,176.869995,180.009995
181.160004,182.029999,180.649994,180.889999
179.929993,180.929993,179.039993,179.300003
179.330002,181.289993,179.320007,180.669998
179.600006,179.710007,178.320007,179.360001
180.289993,181.889999,179.759995,181.809998
182.350006,183.509995,181.770004,183.130005
181.809998,183.130005,181.350006,182.380005
180.380005,181.330002,178.850006,179.059998
177.020004,179.330002,176.690002,179.139999
179.759995,180.919998,179.679993,180.580002
180.910004,181.960007,180.559998,180.649994
179.550003,180.460007,178.979996,179.5
180.240005,180.809998,179.580002,180.369995
180.910004,181.490005,178.929993,179.240005
179.779999,180.309998,178.699997,179.660004
179.869995,180.880005,179.800003,180.339996
180.520004,181.820007,180.520004,181.470001
183.169998,183.330002,181.110001,182.369995
184.039993,184.639999,182.960007,183.770004
184.5,184.940002,184.130005,184.649994
184.279999,184.410004,182.880005,184.039993
185.949997,186.100006,184.389999,184.610001
183.190002,183.649994,181.330002,181.820007
181.589996,182.720001,181.350006,182.710007
181.770004,182.320007,180.779999,182.059998
180.720001,181.610001,179.740005,180.289993
177.169998,177.509995,176.479996,177.050003
177.949997,178.300003,176.919998,177.320007
176.460007,176.639999,175.5,175.979996
175.919998,176.970001,175.690002,176.929993
178.070007,178.619995,176.710007,176.910004
173.610001,174.649994,172.979996,173.630005
173.889999,175.210007,173.850006,174.089996
174.320007,176.350006,173.669998,175.800003
177.559998,177.610001,174.660004,175.130005
175.389999,176.559998,174.860001,175.419998
174.270004,174.270004,172.789993,172.880005
173.800003,173.960007,171.199997,171.419998
172.509995,173.320007,172.199997,172.820007
172.070007,172.399994,169.899994,170.169998
168.309998,169.619995,168.009995,168.789993
168.429993,170.429993,168.339996,170.399994
170.440002,170.529999,169.139999,169.330002
169.009995,170.210007,168.809998,169.419998
171.550003,172.520004,170.889999,171.910004
171.710007,172.240005,170.889999,172.029999
173.130005,173.380005,172.279999,172.830002
173.470001,174.410004,173.350006,174.130005
172.789993,173.160004,171.729996,173.080002
172.130005,172.929993,171.759995,172.759995
173.490005,173.520004,172.639999,172.850006
172.710007,173.070007,171.080002,171.139999
172.210007,172.529999,171.389999,172.229996
173.660004,174.449997,173.490005,174.350006
173.529999,173.970001,172.25,172.580002
172.809998,172.889999,171.649994,171.820007
172.110001,173.050003,171.990005,172.940002
172.889999,173.449997,172.669998,172.779999
172.449997,172.589996,171.580002,172.229996
170.889999,174.940002,170.460007,174.539993
171.179993,171.339996,169.610001,169.929993
169.610001,169.729996,168.300003,168.570007
170.399994,171.839996,169.080002,170.770004
170.559998,172.770004,170.169998,172.690002
172.149994,172.300003,170.970001,171.270004
171.059998,171.910004,170.470001,170.630005
171.610001,172.300003,171.100006,171.309998
171.389999,172.130005,169.899994,170.259995
170.240005,170.740005,169.850006,170.089996
170.600006,170.669998,169.75,169.899994
170.070007,170.210007,169.509995,169.619995
170.580002,170.699997,169.169998,169.490005
169.509995,169.960007,168.240005,168.460007
167.139999,168.679993,166.960007,168.320007
167.179993,167.330002,164.410004,164.75
164.320007,164.570007,161.470001,162.139999
162.429993,163.039993,162.059998,162.229996
162.350006,163.380005,161.839996,162.300003
161.929993,162.440002,161.380005,161.429993
161.220001,161.619995,160.720001,160.830002
160.100006,162.710007,160.059998,161.600006
159.020004,159.830002,158.220001,159.330002
159.009995,159.25,158.350006,159.009995
160.080002,160.429993,159.050003,159.160004
159.470001,159.869995,159.330002,159.539993
159.710007,159.820007,158.029999,158.039993
158.309998,160.309998,158.270004,160.270004
160.550003,162.130005,160.350006,160.669998
160.639999,160.699997,159.809998,160.229996
160.229996,160.5,159.789993,160.039993
160.020004,162.210007,159.509995,161.669998
163.309998,163.759995,162.880005,163.639999
163.889999,164.690002,163.279999,164.100006
164.979996,165.410004,164.410004,165.029999
165.660004,166.460007,164.020004,164.050003
164.770004,164.910004,163.479996,164.449997
165.529999,167.309998,165.339996,167.169998
164.990005,165.839996,164.869995,165.289993
166.029999,166.809998,165.929993,166.690002
167.479996,167.800003,166.820007,167.199997
167.389999,167.979996,166.619995,166.779999
167.160004,167.660004,166.309998,166.339996
167.169998,167.940002,166.830002,167.869995
165.990005,166.25,165.440002,165.710007
165.309998,165.720001,165.179993,165.419998
165.210007,165.229996,163.949997,164.350006
164.600006,164.910004,163.539993,163.919998
163.649994,163.740005,162.619995,162.720001
161.660004,162.119995,161.360001,161.639999
161.960007,163.429993,161.910004,162.770004
162.440002,163.610001,162.369995,163.25
163.970001,163.990005,163.240005,163.75
163.119995,163.610001,161.550003,161.759995
161.880005,162.619995,161.699997,161.860001
161.270004,161.429993,160.339996,160.509995
159.5,160.570007,159.259995,159.270004
158.169998,158.389999,157.320007,157.869995
159.350006,160.059998,159.139999,159.259995
159.169998,159.460007,158.320007,158.330002
158.149994,160.149994,158.080002,159.940002
159.539993,159.860001,158.710007,158.979996
159.720001,160.240005,159.410004,159.820007
161.039993,161.619995,160.550003,160.630005
158.470001,159.270004,158.389999,158.539993
158.679993,158.979996,157.729996,157.929993
156.759995,157.490005,154.619995,154.979996
154.660004,156.559998,154.339996,155.839996
154.869995,156.039993,154.820007,155.960007
155.029999,155.229996,154.589996,155.070007
155.970001,157.25,154.009995,155.789993
156.259995,156.479996,155.309998,155.699997
153.899994,154.0,152.639999,153.009995
153.220001,153.509995,151.029999,151.229996
152.25,152.729996,151.5,151.539993
153.199997,154.880005,152.929993,154.690002
154.139999,155.029999,153.160004,154.660004
154.940002,156.039993,154.570007,154.669998
155.440002,158.479996,155.229996,158.429993
159.179993,161.080002,158.919998,160.699997
159.320007,160.080002,158.380005,159.809998
159.410004,159.940002,158.949997,159.630005
158.460007,158.979996,157.679993,157.880005
155.940002,156.350006,155.119995,155.479996
155.490005,156.809998,154.919998,155.160004
155.509995,156.289993,155.259995,155.990005
153.479996,155.729996,152.919998,154.910004
154.020004,154.199997,152.720001,152.979996
154.919998,155.330002,153.320007,153.419998
154.080002,154.240005,153.240005,153.75
152.089996,152.490005,151.539993,151.690002
151.919998,153.229996,151.270004,151.449997
151.979996,154.309998,151.830002,154.149994
153.449997,154.059998,153.059998,153.649994
153.960007,154.789993,153.830002,154.0
154.779999,155.729996,154.779999,154.979996
154.710007,155.089996,154.220001,154.740005
152.960007,153.539993,152.5,153.160004
152.160004,152.869995,151.889999,151.910004
153.820007,153.979996,152.869995,153.460007
154.160004,155.419998,152.259995,152.389999
150.699997,151.960007,150.570007,151.809998
154.949997,156.600006,154.660004,156.470001
156.220001,156.570007,155.809998,155.850006
155.990005,159.869995,155.979996,159.449997
159.360001,160.350006,158.449997,158.649994
162.009995,163.509995,161.660004,163.479996
163.910004,164.580002,163.419998,164.559998
164.199997,165.240005,164.149994,164.919998
165.270004,166.229996,164.559998,165.5
165.410004,165.710007,164.830002,165.119995
163.789993,164.110001,163.399994,163.919998
163.380005,163.690002,162.679993,162.789993
162.440002,162.5,161.279999,161.880005
162.300003,162.600006,161.720001,162.070007
161.690002,163.240005,161.559998,163.080002
162.850006,163.429993,162.759995,163.220001
162.929993,163.059998,161.910004,161.929993
162.699997,163.630005,162.600006,162.729996
163.690002,164.809998,162.399994,164.809998
167.479996,167.949997,166.979996,167.839996
166.179993,167.470001,165.759995,167.259995
166.550003,166.720001,164.320007,164.389999
165.199997,165.539993,164.449997,164.839996
165.470001,166.639999,165.320007,166.330002
166.580002,167.050003,166.070007,166.470001
167.259995,168.089996,166.600006,167.059998
166.440002,166.600006,165.429993,165.679993
169.210007,169.789993,168.020004,168.509995
168.429993,168.809998,167.139999,168.100006
165.729996,166.210007,165.100006,165.350006
166.020004,166.979996,165.839996,166.789993
166.710007,167.110001,165.990005,166.320007
168.100006,169.529999,168.029999,169.080002
169.039993,169.710007,168.679993,168.800003
167.759995,167.759995,166.059998,166.759995
166.880005,167.800003,166.660004,167.259995
167.889999,170.610001,167.800003,168.669998
168.050003,168.339996,167.100006,167.910004
168.539993,169.350006,168.520004,168.850006
169.259995,169.899994,168.800003,169.639999
171.320007,172.089996,170.020004,171.059998
172.860001,173.089996,171.850006,172.669998
170.820007,171.0,169.789993,170.520004
171.759995,173.960007,171.229996,173.710007
174.509995,175.039993,173.880005,174.100006
174.610001,174.979996,174.059998,174.740005
174.759995,174.789993,173.720001,174.619995
176.009995,176.710007,174.880005,176.639999
176.960007,178.830002,176.889999,178.759995
178.210007,178.240005,177.089996,177.589996
178.919998,179.179993,176.899994,177.080002
178.369995,180.029999,178.089996,179.889999
179.059998,179.660004,178.649994,179.289993
178.350006,179.690002,177.779999,179.630005
179.559998,180.320007,178.350006,180.279999
179.350006,181.220001,179.289993,181.110001
180.149994,180.270004,178.460007,179.470001
179.270004,179.720001,178.259995,179.220001
179.289993,179.429993,178.649994,178.759995
178.820007,179.699997,178.539993,179.410004
179.75,181.729996,178.630005,181.669998
181.080002,181.110001,177.740005,177.899994
174.919998,175.429993,173.119995,173.460007
174.110001,174.460007,173.279999,173.820007
173.720001,175.270004,173.470001,173.979996
174.940002,174.990005,173.830002,174.410004
175.490005,175.520004,172.869995,173.029999
173.630005,173.679993,172.630005,173.360001
172.699997,172.899994,172.070007,172.479996
171.970001,173.509995,171.410004,172.610001
170.600006,170.990005,170.160004,170.889999
170.339996,171.600006,169.960007,170.75
169.869995,171.470001,169.520004,171.259995
171.199997,171.5,170.339996,170.619995
170.809998,170.960007,169.559998,169.660004
169.839996,170.130005,169.080002,169.570007
168.419998,168.839996,168.190002,168.350006
168.880005,169.229996,168.550003,169.009995
168.779999,170.25,168.589996,169.779999
170.949997,171.490005,170.470001,170.759995
170.520004,170.979996,170.360001,170.660004
171.449997,172.600006,170.979996,172.490005
172.320007,172.369995,171.539993,171.619995
170.419998,170.470001,168.520004,168.619995
168.610001,169.589996,168.520004,168.539993
169.75,170.649994,169.710007,170.199997
171.929993,173.880005,171.919998,173.869995
176.660004,178.020004,176.300003,177.860001
177.350006,177.589996,176.210007,176.830002
178.860001,180.130005,177.490005,178.210007
179.509995,179.649994,177.869995,178.570007
181.020004,184.809998,180.770004,183.770004
184.190002,184.539993,182.740005,183.839996
182.649994,182.729996,179.899994,180.369995
180.399994,183.940002,180.279999,183.440002
183.910004,186.240005,183.600006,185.740005
185.610001,185.990005,183.619995,183.649994
181.149994,182.149994,180.690002,181.949997
182.309998,183.619995,182.119995,183.440002
182.490005,183.270004,182.240005,182.529999
182.75,184.440002,182.550003,184.179993
184.110001,184.419998,182.800003,183.220001
183.850006,185.039993,183.320007,184.539993
184.720001,188.229996,184.660004,187.979996
188.339996,188.860001,186.779999,187.830002
186.889999,187.259995,185.949997,186.490005
185.179993,185.360001,184.190002,185.110001
185.910004,186.509995,185.639999,186.279999
187.539993,187.660004,185.970001,187.190002
189.759995,190.410004,188.990005,189.720001
188.080002,188.490005,185.169998,186.360001
185.889999,185.929993,184.100006,185.529999
185.240005,186.990005,185.039993,186.25
184.350006,185.580002,184.279999,185.360001
186.139999,187.029999,185.779999,186.089996
184.979996,185.679993,183.220001,184.25
184.070007,185.029999,183.460007,184.809998
184.839996,186.220001,184.300003,185.75
186.630005,186.649994,184.300003,184.740005
183.899994,184.990005,183.380005,184.75
184.789993,185.380005,184.169998,184.800003
186.050003,186.220001,183.910004,183.970001
184.649994,187.639999,184.520004,187.520004
187.610001,189.210007,186.929993,189.110001
188.860001,191.360001,188.809998,190.440002
186.559998,187.580002,185.770004,187.460007
187.820007,188.669998,187.490005,187.690002
188.119995,189.330002,188.070007,189.020004
188.979996,189.639999,187.820007,188.75
188.440002,188.809998,186.860001,187.130005
187.429993,187.919998,186.580002,186.809998
187.300003,187.880005,187.029999,187.210007
186.580002,186.820007,184.460007,184.869995
184.309998,184.449997,183.479996,184.229996
182.100006,182.279999,181.339996,181.839996
182.25,184.339996,181.809998,183.639999
183.220001,183.839996,182.910004,183.210007
182.779999,183.759995,182.479996,183.429993
183.539993,183.539993,181.770004,181.949997
181.179993,181.309998,180.100006,180.199997
181.009995,181.300003,180.089996,180.919998
181.720001,182.399994,181.169998,182.039993
182.389999,183.449997,182.100006,182.320007
182.809998,184.210007,182.720001,183.759995
183.529999,183.559998,180.960007,181.050003
180.789993,182.440002,180.600006,182.139999
182.360001,182.649994,181.520004,182.339996
181.940002,183.0,180.149994,180.149994
182.0,183.039993,181.960007,182.529999
182.360001,182.789993,181.720001,182.039993
181.800003,181.940002,181.039993,181.880005
182.100006,182.429993,180.169998,180.539993
181.690002,181.960007,180.139999,180.639999
180.279999,182.050003,180.179993,181.910004
181.929993,182.619995,181.410004,181.630005
180.059998,180.089996,179.220001,179.75
179.149994,179.949997,178.190002,179.490005
178.360001,178.990005,177.630005,177.710007
179.600006,179.949997,178.089996,178.199997
179.050003,179.080002,178.419998,178.509995
179.070007,179.289993,177.429993,177.690002
177.229996,177.690002,176.699997,177.279999
175.830002,177.630005,175.789993,177.089996
177.690002,178.529999,177.320007,178.270004
178.610001,179.339996,178.460007,178.470001
179.410004,179.419998,177.830002,177.839996
177.509995,177.800003,176.660004,177.309998
178.380005,179.649994,178.350006,178.639999
178.369995,178.919998,178.259995,178.779999
179.429993,179.710007,179.130005,179.449997
181.179993,181.949997,181.100006,181.880005
181.960007,182.149994,181.490005,182.009995
181.589996,182.169998,181.110001,181.429993
180.990005,181.630005,180.639999,181.559998
182.789993,184.229996,182.320007,183.639999
183.449997,183.839996,182.869995,183.669998
183.729996,183.770004,182.470001,182.740005
182.059998,182.460007,181.679993,182.179993
182.220001,182.539993,181.339996,181.399994
181.720001,182.470001,181.100006,182.410004
182.660004,183.639999,182.309998,183.300003
181.639999,181.639999,180.320007,180.419998
181.479996,182.270004,181.25,181.860001
182.429993,183.089996,182.309998,182.350006
180.850006,181.380005,180.190002,180.460007
180.570007,180.789993,179.410004,179.600006
179.440002,179.949997,179.279999,179.539993
180.25,180.770004,179.850006,180.190002
180.149994,180.149994,179.270004,179.779999
178.639999,179.330002,178.460007,178.639999
178.679993,178.919998,177.779999,177.789993
178.220001,178.699997,177.539993,177.600006
177.699997,178.360001,177.490005,177.600006
176.860001,177.580002,176.580002,177.059998
176.75,177.429993,176.330002,176.589996
176.619995,176.949997,175.559998,175.570007
176.529999,176.559998,174.929993,175.300003
175.830002,176.059998,175.100006,175.330002
175.899994,175.940002,174.960007,175.809998
175.830002,176.25,175.309998,176.100006
177.320007,178.220001,177.070007,177.889999
177.660004,178.490005,177.410004,177.850006
177.580002,178.380005,176.630005,177.619995
177.649994,178.729996,177.509995,178.130005
178.029999,179.880005,177.899994,179.869995
180.580002,180.880005,180.289993,180.320007
180.369995,180.490005,179.940002,180.020004
180.800003,181.119995,179.509995,180.110001
179.330002,179.440002,178.639999,178.639999
178.330002,179.009995,177.699997,177.830002
178.309998,178.369995,177.899994,178.020004
178.360001,179.050003,177.899994,178.080002
178.970001,179.070007,178.259995,178.410004
177.110001,177.699997,177.050003,177.490005
177.529999,177.75,177.039993,177.080002
176.5,177.389999,176.360001,177.169998
178.550003,179.110001,178.339996,178.339996
178.820007,179.410004,178.380005,179.389999
179.539993,179.649994,179.029999,179.220001
179.339996,180.660004,179.320007,179.350006
177.860001,178.490005,177.690002,178.050003
178.649994,178.949997,178.509995,178.619995
178.410004,178.710007,177.639999,177.699997
176.830002,177.139999,176.160004,176.279999
175.270004,175.320007,173.699997,174.100006
173.910004,174.139999,172.320007,173.229996
173.919998,174.029999,171.270004,171.449997
170.229996,170.460007,169.5,169.649994
169.139999,170.080002,168.75,169.160004
169.210007,169.410004,168.5,169.139999
168.740005,169.0,168.300003,168.830002
169.169998,170.229996,168.5,169.699997
171.179993,172.860001,171.080002,172.820007
172.080002,172.800003,171.899994,172.529999
173.600006,174.130005,173.259995,173.789993
174.059998,174.229996,173.240005,173.259995
176.889999,179.100006,176.720001,178.830002
177.839996,178.330002,177.539993,177.960007
178.369995,179.130005,177.979996,178.289993
180.889999,182.020004,179.75,180.869995
181.039993,183.429993,180.820007,183.089996
183.429993,185.229996,183.089996,183.589996
183.509995,183.559998,182.710007,182.970001
182.070007,183.399994,181.679993,182.949997
183.419998,184.300003,182.039993,183.720001
183.399994,184.490005,182.869995,184.009995
183.759995,186.360001,183.470001,186.149994
185.539993,185.699997,184.729996,185.100006
185.080002,186.210007,183.5,184.089996
183.910004,185.0,182.669998,183.509995
184.130005,184.279999,183.5,184.119995
184.479996,185.470001,184.350006,184.789993
184.139999,184.229996,183.339996,183.350006
182.25,182.649994,181.75,182.589996
182.009995,182.070007,180.570007,180.770004
180.979996,182.279999,180.889999,181.490005
180.509995,180.589996,179.25,179.509995
179.399994,180.729996,179.110001,180.509995
181.699997,182.75,181.619995,182.119995
182.029999,182.179993,181.309998,181.639999
182.850006,184.320007,182.800003,183.690002
183.960007,184.130005,183.449997,183.669998
182.320007,183.479996,182.229996,183.369995
185.570007,186.119995,185.070007,185.350006
185.470001,185.720001,184.270004,184.559998
185.470001,185.75,185.160004,185.520004
186.559998,186.800003,185.929993,186.770004
187.899994,189.399994,187.520004,189.259995
189.160004,189.990005,189.020004,189.539993
188.889999,189.240005,188.279999,188.75
188.809998,192.399994,188.690002,192.009995
189.600006,190.380005,187.259995,187.860001
187.550003,187.880005,186.300003,187.149994
188.320007,188.460007,187.5,187.839996
188.449997,188.589996,187.259995,188.149994
185.929993,186.779999,184.899994,185.639999
184.5,184.529999,183.149994,183.589996
183.839996,183.979996,183.259995,183.490005
183.820007,187.660004,183.380005,187.630005
188.860001,189.820007,188.080002,188.729996
188.520004,188.960007,186.820007,187.0
187.5,188.490005,187.240005,187.850006
188.229996,189.720001,188.130005,189.130005
188.690002,188.960007,188.089996,188.100006
189.210007,189.619995,188.75,189.429993
191.600006,191.880005,190.070007,190.270004
190.970001,191.740005,190.399994,191.720001
191.770004,193.179993,191.539993,192.589996
192.339996,192.889999,191.440002,191.470001
190.990005,191.639999,190.740005,191.169998
191.440002,191.889999,190.5,190.720001
188.770004,189.860001,188.160004,189.130005
189.080002,189.75,188.690002,189.320007
189.679993,191.259995,189.080002,189.350006
187.210007,188.740005,187.110001,187.869995
188.679993,188.779999,187.729996,187.929993
188.139999,188.440002,187.210007,187.5
188.020004,188.550003,186.559998,187.869995
190.669998,191.080002,189.160004,189.710007
189.149994,189.259995,187.539993,187.910004
187.309998,187.419998,185.449997,185.839996
186.360001,187.399994,186.300003,187.369995
188.259995,188.300003,187.440002,187.929993
187.229996,187.759995,186.850006,187.220001
187.449997,188.149994,187.279999,187.949997
188.330002,188.369995,186.320007,186.399994
187.339996,187.639999,186.460007,187.139999
187.270004,187.380005,186.759995,187.009995
188.309998,188.539993,187.190002,188.330002
189.699997,189.830002,187.979996,188.589996
189.369995,190.460007,188.130005,188.449997
189.710007,191.360001,188.990005,190.410004
188.070007,188.869995,187.850006,188.610001
186.880005,187.820007,186.699997,187.570007
187.940002,188.850006,187.740005,188.550003
188.449997,189.389999,188.279999,188.5
187.910004,188.529999,187.820007,188.330002
187.559998,187.770004,187.139999,187.600006
186.600006,187.270004,186.360001,187.110001
185.350006,185.380005,184.330002,184.529999
184.270004,184.880005,183.779999,184.419998
185.600006,186.020004,185.100006,185.660004
185.080002,186.669998,184.839996,186.339996
187.960007,188.029999,187.399994,187.470001
187.880005,188.039993,187.100006,187.479996
187.559998,187.639999,187.050003,187.559998
187.559998,189.179993,187.460007,188.619995
187.789993,188.360001,187.529999,188.199997
188.580002,188.720001,187.880005,188.0
188.339996,188.520004,188.029999,188.339996
189.639999,189.919998,189.229996,189.309998
190.270004,193.399994,189.440002,192.889999
194.149994,196.330002,193.880005,196.009995
197.440002,198.139999,196.649994,197.190002
198.080002,199.300003,197.440002,198.809998
199.539993,200.110001,198.910004,199.940002
200.889999,203.300003,200.449997,201.630005
201.710007,202.410004,201.460007,202.0
200.419998,200.630005,199.160004,199.789993
200.440002,201.860001,200.350006,201.190002
200.369995,200.470001,199.339996,200.350006
199.940002,200.630005,199.570007,199.710007
199.660004,200.149994,199.509995,200.029999
199.619995,199.809998,198.940002,199.800003
199.160004,202.660004,199.119995,202.179993
203.880005,203.919998,200.600006,201.970001
201.320007,201.860001,199.720001,200.350006
201.190002,201.949997,200.970001,200.990005
202.649994,202.759995,201.070007,201.639999
202.320007,203.220001,202.320007,203.100006
204.539993,206.050003,203.869995,205.720001
208.679993,208.729996,206.289993,207.820007
209.070007,211.029999,208.360001,210.889999
210.570007,212.830002,210.300003,212.740005
212.0,213.449997,211.020004,211.520004
212.490005,215.740005,212.220001,215.139999
215.979996,216.809998,214.610001,216.479996
217.809998,218.860001,216.449997,217.669998
215.369995,217.779999,214.679993,215.610001
216.850006,219.839996,215.889999,219.800003
221.869995,225.089996,216.020004,216.889999
217.940002,221.029999,215.160004,220.949997
220.179993,221.990005,218.779999,221.220001
221.050003,221.759995,218.520004,219.589996
221.309998,221.460007,219.309998,220.339996
220.490005,222.360001,220.080002,221.029999
216.350006,216.960007,215.139999,215.570007
213.960007,215.860001,213.869995,215.039993
214.759995,216.350006,214.360001,214.639999
214.470001,217.050003,214.339996,215.919998
216.770004,217.070007,215.529999,216.619995
216.020004,217.220001,215.25,216.179993
213.380005,214.130005,211.800003,211.869995
212.960007,215.5,212.410004,213.789993
211.899994,213.710007,211.490005,213.130005
212.889999,213.229996,210.710007,212.960007
215.139999,215.910004,214.470001,215.199997
214.520004,214.929993,213.880005,214.210007
213.619995,214.800003,213.5,213.580002
214.479996,216.949997,214.440002,216.949997
219.220001,219.600006,218.080002,218.710007
217.059998,217.309998,215.800003,216.259995
217.309998,218.380005,216.979996,218.089996
219.059998,221.190002,217.649994,220.889999
220.139999,220.589996,219.410004,220.029999
222.179993,223.850006,221.669998,223.660004
223.789993,225.660004,223.020004,224.559998
224.770004,225.210007,223.699997,224.229996
223.089996,223.240005,219.740005,220.110001
218.779999,219.229996,215.660004,215.720001
216.960007,217.210007,215.740005,215.919998
218.429993,218.589996,217.210007,218.190002
216.919998,217.160004,216.119995,216.160004
216.690002,217.509995,216.410004,216.570007
217.770004,217.960007,214.649994,215.300003
215.919998,217.820007,215.539993,217.220001
216.240005,216.240005,214.199997,215.270004
216.690002,218.080002,215.929993,217.820007
218.360001,219.970001,218.100006,219.429993
215.070007,215.190002,211.539993,211.600006
213.130005,214.020004,212.759995,213.539993
213.949997,214.380005,213.240005,214.149994
216.470001,216.550003,214.199997,214.720001
214.440002,214.960007,212.259995,212.970001
215.339996,216.039993,214.979996,215.729996
214.899994,215.240005,213.600006,214.610001
214.380005,215.830002,214.039993,215.470001
216.320007,218.740005,216.149994,218.160004
217.830002,217.899994,214.259995,214.779999
215.550003,215.940002,215.199997,215.630005
214.960007,215.309998,214.119995,214.559998
212.389999,213.110001,212.119995,212.580002
214.710007,215.5,214.449997,214.990005
215.639999,215.809998,214.820007,215.009995
215.25,216.0,214.490005,215.570007
215.330002,216.080002,214.619995,215.559998
217.339996,218.740005,217.330002,217.990005
219.580002,221.279999,219.580002,220.929993
219.639999,220.039993,217.410004,218.190002
218.570007,219.289993,217.270004,218.559998
220.139999,220.710007,219.160004,219.360001
222.649994,224.149994,221.479996,223.25
222.029999,223.619995,221.860001,223.110001
223.389999,225.589996,223.020004,223.830002
225.449997,228.289993,225.300003,228.289993
228.789993,229.649994,226.669998,227.229996
227.710007,228.320007,225.570007,225.779999
221.520004,222.679993,221.410004,221.729996
221.580002,221.919998,220.399994,221.800003
222.339996,222.75,221.860001,222.580002
223.470001,224.880005,221.740005,221.800003
219.020004,219.259995,217.520004,218.330002
219.960007,221.039993,219.699997,220.630005
221.259995,221.550003,219.050003,220.320007
221.410004,222.919998,220.360001,222.520004
223.729996,226.600006,223.639999,226.550003
226.740005,227.570007,225.050003,225.770004
227.949997,228.759995,222.869995,225.339996
220.559998,223.100006,220.240005,222.479996
221.5,222.139999,220.110001,220.699997
221.940002,222.309998,220.350006,220.550003
222.729996,224.25,222.520004,224.009995
224.820007,225.279999,223.820007,224.559998
226.139999,228.539993,225.970001,228.410004
228.070007,228.869995,227.589996,228.059998
226.550003,227.479996,225.350006,226.199997
226.509995,227.5,225.119995,226.910004
229.990005,232.020004,229.009995,231.990005
230.149994,231.779999,229.740005,231.610001
233.710007,234.009995,231.130005,232.460007
231.690002,232.869995,230.479996,232.149994
230.350006,230.380005,228.259995,229.369995
231.039993,232.729996,230.520004,232.020004
233.449997,233.5,232.059998,232.759995
231.690002,233.470001,231.570007,233.389999
232.0,232.020004,230.729996,231.75
231.949997,233.610001,231.919998,232.949997
232.529999,232.860001,230.550003,231.289993
230.380005,230.539993,228.520004,230.289993
229.789993,231.059998,229.380005,230.429993
232.720001,232.889999,231.330002,232.350006
231.830002,232.759995,229.619995,230.630005
231.259995,231.619995,230.389999,231.600006
232.389999,232.740005,231.119995,232.619995
231.720001,232.869995,231.089996,232.25
234.630005,236.449997,234.419998,236.330002
238.130005,238.979996,237.759995,238.679993
238.729996,239.279999,238.050003,238.660004
238.080002,238.600006,236.610001,237.339996
238.190002,240.289993,235.300003,235.509995
238.240005,239.520004,237.389999,239.169998
241.110001,242.630005,240.470001,242.210007
242.970001,243.460007,242.589996,242.679993
243.389999,246.190002,243.149994,246.070007
246.190002,246.470001,244.789993,245.729996
246.440002,247.369995,245.190002,246.979996
246.309998,246.75,244.190002,245.020004
243.970001,244.080002,242.5,243.059998
245.199997,246.979996,245.059998,245.610001
245.610001,246.070007,243.990005,245.660004
244.720001,245.910004,243.690002,245.490005
245.0,246.690002,244.050003,245.0
244.580002,244.820007,243.809998,244.169998
243.789993,244.039993,240.630005,242.369995
241.160004,241.839996,240.639999,241.050003
241.770004,243.020004,241.509995,242.820007
244.5,245.919998,244.470001,245.470001
245.160004,245.860001,244.259995,245.070007
244.990005,246.550003,244.529999,245.919998
247.619995,248.089996,246.360001,247.149994
247.75,249.059998,247.619995,248.630005
250.0,251.369995,249.899994,251.270004
252.740005,253.139999,250.729996,251.220001
253.059998,253.940002,252.520004,253.929993
253.080002,253.179993,250.199997,250.869995
253.270004,253.320007,251.399994,252.800003
252.0,253.550003,251.770004,253.320007
253.009995,253.630005,252.949997,253.330002
254.490005,256.290009,254.229996,256.089996
256.76001,257.709991,255.910004,257.5
255.520004,255.600006,252.199997,253.509995
254.330002,254.860001,252.440002,252.470001
253.320007,253.580002,252.270004,252.830002
253.779999,253.990005,252.410004,253.399994
245.639999,247.350006,244.949997,245.699997
248.289993,250.240005,248.119995,249.649994
249.070007,249.350006,247.779999,247.960007
242.729996,242.729996,241.059998,242.139999
241.289993,241.660004,239.389999,240.050003
241.309998,241.470001,237.589996,237.630005
236.570007,237.990005,236.130005,237.009995
237.570007,237.880005,236.330002,236.589996
240.460007,241.5,240.449997,241.089996
242.75,243.309998,242.029999,243.25
243.740005,245.210007,243.509995,244.619995
246.229996,246.809998,245.690002,246.660004
248.199997,250.389999,247.860001,249.839996
244.270004,244.399994,241.479996,242.479996
242.710007,243.089996,241.580002,242.949997
244.850006,245.179993,243.199997,243.490005
245.25,245.809998,244.729996,245.589996
244.460007,244.580002,243.139999,243.440002
244.960007,245.179993,243.300003,243.929993
244.929993,245.339996,244.369995,244.669998
244.160004,244.380005,242.149994,242.860001
242.789993,243.860001,242.440002,242.949997
246.279999,247.110001,245.259995,245.360001
247.860001,248.860001,247.830002,248.589996
249.350006,251.259995,248.970001,250.960007
247.809998,248.240005,246.869995,247.279999
245.669998,245.940002,244.270004,244.289993
245.410004,245.539993,244.289993,244.880005
243.800003,244.550003,243.229996,243.940002
243.570007,243.710007,238.820007,239.259995
239.669998,240.050003,238.729996,239.600006
241.410004,242.960007,241.169998,242.100006
241.600006,241.669998,240.649994,240.960007
241.490005,241.660004,240.820007,241.440002
242.389999,243.559998,242.199997,243.070007
241.199997,241.949997,241.050003,241.399994
241.080002,241.080002,239.580002,240.630005
241.050003,242.520004,241.050003,242.130005
244.220001,245.529999,244.080002,245.419998
244.559998,244.820007,243.360001,243.490005
242.330002,243.789993,242.050003,243.190002
245.520004,245.770004,243.809998,244.559998
245.720001,246.449997,244.509995,245.860001
248.009995,249.039993,247.550003,248.210007
246.339996,246.789993,245.149994,245.740005
245.619995,247.039993,245.520004,247.029999
248.210007,248.899994,247.009995,248.880005
250.559998,251.389999,250.270004,250.600006
249.699997,250.809998,249.149994,249.270004
251.949997,253.360001,251.830002,253.130005
254.289993,254.679993,253.779999,254.429993
253.190002,254.539993,252.820007,254.070007
255.960007,257.070007,255.610001,255.649994
253.860001,254.259995,251.919998,252.990005
254.229996,255.25,253.889999,255.179993
254.550003,254.820007,253.300003,254.199997
257.200012,258.290009,256.450012,258.049988
259.079987,259.98999,257.859985,258.559998
259.75,261.390015,259.519989,259.940002
261.829987,262.540009,261.350006,262.5
264.450012,265.98999,263.890015,264.130005
263.660004,263.720001,261.48999,263.429993
265.220001,266.350006,263.26001,263.899994
268.0,268.660004,267.23999,268.369995
267.700012,268.359985,266.709991,267.390015
267.149994,268.429993,266.350006,267.670013
268.399994,270.390015,268.220001,270.309998
270.070007,270.209991,265.450012,266.290009
269.679993,271.01001,269.600006,270.700012
270.679993,271.329987,269.23999,270.850006
270.230011,271.839996,270.170013,270.98999
270.799988,271.51001,269.51001,270.73999
271.450012,272.320007,270.380005,272.209991
271.459991,271.679993,266.450012,268.619995
267.079987,269.079987,266.660004,269.029999
266.48999,266.670013,264.450012,264.929993
262.559998,263.399994,261.25,263.269989
265.070007,266.880005,265.070007,266.73999
269.01001,269.399994,267.519989,269.059998
267.970001,270.26001,267.959991,269.619995
268.25,269.51001,268.160004,268.25
269.089996,270.339996,267.640015,268.390015
267.619995,268.440002,265.640015,266.040009
268.470001,269.730011,268.440002,269.160004
268.470001,271.230011,268.359985,270.329987
271.570007,275.350006,271.549988,275.130005
276.269989,276.299988,274.660004,275.23999
275.540009,276.790009,275.390015,276.730011
279.899994,280.209991,278.970001,279.959991
279.850006,281.480011,279.059998,281.109985
279.48999,280.899994,279.429993,280.75
279.459991,279.459991,276.589996,278.48999
278.910004,279.089996,276.859985,277.25
278.779999,279.959991,278.269989,278.470001
278.929993,279.019989,277.779999,278.23999
280.549988,282.070007,279.589996,281.970001
283.820007,284.640015,282.859985,284.059998
287.529999,288.390015,285.850006,288.140015
288.540009,289.130005,285.910004,287.570007
288.279999,289.029999,287.359985,288.160004
282.779999,289.089996,282.450012,286.420013
283.640015,284.029999,278.019989,279.720001
278.859985,280.140015,272.579987,273.709991
277.869995,278.320007,274.23999,275.200012
282.220001,285.869995,281.040009,285.380005
288.809998,292.859985,287.230011,292.350006
297.959991,299.269989,296.809998,297.929993
295.540009,296.579987,294.529999,296.230011
296.929993,298.019989,296.089996,297.779999
304.649994,308.059998,303.799988,307.470001
306.309998,307.130005,302.730011,306.119995
315.019989,316.410004,313.950012,315.589996
317.48999,317.630005,310.359985,311.109985
304.179993,304.73999,300.589996,303.649994
306.980011,308.5,304.709991,308.070007
301.779999,305.369995,301.01001,304.730011
304.149994,309.109985,302.970001,309.070007
305.809998,306.950012,304.0,306.059998
304.609985,306.070007,303.440002,303.769989
297.410004,297.940002,295.320007,297.459991
300.170013,300.850006,297.029999,297.980011
305.920013,307.649994,304.679993,306.880005
313.119995,315.619995,311.399994,315.480011
312.100006,313.26001,310.079987,310.75
309.76001,310.480011,303.049988,304.630005
307.790009,308.570007,306.01001,306.839996
298.329987,299.470001,296.820007,298.190002
299.019989,300.299988,297.23999,299.459991
293.670013,294.799988,291.959991,293.160004
294.100006,297.899994,293.75,297.839996
292.619995,294.579987,291.779999,294.23999
297.850006,298.579987,296.480011,298.029999
298.350006,303.679993,298.299988,303.579987
304.549988,306.459991,303.670013,305.820007
305.089996,305.279999,302.100006,303.109985
308.859985,310.25,307.470001,309.75
303.809998,304.880005,302.73999,304.5
304.640015,304.98999,303.059998,303.809998
305.73999,306.890015,304.459991,305.609985
303.640015,304.019989,301.5,303.600006
309.209991,311.720001,308.720001,311.670013
309.559998,309.559998,307.149994,308.910004
309.410004,311.880005,308.73999,310.899994
311.23999,312.200012,307.649994,309.329987
309.089996,309.200012,305.100006,305.179993
305.390015,307.609985,305.059998,306.619995
308.309998,308.600006,305.869995,306.709991
307.5,308.619995,305.850006,308.369995
311.73999,313.100006,311.149994,312.200012
317.26001,317.600006,315.040009,316.290009
314.799988,314.869995,311.649994,311.779999
312.660004,313.0,310.119995,311.940002
312.890015,312.980011,309.859985,310.26001
309.329987,310.890015,309.25,310.130005
310.339996,312.670013,310.309998,311.079987
305.070007,306.339996,303.540009,306.190002
305.309998,307.359985,305.119995,307.119995
305.769989,307.279999,304.859985,306.779999
300.029999,302.359985,299.890015,301.220001
302.390015,304.920013,301.950012,304.829987
308.559998,309.0,307.359985,307.549988
308.040009,309.399994,306.959991,309.25
307.049988,307.570007,306.149994,307.140015
305.070007,307.709991,304.529999,307.369995
306.299988,306.450012,302.769989,304.160004
303.579987,305.540009,303.230011,305.519989
306.109985,306.51001,304.820007,306.200012
308.859985,310.279999,308.519989,309.140015
309.070007,309.380005,307.730011,308.01001
307.730011,308.73999,305.790009,306.730011
307.109985,311.089996,305.730011,308.26001
305.5,307.670013,305.119995,307.589996
309.23999,309.369995,308.320007,308.390015
311.880005,313.309998,311.609985,313.130005
314.480011,316.23999,313.619995,316.100006
314.0,314.959991,311.420013,312.179993
309.290009,310.98999,309.059998,310.269989
307.820007,308.309998,306.200012,307.399994
306.440002,306.579987,304.049988,305.410004
305.799988,307.029999,304.98999,306.25
304.420013,304.649994,300.959991,300.959991
304.589996,304.609985,302.859985,302.959991
308.609985,309.549988,307.450012,309.109985
310.799988,311.73999,310.369995,310.910004
310.369995,312.23999,310.220001,311.160004
310.320007,311.23999,309.839996,310.5
311.720001,313.140015,310.700012,313.119995
312.350006,313.529999,311.0,313.049988
308.619995,309.660004,307.630005,308.549988
308.220001,309.309998,306.709991,308.269989
309.100006,310.390015,308.450012,309.209991
307.929993,308.339996,306.519989,307.25
307.339996,308.0,306.869995,307.429993
307.790009,307.890015,306.630005,306.950012
306.76001,307.480011,305.190002,305.269989
307.540009,308.470001,307.399994,308.359985
307.859985,308.149994,307.029999,307.290009
306.519989,311.019989,306.429993,310.579987
309.670013,310.839996,309.670013,309.829987
310.619995,312.209991,310.309998,312.079987
311.390015,312.910004,310.769989,312.709991
313.320007,315.079987,313.070007,315.029999
314.720001,318.089996,314.640015,318.070007
320.820007,325.920013,320.23999,325.589996
327.76001,329.450012,326.730011,328.140015
327.029999,327.559998,325.350006,326.690002
329.529999,331.440002,328.929993,331.049988
333.660004,335.670013,333.230011,334.820007
337.029999,338.309998,333.850006,334.059998
335.730011,336.5,326.190002,335.26001
333.369995,335.160004,332.970001,334.76001
335.880005,336.390015,335.230011,335.420013
336.309998,339.279999,336.230011,338.910004
340.089996,340.880005,338.619995,339.589996
338.529999,341.23999,335.519989,336.970001
336.220001,336.320007,333.809998,335.619995
336.51001,339.230011,336.309998,339.179993
342.75,345.070007,341.839996,345.049988
348.230011,348.75,345.320007,346.459991
346.700012,346.829987,342.140015,343.320007
344.390015,345.829987,342.470001,344.75
345.829987,348.25,345.309998,346.73999
351.790009,352.829987,351.279999,352.459991
351.130005,355.570007,350.869995,355.470001
356.170013,356.970001,354.790009,356.029999
358.26001,358.670013,351.399994,354.790009
357.119995,358.140015,355.799988,357.640015
362.160004,365.299988,361.369995,364.380005
366.51001,367.269989,364.549988,366.26001
371.649994,373.570007,370.5,372.299988
373.140015,373.220001,362.829987,365.429993
367.540009,370.309998,365.440002,369.119995
376.5,378.859985,375.579987,378.089996
378.209991,382.380005,377.899994,380.790009
385.929993,387.76001,384.589996,387.390015
391.149994,396.869995,390.399994,396.450012
397.140015,397.279999,385.220001,388.98999
397.450012,403.299988,394.200012,403.149994
386.540009,388.890015,375.649994,377.23999
372.75,378.470001,368.929993,377.279999
381.459991,382.25,378.649994,378.790009
378.51001,380.769989,376.809998,377.519989
371.130005,371.589996,365.339996,367.01001
361.809998,365.299988,360.119995,364.380005
369.649994,370.079987,361.359985,363.0
365.089996,370.359985,364.5,370.130005
370.470001,370.660004,365.5,368.119995
368.910004,370.839996,367.540009,368.779999
363.480011,365.73999,361.390015,362.320007
366.390015,367.100006,364.649994,366.51001
367.160004,368.179993,364.700012,366.070007
367.940002,370.420013,366.420013,368.309998
375.929993,378.660004,374.779999,378.380005
379.980011,380.399994,376.869995,379.869995
380.070007,387.459991,379.440002,385.98999
387.290009,388.179993,381.209991,382.869995
372.869995,378.200012,370.890015,375.959991
374.040009,375.459991,368.519989,371.649994
374.829987,375.540009,371.619995,374.350006
377.779999,380.170013,373.029999,374.959991
375.290009,377.690002,371.850006,374.850006
374.029999,377.230011,372.940002,374.269989
374.880005,380.279999,374.190002,380.200012
380.26001,382.519989,378.059998,380.079987
381.059998,383.779999,380.459991,383.119995
385.980011,388.0,384.98999,387.880005
390.609985,390.700012,388.059998,389.75
388.869995,388.980011,382.910004,387.23999
388.459991,390.130005,385.829987,386.880005
386.920013,388.0,385.399994,387.130005
389.119995,391.73999,386.179993,386.440002
387.019989,387.23999,384.01001,385.420013
385.619995,388.209991,385.269989,387.399994
385.950012,389.76001,384.5,389.049988
389.019989,394.089996,388.5,393.23999
399.160004,400.390015,391.470001,395.440002
397.76001,398.709991,394.070007,395.799988
397.75,398.709991,394.589996,395.890015
398.079987,399.980011,397.25,399.290009
398.279999,402.209991,396.049988,398.570007
397.920013,400.630005,397.170013,399.019989
406.980011,408.519989,405.720001,408.230011
410.299988,413.76001,407.100006,413.640015
412.25,412.630005,408.829987,411.929993
416.480011,418.450012,414.75,416.73999
403.660004,403.76001,395.329987,398.600006
403.600006,403.799988,398.559998,398.890015
398.600006,400.130005,395.589996,396.309998
401.619995,401.820007,396.25,398.279999
406.390015,409.720001,406.149994,408.76001
410.670013,413.480011,410.309998,413.179993
408.630005,410.809998,406.649994,409.230011
406.970001,411.640015,406.399994,411.48999
413.220001,415.290009,411.799988,414.470001
421.519989,425.73999,421.519989,422.230011
424.589996,426.119995,420.070007,421.630005
426.029999,426.859985,422.839996,425.940002
423.019989,425.059998,422.790009,423.329987
422.799988,424.799988,417.040009,421.290009
436.690002,438.140015,434.100006,437.230011
446.869995,448.0,437.109985,443.600006
443.839996,452.980011,443.559998,451.790009
454.109985,458.75,453.450012,458.0
466.779999,469.279999,460.359985,464.700012
465.070007,476.48999,463.950012,476.100006
483.390015,495.880005,481.25,494.559998
509.51001,509.700012,468.51001,495.899994
466.25,470.059998,430.799988,444.950012
434.01001,440.779999,422.549988,427.130005
452.630005,459.0,448.309998,454.290009
462.470001,463.100006,445.709991,453.970001
444.290009,450.899994,440.350006,441.880005
450.730011,456.929993,450.029999,455.459991
461.390015,467.559998,460.850006,467.029999
465.959991,466.75,459.519989,462.399994
466.0,468.609985,462.820007,467.630005
464.899994,466.380005,448.059998,451.390015
459.730011,463.839996,456.25,462.619995
450.26001,451.369995,445.529999,448.200012
455.809998,460.51001,455.320007,458.279999
457.339996,461.51001,456.029999,459.559998
463.25,468.619995,458.339996,468.619995
474.649994,481.459991,474.609985,481.279999
470.089996,475.440002,469.549988,474.609985
475.73999,479.529999,472.899994,473.420013
474.950012,477.829987,442.040009,477.480011
480.75,483.899994,479.109985,483.75
490.100006,492.149994,483.279999,490.0
472.829987,473.200012,458.929993,468.140015
474.820007,476.420013,469.390015,471.799988
470.450012,470.670013,463.910004,466.130005
469.040009,475.459991,467.070007,473.51001
468.089996,472.679993,464.790009,472.529999
479.73999,481.309998,474.209991,477.859985
476.130005,477.450012,473.130005,476.23999
475.019989,475.019989,466.600006,466.880005
469.309998,470.100006,460.220001,460.839996
461.269989,462.799988,456.910004,460.429993
460.51001,462.209991,456.869995,459.269989
446.660004,450.059998,444.390015,444.73999
420.359985,428.269989,416.799988,426.410004
428.089996,428.589996,411.230011,413.380005
405.119995,414.540009,399.640015,404.040009
400.23999,407.290009,399.200012,404.130005
419.709991,420.660004,412.25,416.290009
408.529999,411.369995,400.26001,400.640015
406.200012,418.399994,405.410004,414.700012
419.540009,420.100006,412.660004,414.579987
420.079987,430.570007,419.589996,430.290009
435.0,440.190002,433.76001,437.820007
422.290009,431.670013,421.170013,429.410004
428.869995,431.48999,426.709991,427.649994
427.899994,433.429993,423.100006,431.809998
439.980011,440.440002,431.309998,434.529999
436.470001,440.910004,435.869995,437.910004
438.589996,440.350006,436.0,437.130005
434.779999,436.220001,431.630005,435.359985
439.320007,445.179993,439.019989,445.089996
442.880005,443.73999,439.600006,440.459991
442.149994,442.980011,438.179993,440.079987
445.649994,448.700012,445.320007,445.929993
443.130005,443.420013,440.049988,442.089996
438.549988,440.25,428.709991,429.570007
436.269989,437.170013,433.779999,435.26001
433.959991,435.290009,428.220001,431.040009
431.339996,435.279999,430.649994,433.25
431.660004,431.799988,428.519989,429.890015
420.720001,422.519989,418.399994,421.910004
416.73999,419.170013,414.160004,417.410004
425.339996,425.459991,422.73999,423.660004
421.410004,427.929993,421.079987,423.179993
418.839996,420.859985,413.279999,414.709991
420.149994,421.160004,417.910004,418.269989
430.149994,433.190002,429.600006,430.959991
435.609985,437.420013,430.25,431.679993
434.049988,436.200012,431.700012,433.769989
434.179993,436.040009,432.209991,434.649994
430.700012,432.980011,425.850006,432.929993
430.519989,432.48999,428.75,430.5
430.299988,431.540009,427.100006,427.209991
417.640015,419.25,414.119995,417.290009
419.820007,420.929993,416.059998,418.429993
412.450012,414.470001,409.880005,411.5
412.140015,417.98999,410.079987,417.399994
413.140015,418.420013,411.950012,416.98999
415.170013,415.679993,412.0,413.820007
415.160004,415.980011,411.5,414.0
404.339996,409.25,404.299988,408.48999
406.480011,414.51001,405.410004,412.769989
415.619995,421.820007,415.079987,417.119995
409.859985,412.609985,408.23999,411.26001
414.079987,414.399994,411.100006,411.950012
408.380005,409.380005,406.230011,407.869995
413.369995,414.309998,409.019989,411.269989
