open,high,low,close
36.924999,36.924999,36.414501,36.502998
36.663502,36.835499,36.540001,36.554501
36.974998,37.190498,36.788502,37.1465
36.8535,37.196499,36.825001,37.125999
36.797501,36.981998,36.525501,36.6595
36.491001,36.950001,36.491001,36.594002
36.4655,36.799999,36.325001,36.662498
36.745998,36.857498,36.565498,36.609501
36.397999,36.519501,35.777,36.212502
36.0695,36.0695,35.056,35.212502
35.515499,35.793499,35.2705,35.306499
35.502499,35.769001,35.233002,35.444
35.702499,35.710499,35.293999,35.523499
35.5275,35.743999,35.012501,35.7435
34.508499,35.25,34.245499,34.259998
34.1245,34.1665,33.632999,34.056999
34.568501,34.637001,34.2425,34.563
34.713001,34.974998,34.633999,34.759499
34.8825,35.188499,34.744999,35.176498
35.255001,35.626499,35.186501,35.512501
35.2505,35.405998,34.956501,35.244499
34.992001,35.650002,34.950001,35.448502
35.505501,35.508499,35.033501,35.362999
35.528,35.895,35.405499,35.889
35.971001,36.446499,35.943501,36.360001
36.596001,36.779999,36.375,36.6255
36.776001,36.776001,36.451,36.473999
36.696999,36.806999,36.529499,36.790001
37.049999,37.049999,36.731998,36.781502
36.8955,37.757,36.8255,37.66
37.4935,37.829498,37.4245,37.670502
37.702499,38.032001,37.702499,37.854
37.849998,37.907501,37.576,37.720501
37.866001,37.9725,37.632999,37.964001
37.883999,37.991001,37.703499,37.875999
37.875999,37.963001,37.637501,37.8825
37.948502,38.2225,37.796501,38.098499
38.442001,38.448502,37.954498,38.292
39.885502,40.196999,39.5,39.567001
39.3335,40.3745,39.251999,40.047001
39.866501,40.116001,39.726501,40.006001
39.823502,39.977001,39.651001,39.945999
39.911999,40.009998,39.695999,39.862499
40.005501,40.361,39.890499,40.3465
40.299999,40.380001,40.084499,40.261501
40.224499,40.6665,40.202999,40.374001
40.352501,40.543999,40.324501,40.4245
40.523499,40.694,40.299999,40.41
40.254501,40.359501,40.181999,40.352501
40.3605,40.568001,40.2015,40.298
40.174999,40.213001,39.849998,40.059502
40.0,40.281502,39.814999,40.271
40.268002,40.400002,40.081501,40.137501
39.989498,40.061501,39.844002,39.982498
39.925499,39.965,39.716499,39.8475
40.023998,40.049999,39.7995,39.829498
39.842999,39.923,39.537998,39.68
39.599998,39.736,39.3615,39.564999
39.6245,39.970001,39.470501,39.660999
39.6525,39.925999,39.515999,39.791
39.644001,39.900002,39.473499,39.596001
39.48,39.578499,39.360001,39.4925
39.598999,39.644501,39.316502,39.57
39.7635,39.855,39.662998,39.843498
39.919498,40.544498,39.7715,40.401001
40.3965,40.529999,40.186001,40.399502
40.261002,40.421001,40.050499,40.141998
39.938499,40.087502,39.4025,39.424
39.226002,40.008499,39.174999,39.941002
39.7005,39.789501,39.216499,39.436001
39.376499,39.816502,39.376499,39.522999
39.5005,40.182499,39.432999,40.061501
39.951,39.951,39.681,39.898499
40.0555,40.199501,39.678001,39.769501
40.0,40.137501,39.912998,39.988998
40.063,40.295502,39.801498,40.251499
40.5,40.952999,40.385502,40.797501
40.757,40.849998,40.636501,40.748001
40.491001,40.504002,40.022499,40.1325
40.091499,40.6745,40.091499,40.536499
40.203999,40.512501,40.139,40.502998
40.3615,40.695499,40.042999,40.132
40.18,40.404499,40.075001,40.202999
40.127499,40.176998,39.811501,40.019001
40.25,40.325001,39.983501,40.1395
40.299999,40.424999,40.0355,40.061501
40.203999,40.3475,40.025501,40.153999
40.296501,40.297001,39.841,40.0355
40.196499,40.868999,40.112,40.7085
40.7085,40.993,40.3685,40.4785
40.598,40.724998,40.427502,40.588501
40.303501,40.327999,39.931,40.203999
40.372501,40.504501,40.116001,40.23
40.2995,40.6745,40.191502,40.341999
40.710499,41.440498,40.6665,41.074501
41.144001,41.490002,41.144001,41.341999
41.377998,41.4235,41.0275,41.081501
41.0,41.2145,40.915501,41.202999
41.504501,41.896999,41.452,41.786999
41.924999,41.924999,41.264999,41.427502
41.355999,41.385502,40.817501,41.105
41.150501,41.328999,40.730499,40.8675
41.497002,41.950001,40.849998,40.978001
41.121498,41.1315,40.400002,40.494999
40.543499,40.698002,39.912998,40.273998
40.338001,40.338001,39.25,39.421001
39.224998,39.5,38.931499,39.109501
38.564999,39.424,38.549999,39.055
39.747501,40.25,39.645,40.101501
40.101501,40.801998,39.980999,40.598999
40.091499,40.585499,39.602001,40.279499
40.5,40.502998,38.411499,39.0145
38.8405,38.864498,38.277,38.587502
38.588001,38.589001,37.179501,37.660999
38.273499,39.012001,38.261002,38.757999
38.521,39.174999,38.316502,38.999001
39.125,39.445,38.9925,39.307999
39.358501,39.564499,38.767502,38.7985
38.904999,39.327499,38.814999,39.240002
39.449501,39.688499,39.187,39.25
39.476002,39.476002,38.6325,38.950001
39.130501,39.145,38.9095,39.011501
38.9175,39.987,38.904999,39.289501
39.418999,39.821999,39.266998,39.472
39.455002,39.5755,38.657501,38.793999
38.927502,38.93,37.667999,38.216499
38.095001,38.525002,37.950001,38.223
38.5,39.0,38.348499,38.910999
39.009499,39.264,38.666,38.808998
38.997501,39.599998,38.676498,39.573502
39.647499,39.950001,39.3955,39.758499
39.965,40.497501,39.9025,40.4725
40.241001,40.567501,40.226501,40.395
40.619499,41.215,40.597,40.766998
40.796001,41.213001,40.639,40.894501
40.868,41.150002,40.599998,40.782501
40.915501,40.959999,40.405998,40.492001
40.464001,40.811001,40.224998,40.625
40.668499,40.824501,40.549999,40.759998
40.785999,40.785999,40.255001,40.610001
40.455002,40.553501,40.301498,40.484001
40.400501,40.5485,40.255501,40.389999
40.433998,40.799999,40.290001,40.496498
40.6665,40.6665,40.122002,40.2285
40.116501,40.287498,39.907001,40.144001
40.1605,40.164501,39.480999,39.622501
40.030998,40.571999,39.844501,40.400501
40.494499,40.671501,40.205502,40.3885
40.375,40.687,40.296001,40.651001
40.7495,41.448002,40.575001,41.260502
41.318501,41.5215,41.081001,41.359001
41.3535,41.470501,41.157001,41.300499
41.331001,41.494999,41.073502,41.493
41.418999,41.519001,41.050499,41.476501
41.549999,41.732498,41.476002,41.547001
41.5,41.508999,41.16,41.373001
41.490002,41.490501,41.203999,41.451
41.450001,41.650002,41.198002,41.218498
41.454498,41.462002,41.23,41.408501
41.580502,42.277,41.435001,42.2215
42.348999,42.576,42.113998,42.476501
42.677502,42.939499,42.487,42.922501
42.952499,43.049999,42.526001,42.848999
42.950001,43.349998,42.095001,42.251499
41.853001,41.8615,41.051498,41.191502
40.974998,41.1535,40.669998,41.009499
41.200001,41.200001,40.612499,40.762001
40.75,41.228001,40.602501,40.912998
41.156502,41.306499,40.967499,41.0065
41.046001,41.119499,40.7145,41.081001
41.275002,41.596001,41.164501,41.461498
41.526501,41.712502,41.255501,41.493999
41.586498,41.598999,41.325001,41.502998
41.647499,41.857498,41.525501,41.7425
41.884998,42.087002,41.8125,41.948002
41.988499,42.099998,41.7915,42.001499
41.940498,42.088501,41.811001,41.866001
41.924999,42.134499,41.862999,42.108501
42.065498,42.347,41.988998,42.327499
42.399502,42.610001,42.327499,42.463501
42.400002,42.689499,42.335499,42.568001
42.554001,42.631001,42.125,42.549999
42.3825,42.417999,42.147999,42.390499
42.247501,42.533501,42.150501,42.483501
42.3675,42.441502,42.071999,42.246498
42.569,42.900002,42.451,42.837502
42.815498,42.824501,42.436001,42.4925
42.446999,42.541,42.2355,42.453999
42.342999,42.446999,42.058498,42.363499
42.362999,42.6665,42.276001,42.557499
42.655998,42.8465,42.5625,42.681999
42.684502,43.0355,42.633499,42.891998
43.134998,43.211498,42.880501,43.070499
43.0415,43.356499,43.041,43.229
43.1875,43.379002,43.0065,43.295502
43.396999,43.493999,43.064999,43.419498
43.526501,43.635502,43.375999,43.5
43.683998,43.721001,43.418499,43.6185
43.473999,43.516998,43.233501,43.3955
43.502998,43.6735,42.384499,42.507
42.473999,42.767502,42.349998,42.490002
42.0695,42.084499,41.650002,41.982498
42.099998,42.200001,41.455002,41.757
41.404499,42.069,41.215,41.925499
41.984501,42.27,41.613499,42.031502
42.137501,42.579498,42.069,42.4935
42.598999,42.599998,42.338501,42.473999
42.341499,42.478001,42.262001,42.389999
42.4375,42.950001,42.376499,42.837502
42.400002,42.650002,42.3755,42.628502
42.7355,43.029499,42.375999,42.445499
42.474998,42.679501,42.200001,42.255001
42.25,42.293999,41.865002,42.105
42.077,42.337002,42.039501,42.084999
42.084999,42.231499,41.73,41.993999
41.923,42.186001,41.879501,42.073002
42.051998,42.186501,41.892502,42.008999
42.069,42.782001,42.051498,42.7565
42.626999,42.869499,42.5625,42.699501
42.869499,43.009998,42.676498,42.8255
42.987,43.196499,42.875,43.004002
43.030998,43.122002,42.886501,42.947498
43.422001,43.998001,43.3055,43.946499
44.112999,44.612499,43.964001,44.442001
44.5695,44.649502,44.2575,44.457001
44.5,44.668999,44.359001,44.571999
46.450001,46.794998,46.160999,46.226002
46.2075,46.791,46.040001,46.640999
46.663502,47.149502,46.549999,46.8545
46.802502,47.509998,46.760502,47.422501
47.5145,47.957001,47.3685,47.736
47.835999,47.922001,47.404999,47.514
47.372501,48.0495,47.369999,47.934502
48.066502,48.110001,47.720001,47.835499
47.811001,47.835499,47.492001,47.742001
47.564499,47.899502,47.4305,47.794498
47.892502,47.898998,47.603001,47.757
47.7645,48.134998,47.640999,47.960999
48.177502,48.294998,48.017502,48.230499
47.985001,48.0495,47.002998,47.108501
47.16,47.709,47.063499,47.525002
47.640999,47.978001,47.599998,47.732498
47.849998,48.241001,47.827999,48.203499
48.498001,48.725498,48.224998,48.5275
48.763,48.905998,48.581501,48.880501
48.950001,49.789001,48.890999,49.592999
49.599998,49.8195,49.368,49.663502
49.625,49.881001,49.568001,49.808498
49.810501,49.98,49.084,49.3545
49.548,49.657001,49.064499,49.414501
49.429501,49.824001,49.3535,49.806
49.894501,50.369999,49.772499,50.194
50.165501,50.4305,49.740002,49.834
49.954498,50.195499,49.793499,50.075001
50.211498,50.279999,49.831001,50.214001
50.274502,50.275002,47.668499,48.506001
47.936001,48.400002,46.84,48.0905
48.602001,48.8955,48.100498,48.525002
48.775002,48.985001,47.975498,48.3965
47.401001,48.034,47.018501,48.008999
47.8955,47.997501,47.435001,47.931
48.482498,48.965,48.41,48.761002
48.765499,49.039501,48.41,48.449501
48.539501,48.977501,48.4725,48.929501
48.843498,49.025002,48.665501,48.831001
48.775002,49.331001,48.723,49.304501
49.5,49.699501,48.516499,48.6045
48.080002,48.361,47.3545,47.404499
47.533001,48.161999,46.807999,48.050499
47.567501,47.583,46.48,46.890999
47.199501,47.25,46.480499,46.484001
46.660999,46.712002,45.765499,45.973
46.209999,46.814499,45.931499,46.612999
46.25,46.806999,45.9925,46.384499
46.5495,47.233002,46.489498,47.040501
47.0975,47.656502,47.0975,47.549999
47.526001,47.744499,47.256001,47.676498
48.042999,48.481499,47.852001,48.382999
48.540001,48.935001,48.240002,48.442501
48.700001,48.876999,48.5075,48.845501
48.816002,49.1675,48.540001,48.798
48.667999,49.5425,48.602001,49.3475
49.5005,49.779999,49.350498,49.6385
49.849998,49.933998,49.230999,49.609501
49.450001,49.755501,49.2085,49.692001
49.705002,50.309502,49.5135,49.915501
48.535,48.836498,48.189999,48.4515
48.639,48.697498,48.011501,48.265499
48.459,48.476002,46.853001,47.6255
47.399502,48.0895,47.265499,47.9165
48.0,48.059502,47.086498,47.275002
47.390499,47.724499,47.248001,47.327999
47.418499,47.455002,46.625999,47.382
47.455002,47.5,46.972,47.014999
47.197498,47.376999,46.990002,47.289501
47.375999,47.448002,47.174999,47.287498
47.2145,47.6245,47.124001,47.209499
46.922501,47.188,46.695999,47.004002
46.75,46.814999,46.089001,46.179501
46.185501,46.667999,46.061001,46.504501
46.953499,47.051998,46.724499,46.946499
47.051498,47.1535,46.832001,46.903999
47.0625,47.494999,47.001999,47.213501
47.147499,47.190498,46.382,46.382999
46.348999,46.550999,46.172501,46.308998
46.288502,46.412498,45.93,46.043499
46.348,47.098,46.308498,47.02
46.849998,47.2715,46.762001,47.129002
47.185501,47.315498,46.536999,46.844501
46.960499,47.036499,46.505001,46.525002
46.594002,46.7425,46.3055,46.406502
45.997501,46.9095,45.9655,46.787498
46.783501,47.292999,46.702499,47.181499
47.314999,47.860001,47.3125,47.762001
47.873501,47.9165,47.514,47.599499
47.342999,47.5695,46.779999,47.074001
47.193501,47.224998,46.633999,47.101002
47.212502,47.525002,46.876499,47.494499
47.485001,47.535,47.0005,47.070499
47.360001,47.633999,47.049999,47.164501
47.346001,47.404499,46.875,47.3325
47.275002,47.642502,47.237,47.521999
47.299999,47.401501,46.917999,47.0065
47.004501,47.087502,46.5625,46.7645
46.7505,46.842999,46.27,46.487499
46.670502,46.896999,46.333,46.842999
46.886501,47.5,46.875,47.376999
47.406502,47.639999,46.969002,47.377499
47.1385,47.5,47.042,47.162998
46.9725,46.987499,46.225498,46.714001
46.834499,47.203999,46.756001,46.871498
47.137001,48.2715,47.0975,47.994999
47.8125,48.308998,47.7775,48.240501
48.299999,48.790501,48.299999,48.686001
48.782501,48.887001,48.0975,48.373501
48.377998,48.622002,48.135502,48.604
48.588001,48.720001,48.280499,48.339001
48.6395,49.3255,48.5135,49.259499
49.0,49.713001,48.925499,49.681999
49.75,50.022999,49.575001,49.615501
49.764999,49.873501,49.0555,49.389999
49.452,50.378502,49.396999,50.282501
50.192001,50.577,50.055,50.282501
50.455502,50.737999,50.353001,50.393501
50.481499,50.599998,50.076,50.467499
50.372002,50.728001,50.302502,50.549999
50.552502,50.815498,50.265999,50.637001
50.237499,50.366001,49.865002,50.091999
50.352501,50.432499,50.113499,50.253502
50.258999,50.289501,49.154999,49.277
49.325001,49.463001,48.854,49.4245
49.313499,49.7215,48.886002,49.573002
49.9235,50.3255,49.523499,49.570999
51.5495,53.181,51.342499,51.683498
51.458,51.991501,51.116501,51.656502
51.650002,52.049999,51.314999,51.652
51.816002,52.393002,51.700001,52.130001
51.9995,52.276001,51.432999,52.148499
52.137501,52.533001,51.8825,52.4995
52.455002,52.629501,52.099998,52.133999
52.482498,52.670502,52.150002,52.619499
52.502499,53.134499,52.352501,52.914501
52.400002,52.543999,51.7925,52.386002
52.193501,52.331501,52.061001,52.2075
52.040001,52.437,51.963001,52.060001
51.886002,52.115002,51.466499,52.082001
51.75,51.981499,51.537998,51.820499
51.9375,52.588001,51.900002,52.4235
52.490002,52.549999,51.686501,51.794498
51.799999,51.935001,51.633999,51.733002
52.001999,52.519501,51.957001,52.514999
52.557999,52.7715,52.362499,52.596001
52.719501,53.003502,52.596001,52.826
52.928501,53.652,52.738499,53.600498
53.699501,54.0,52.727001,53.164501
52.808998,52.938499,51.482498,51.868999
51.997002,52.207001,51.503502,51.808498
51.5205,51.862,50.845001,51.253502
51.389999,51.567001,50.460999,50.593498
50.5495,51.834,50.116001,50.98
50.826,51.979,50.765499,51.636002
51.803501,52.445999,51.768002,52.2285
52.5905,52.820999,52.292999,52.469002
52.5555,52.799999,52.206001,52.598499
52.5,53.125,52.2435,52.438499
52.604,52.773998,52.328999,52.5695
52.774502,53.354,52.68,52.873501
53.188999,53.762501,53.004501,53.599998
53.822498,54.324501,53.518501,54.254501
54.151001,54.248501,53.613499,53.988998
54.046001,54.061501,53.43,53.678001
53.769501,53.875999,53.450001,53.5425
53.5,53.585999,53.382,53.443001
53.431999,53.443001,52.931999,53.2925
53.330002,53.413502,52.918999,53.009998
53.112499,53.242001,52.668999,52.797501
52.774502,52.9025,52.634998,52.669998
52.651001,53.799,52.651001,53.6605
53.696499,54.805,53.671501,54.576
54.8545,55.203999,54.713001,54.787998
55.172501,55.679001,55.09,55.5145
55.549999,55.958,55.5,55.710499
55.922001,55.922001,55.41,55.6395
55.349998,55.639,55.199001,55.507
55.615501,55.7425,55.324001,55.602501
55.505001,56.564999,55.400501,56.532501
57.015499,57.444,56.333,56.535
56.818001,56.966,56.1745,56.955002
56.967499,57.029499,56.223,56.7985
56.901501,57.188999,56.625,57.174999
57.191002,58.344002,57.091,58.208
58.530998,58.925499,58.362499,58.808498
59.249001,59.352501,58.369999,58.564499
59.0355,59.25,58.591999,59.106998
59.376499,59.377998,58.401501,59.377998
59.400002,59.900002,59.202999,59.324001
58.886002,59.3965,58.725498,58.8685
59.190498,59.316002,58.605,59.111
58.7995,59.372501,58.467999,59.079498
56.370998,56.564999,55.558498,55.959999
55.030499,55.7495,52.837002,53.119499
51.699001,54.368999,51.5005,54.2215
54.248501,54.3265,52.730999,52.7705
52.9935,53.196499,50.235001,50.385502
51.293999,52.585999,49.849998,52.313499
52.8335,53.2785,52.274502,52.728001
52.5,53.061001,52.346001,52.707001
52.716,53.773499,52.490002,53.634998
54.172501,54.705002,53.3615,54.568001
54.668999,55.415501,54.577499,54.775002
54.638,55.814499,54.5,55.179501
55.455002,56.810001,55.3755,55.6875
55.9585,56.272999,55.2575,55.494999
55.932999,56.450001,55.422001,56.404499
56.592999,57.209999,56.466999,57.185001
57.185001,57.212502,55.8395,55.8755
56.099998,56.3825,55.150002,55.195999
55.477001,55.563499,53.364498,53.570499
52.898998,54.344501,52.505501,54.207001
53.906502,55.058998,53.613499,54.737999
55.105,55.281502,54.724998,55.044998
54.640999,55.810001,54.495499,55.751999
55.860001,56.571999,55.860001,56.469002
56.974998,58.049999,56.7145,58.042
58.252499,58.908001,57.959999,58.296501
58.591499,58.900002,56.7285,56.995499
57.290001,57.987999,57.1175,57.4445
57.4785,58.125,56.783001,57.530499
57.767502,57.8405,56.568001,56.721001
55.888,55.968498,54.445999,55.003502
54.919998,55.2775,54.120998,54.790001
54.628502,55.435001,54.3605,54.700001
54.0005,54.195999,52.481998,52.657501
52.568501,53.339001,51.2435,51.327499
52.529999,52.963501,50.528999,52.704498
53.195,53.227001,49.881001,50.347
50.095501,51.2495,49.200001,50.258999
50.560501,52.4025,50.202,51.856998
51.381001,51.976501,49.712502,50.6315
50.807499,51.25,49.862499,50.933998
49.911499,51.637001,49.8255,51.4855
52.3195,52.335499,51.200001,51.632
51.154999,51.799999,50.3125,50.497501
51.001999,52.2295,50.959999,51.004501
51.513,52.060501,50.7705,51.825001
51.599998,51.793499,50.959999,51.252998
51.573502,52.232498,51.302502,51.864498
52.344501,52.648998,51.5075,51.801998
52.2775,52.571499,51.695999,52.305
53.060001,54.25,52.8545,53.967999
53.9505,54.099998,53.526001,53.769501
53.451,54.8755,53.451,54.4725
54.213501,54.737499,53.605,53.866001
54.148998,54.400002,53.334,53.690498
52.959999,53.224499,50.643002,51.132
51.487499,51.803501,50.850498,51.149502
51.660999,52.601002,51.022499,52.165501
52.277,52.584999,51.379501,51.572498
51.721001,51.918499,50.915001,50.929001
50.814999,52.086498,50.530499,52.037498
51.700001,52.199001,51.158001,51.302502
51.268501,51.5345,50.394501,51.314999
50.980499,52.594002,50.9025,52.549999
52.6945,53.25,52.5135,52.973
53.230999,53.261501,52.582001,52.929501
53.205002,54.700001,53.105499,54.447498
54.75,55.470501,54.694,55.273499
55.0205,55.4505,54.861,55.168999
55.2785,55.907501,55.240002,55.330002
54.845001,54.956001,53.938999,54.2435
54.254501,54.719002,54.081501,54.204498
54.073002,54.549999,53.820999,54.063
53.299999,53.686501,53.234001,53.481998
53.950001,54.665001,53.900002,54.2005
54.490002,54.59,53.612999,53.765499
53.5,54.400002,53.348,54.298
54.345001,54.355999,53.615002,54.272499
54.327499,54.4785,54.130001,54.203999
53.799999,54.067001,53.153999,53.4035
53.674,53.949501,53.327499,53.873501
54.099998,55.5,53.900002,55.0
55.643501,56.908001,55.600498,56.75
56.924999,57.893002,56.849998,57.652
57.733002,58.055,57.373001,57.550999
57.6385,57.7355,56.816002,57.3475
57.229,57.293499,56.306,56.721001
56.560501,56.938999,56.161499,56.635502
56.646999,57.387001,56.57,57.044998
57.050999,57.4375,57.050999,57.4095
57.613998,57.782001,57.168999,57.211498
57.6105,58.2995,57.529999,58.005501
57.995998,58.195499,57.684502,57.963501
57.634499,59.206501,57.549999,59.179001
58.505501,59.140499,58.080502,58.934502
59.165001,60.074501,59.101501,59.203499
59.275501,59.516499,58.174,58.472
58.574501,58.75,57.982498,58.4645
57.75,57.7995,55.994999,56.964001
57.207001,57.343498,56.450001,56.631001
56.799999,57.310501,55.834999,55.847
55.619499,56.700001,55.303501,56.339001
56.615501,57.068001,56.351002,56.459499
55.767502,57.149502,55.330002,57.105499
57.471001,57.495499,55.7215,55.813999
56.23,57.207001,56.155998,57.064499
57.088501,57.810001,56.862,57.754002
58.0,58.3965,57.8615,58.363998
58.4995,58.674999,58.127998,58.356998
57.780998,59.021999,57.768501,58.573002
58.743,60.099499,58.654999,60.063
60.139999,60.521999,59.7645,60.221001
60.190498,60.435501,59.669998,59.8255
59.137001,60.938,59.099998,60.653999
60.426498,61.079498,60.228001,60.6455
60.3325,60.824001,59.886501,59.955002
59.962002,60.538502,59.829498,59.894001
59.783001,60.755001,59.600498,60.549999
63.549999,63.75,62.207001,62.907501
62.631001,63.911999,62.452499,63.797001
63.359001,64.370003,63.150002,64.275002
64.456001,64.571999,62.224499,62.644501
62.252499,62.644501,61.2085,61.501999
61.585499,62.060501,60.809502,61.361
61.955502,62.294998,61.247002,61.649502
60.924999,62.220501,60.903,62.056499
62.258999,62.326,61.471001,61.908001
62.080502,62.123001,61.526501,61.883499
62.600498,63.304001,62.59,62.792
62.835999,63.585999,62.605999,63.066502
63.136501,63.598,63.005001,63.223
62.959,63.060001,62.358002,62.6255
62.560001,63.2985,62.351501,62.431999
62.625,63.029499,61.977001,62.907001
62.214001,62.598999,61.312,61.611
62.099499,62.185001,60.981499,61.202999
61.102001,61.3475,60.200001,60.7925
61.033001,61.295502,60.435001,61.0975
61.151001,61.638,60.751499,60.870499
60.710999,61.3265,60.660999,61.087502
60.993999,61.758499,60.967499,61.057999
61.299999,61.869999,61.070999,61.837502
62.207001,62.893501,62.034,62.813499
62.794998,62.827999,62.148499,62.292999
62.75,63.358501,62.639999,63.232498
63.169998,63.474499,62.3605,62.722
62.6105,62.627499,61.287498,61.59
61.125999,61.393501,60.327999,60.565498
60.460999,60.7435,58.766998,59.955002
59.928501,59.949501,58.1805,59.199501
58.599998,59.427502,58.463501,58.879501
59.209999,59.333,58.530499,58.752998
58.555,59.547001,58.297501,59.4995
59.099998,59.5345,58.307999,58.580002
58.985001,59.393002,58.460999,59.106998
59.400002,59.400002,58.675999,58.898998
58.8885,59.091,57.923,57.991501
58.132999,59.066502,58.071499,58.355499
58.448002,58.813499,57.931,58.713501
59.033501,59.700001,58.8125,59.578499
59.745998,59.828999,58.603001,58.605999
57.970501,59.259499,57.575001,58.978001
59.212502,59.842999,58.704498,59.6945
59.684502,60.362,59.27,59.702999
60.0,60.842999,59.9025,60.368
60.204498,60.422501,59.891499,60.354
60.650002,61.209999,60.1595,60.426498
60.3335,61.226002,59.983002,60.382
60.599998,60.709,60.107498,60.5765
60.251499,60.294998,58.192501,58.8535
58.799999,59.099998,57.716,58.391499
58.0,58.792999,56.77,57.796001
57.565498,58.077499,57.2085,57.258499
56.82,56.851002,54.5755,54.608002
53.952,55.803001,53.794498,54.536999
55.981998,56.2915,54.751499,56.027
55.900002,56.09,54.910999,55.122002
55.674,56.818501,55.587502,56.653999
57.0,57.349998,55.700001,56.379501
56.5,56.6175,54.317001,54.8955
55.185501,56.047501,54.851501,55.258999
55.6255,56.084499,55.0,55.568501
54.564499,55.900002,53.9505,55.745499
55.75,55.831001,52.752998,52.855999
54.014999,55.890999,53.7775,55.179501
52.4165,55.849998,52.1115,54.1875
54.827,55.441502,50.360001,51.7365
51.0005,52.544998,50.698502,52.475498
53.41,55.400002,53.41,54.528999
54.57,54.994999,53.890999,54.299
54.450001,54.900002,53.382999,53.574501
53.626499,53.6675,51.700001,52.786499
52.750999,53.991001,52.6805,53.4785
54.1745,55.496498,54.029499,55.411999
55.365002,55.410999,54.217999,54.731499
54.201,54.4175,53.213001,53.851002
53.656502,53.705002,52.017502,52.467999
52.740501,53.3335,52.02,52.398499
53.0,53.289501,52.0555,52.729
52.573002,53.943501,52.064499,53.552502
53.261501,53.622002,52.744999,53.413502
53.169498,53.400002,51.143501,51.370998
50.364498,51.8675,50.1105,51.522499
52.265499,52.7355,51.973,52.171501
51.674999,52.150002,51.425999,51.505001
52.200001,52.849998,51.988499,52.797001
52.567001,53.338001,52.275002,52.613998
52.873001,54.643002,52.147499,54.5895
54.176498,55.0075,54.099998,54.729
54.781502,55.482498,54.159,55.482498
56.608002,56.75,55.586498,55.818001
55.649502,55.712002,53.039001,53.123501
52.25,53.971001,52.124001,53.903999
53.6115,54.251499,51.968498,52.328999
52.146999,52.98,51.650002,52.659
53.347,53.52,52.505001,53.0825
53.854,54.586498,53.598499,53.686501
53.783501,54.421001,53.2495,53.676998
53.000999,53.585999,52.468498,52.585499
52.350498,53.118999,50.831501,51.282501
51.700001,52.984501,51.523998,52.170502
52.364498,53.7855,50.9715,51.772999
51.299999,52.372002,50.393002,51.179001
51.602001,51.883499,49.059502,49.5625
49.216,50.605999,48.882999,49.233501
49.899502,52.422501,49.6325,52.392502
51.310001,52.667,50.349998,52.645
52.974998,53.211498,52.099998,52.334
52.891499,53.149502,51.652,52.248001
51.360001,53.039501,51.264,52.734001
52.533501,53.313,51.1185,51.273499
52.127998,54.0,51.842999,53.9035
54.0485,54.134998,53.132,53.796001
54.299999,54.6675,53.4175,54.268501
54.399502,54.582001,53.718498,54.0825
53.747002,53.990501,53.234001,53.941502
53.494999,53.668499,52.821499,53.223499
52.667,52.922501,52.427502,52.5755
52.900501,54.413502,52.722,54.3255
54.5,55.118,54.400501,54.475498
54.399502,55.035,54.162998,54.956001
55.429501,55.900002,54.964001,55.365002
54.799999,54.948502,53.544498,53.931499
54.342999,54.647499,53.378502,54.220501
54.1255,54.400002,53.500999,54.200001
54.711498,55.167999,54.59,55.0755
54.503502,54.668499,53.730499,53.993
54.051998,54.2365,53.300999,53.502998
53.868,54.976002,53.832001,54.899502
55.612,56.383499,55.262501,56.294498
56.114498,56.720001,55.712502,55.931
55.9505,57.117001,55.8755,57.070999
56.481499,57.6385,56.18,57.593498
57.463501,57.700001,55.917999,56.144501
55.591,55.599499,54.679501,55.295502
54.743999,55.255001,54.712002,55.118999
55.1875,55.671501,55.0,55.105999
55.550499,56.643002,55.550499,56.379002
56.652,57.142502,56.299999,56.431499
56.25,56.806499,55.8545,56.459999
56.965,56.965,55.835999,55.981499
55.832001,56.481998,55.832001,56.3255
56.444,56.546501,55.587502,56.029499
55.938999,55.9575,54.898998,55.210499
55.485001,55.862499,55.025002,55.827999
56.0965,56.27,55.705502,55.866501
55.718498,56.321999,55.334999,56.100498
55.7005,56.286499,55.428001,56.144501
55.950001,56.699501,55.920502,56.327499
56.549999,57.5,56.549999,57.425999
57.728001,58.276001,56.912498,57.671001
57.799999,58.824501,57.651001,58.459499
58.588001,58.737,58.1525,58.247002
58.025002,58.179001,57.085499,57.5425
56.695,57.672501,56.509998,57.498501
57.599998,58.995499,57.578499,58.963001
59.115002,60.2855,59.115002,59.862499
60.296501,60.355999,59.8955,59.952999
59.951,60.235001,59.561501,59.626499
59.900002,60.085999,59.350498,59.514999
59.484501,59.747501,59.074001,59.427502
59.585999,60.170502,59.473,60.123001
60.07,61.4995,59.9795,61.321499
61.0,61.821999,60.828999,61.806499
61.442501,61.681499,60.299999,60.3825
59.978001,60.472,59.5,59.868999
60.259499,60.3825,59.088001,59.492001
59.596001,59.596001,58.211498,58.900501
58.775002,58.862499,58.171501,58.613499
59.008999,59.198502,58.319,58.844501
59.376999,60.009998,59.318001,59.949001
60.002499,60.290501,59.562,60.277
60.634998,61.029999,60.254002,60.540501
60.564499,61.0275,60.452,60.9725
60.965,61.019501,60.501499,60.572498
60.5555,60.697498,60.235001,60.414001
60.094501,60.357498,59.918999,60.134499
60.254501,60.446999,60.033001,60.322498
60.445,60.637001,60.227001,60.4795
60.780998,61.1525,60.664501,61.136501
61.204498,61.465,60.728001,61.3265
61.5,61.799,61.251999,61.595501
61.849998,62.255001,61.645,62.007
62.25,62.297001,61.970501,62.073502
61.8335,62.716999,61.668499,62.688
62.832001,63.7215,62.598499,63.529499
63.529499,63.700001,62.990501,63.002499
63.514999,63.639999,62.900002,63.367001
63.668999,63.945499,63.25,63.870998
64.025497,64.848503,63.585499,64.809998
59.531502,60.049,59.150002,59.948002
59.875,59.962502,58.584,58.666
58.630001,58.969002,57.9165,58.3255
58.870499,59.57,58.677502,59.477501
58.599998,59.7715,58.557999,59.673
59.290501,59.738499,58.25,58.943001
58.864498,59.213501,58.3815,58.539001
58.130001,58.703499,57.731998,58.398499
58.442001,58.813999,57.318501,58.382
57.262001,57.598499,56.275002,56.829498
57.116001,57.2435,56.176498,56.243
56.127499,58.915001,56.07,58.540001
58.591999,59.708,58.422501,59.224998
58.7915,59.314499,58.320999,58.438999
57.650002,57.650002,56.907001,57.233002
57.723999,57.900002,57.165501,57.722
57.5625,58.188999,57.549999,57.7925
57.303501,57.502499,56.658001,57.266998
57.599998,57.717999,56.835499,56.9305
57.074001,57.824501,56.933498,56.978001
56.634998,56.75,55.5975,55.997002
56.0075,56.34,55.794998,56.070499
55.282001,55.669998,55.1675,55.325001
53.3465,53.349998,51.351501,51.937
52.224499,52.922001,51.801498,52.724499
52.75,52.8405,51.650002,52.231998
52.310501,52.5,51.775501,52.388
52.714001,53.671501,52.557499,53.418499
53.849998,54.742001,53.764,54.138
54.849499,55.2005,53.9785,54.051998
53.997501,54.125999,53.48,53.955002
54.2355,54.829498,54.128502,54.550499
54.487,54.737999,54.074001,54.314999
54.455002,55.063999,54.400002,54.6945
55.575001,55.938999,55.039501,55.262001
55.362,55.4715,54.801498,55.225498
56.084999,56.136002,55.349998,55.66
55.493,56.328499,55.486,56.268501
56.0,56.178501,55.665501,55.834999
55.754002,55.785,54.23,54.379002
54.549999,54.756001,53.684502,54.015999
54.337502,54.423,53.7925,53.831501
53.8615,54.139999,53.689999,54.139999
55.051998,55.429501,54.766499,55.0
55.241501,55.644501,54.983501,55.630001
55.924999,56.399502,55.7425,56.149502
55.968498,56.732498,55.875,56.633499
56.293499,56.3605,55.588001,55.8395
55.515999,56.393002,55.357498,56.2145
56.616001,57.117001,56.533001,57.045502
57.307999,57.661999,56.976501,57.203999
57.1465,57.375,56.928001,57.266998
57.266998,57.534,57.0,57.525501
57.336498,57.929001,57.336498,57.673
57.546001,57.922001,57.331001,57.337002
57.099998,57.408501,56.643002,57.362
57.466,57.578999,56.5625,56.577499
56.773499,57.000999,56.260502,56.960499
57.172501,57.443001,56.642502,57.4025
56.631001,57.272999,56.425499,56.9865
56.947498,57.179501,56.185501,56.797001
61.400002,63.419498,61.400002,62.261002
62.125,62.449501,61.509998,62.091999
61.349998,61.845501,61.265999,61.400002
61.2435,61.745499,60.409,60.91
60.8815,61.814999,60.349998,60.589001
60.150002,60.474998,59.5,59.816002
58.648499,58.844002,57.137501,57.737499
58.276001,59.07,58.0765,58.554001
57.889999,58.9935,57.542,58.795502
59.321499,60.313999,58.700001,60.309502
59.9995,60.223,59.244499,59.445
59.0,59.280499,58.436001,58.724998
58.717499,60.2715,58.649502,59.836498
58.803501,59.1395,58.053501,58.212502
58.421501,58.820999,58.150002,58.466
59.039501,59.192001,58.650002,58.960499
59.591499,60.469501,59.52,60.021999
59.767502,59.900002,59.1525,59.176498
59.791,60.028,59.396,59.578999
59.689999,59.938999,58.945499,59.576
59.258499,59.783501,57.5,57.679001
57.9725,58.592999,57.7425,58.558998
59.150002,59.25,58.228001,58.541
58.2435,58.924999,58.012501,58.6875
59.320999,59.959499,59.264,59.712002
60.017502,60.017502,59.285999,59.526501
59.092499,59.453999,58.185501,58.477501
58.9725,59.243999,58.5765,59.113499
59.682999,60.700001,59.634499,60.609501
60.457001,60.647499,60.162998,60.316002
60.354,61.0275,59.658501,60.2635
59.804501,60.5,59.800499,60.285
60.1945,61.123501,60.113998,61.0
61.1735,62.120998,61.127998,61.748501
61.605499,62.052502,61.354,62.001499
61.521999,61.951,61.259499,61.581501
61.581501,61.75,61.1675,61.493999
61.512001,61.812,60.823502,61.6325
61.616001,62.216999,61.615501,61.9375
61.681999,62.139999,61.179001,61.492001
61.328499,61.984001,61.188999,61.734501
62.0,62.355499,60.532001,60.9165
60.800499,62.401001,60.459999,62.297001
62.106998,62.233501,61.591,62.114498
62.141499,62.2495,60.759998,61.297501
61.029999,61.370499,60.671001,61.056999
61.1245,61.643002,60.2775,60.299999
59.825001,59.938,58.6315,58.896
59.167,59.549999,58.157001,59.4715
59.7145,60.623001,59.5485,60.548
60.349998,60.945499,60.217999,60.412498
59.938499,60.343498,59.473999,59.5065
60.066502,60.423,59.905998,60.119999
59.93,60.780998,59.893002,60.473499
61.2015,61.4375,60.681999,60.7855
60.6945,61.293999,60.594002,60.8885
61.075001,62.356499,61.046001,62.112
62.0905,62.709499,61.926498,62.150002
62.57,63.1875,62.4935,62.639999
62.734501,62.905499,62.007,62.220501
62.435001,62.675499,61.9995,62.214001
62.223999,62.436501,61.9925,62.060001
62.010502,62.902,62.010502,62.8815
62.955502,63.145,62.6175,62.955502
62.599998,63.400002,62.4575,63.215
63.75,64.961998,63.615501,64.448997
63.799999,64.040001,62.780499,63.033001
62.7575,63.401001,62.532501,63.035
63.0,63.326,62.473999,62.939999
63.290001,63.650002,62.9855,63.612499
63.8055,64.625,63.8055,64.480499
64.559998,64.862,64.469002,64.571999
64.504501,64.649498,64.113503,64.550499
64.713997,66.1325,64.6875,65.347
65.075996,65.855499,65.075996,65.449997
65.199997,65.245003,64.793503,64.914001
64.928497,65.467499,64.711998,64.860497
64.658997,65.125999,64.607498,64.808998
64.75,65.786003,64.696999,65.457497
65.752502,66.677002,65.594498,66.677002
66.616997,66.695999,65.807999,65.991997
66.331497,66.331497,65.588501,65.629501
65.568001,65.6605,64.460503,65.093002
64.962502,65.556,64.537498,65.007004
65.150002,65.345001,64.468002,64.683502
64.813004,65.5205,64.780502,65.281998
65.495499,65.7005,65.202003,65.650002
65.771004,65.882004,65.473503,65.606499
65.330002,65.497498,65.161499,65.204498
65.127998,65.272003,64.018997,64.443001
63.932999,64.861504,63.852501,64.737
65.305,66.213501,65.152496,65.946999
66.349998,66.399002,65.716003,66.348
66.637497,67.123497,66.561501,66.969498
66.943001,67.877502,66.803497,67.149498
66.997002,67.400002,66.699997,67.144501
67.415001,67.494499,67.055,67.212502
67.1605,67.728996,66.910004,67.4245
67.394997,67.567497,67.083,67.343498
67.75,68.176498,67.530502,68.035004
68.120499,68.216499,67.538498,67.744499
67.849998,67.971497,67.523003,67.595497
67.595497,67.876503,67.4375,67.821999
68.154999,68.199997,67.536499,67.560997
67.936501,68.092499,67.400002,67.531502
67.510498,67.600502,67.208504,67.221497
67.327499,68.160004,67.275497,68.123497
68.199997,68.352501,67.650002,67.732002
67.8405,67.849998,66.891998,66.985497
66.789497,67.032997,66.606499,66.969498
67.420502,68.433998,67.324501,68.433998
67.400002,68.6875,67.365997,68.075996
67.581497,69.916,67.550003,69.890503
70.023003,70.175003,69.578003,69.755501
69.740997,70.592499,69.6315,70.251999
71.096497,71.433998,70.510498,70.989502
71.473503,71.747002,70.980003,71.447998
71.762497,72.073997,71.268501,72.001503
72.0,72.1315,71.388496,71.529503
71.651001,72.039001,71.583,71.959999
72.272499,72.535004,72.0,72.508003
73.126999,74.027496,72.827499,73.975998
73.949997,74.494003,73.510498,74.112503
74.486504,75.028999,74.133003,74.193497
74.377502,74.675003,74.015999,74.234497
74.640999,74.709999,73.158997,73.308502
71.577003,71.829002,70.974998,71.586502
72.086998,72.739998,71.517998,72.525002
72.922997,73.207001,72.269501,72.834999
71.904999,72.762497,71.75,72.712502
73.392998,73.483498,71.352997,71.639
73.082497,74.315002,72.830498,74.129997
72.724503,73.366997,71.101501,72.2705
73.180496,73.228996,71.484001,72.302498
72.598999,74.078003,72.524002,73.7985
73.369499,74.262497,73.2705,73.955498
73.861504,75.444,73.760002,75.432999
75.663498,76.494003,75.272499,75.502998
75.792999,76.014999,75.433502,75.931503
75.5,76.297501,75.199997,75.669502
75.726501,76.002502,75.277496,75.936501
75.717003,76.528,75.550499,75.972
76.360001,76.537003,76.049004,76.2435
75.9505,76.3535,75.212997,75.849503
75.228996,75.547501,73.9245,74.172997
71.152496,71.819,70.3395,70.992996
71.550003,71.842499,69.021004,69.316002
69.749001,70.683502,68.827499,69.523499
67.957001,68.470001,65.711998,65.747498
63.7155,67.122498,63.4105,66.962502
67.569504,69.373497,66.260002,69.316002
69.884003,70.4095,66.461998,66.886002
67.947998,69.139,66.849998,69.080002
67.277496,67.681503,65.082001,65.737999
63.497501,65.137497,62.8605,64.787003
60.248001,62.636501,59.902,60.789501
62.719501,63.7925,60.725498,63.758499
62.413502,62.8465,59.556999,60.544998
56.131001,59.4375,55.4235,55.577499
58.7495,60.720001,55.614498,60.713501
54.480499,57.273499,53.354,53.650002
54.532001,56.299999,52.455002,55.903
52.997002,55.2495,51.849998,54.559502
54.410999,57.630501,52.7775,55.5835
56.544998,56.924,53.105,53.4105
52.818501,53.345501,50.443501,52.706501
55.199001,56.6665,54.321499,56.5005
56.229,57.308498,54.150501,55.081001
55.736,58.574001,54.601501,58.146
56.373501,57.552502,55.200001,55.513
56.632,57.549999,54.9245,57.315498
57.436501,58.669998,56.835999,58.0975
56.200001,56.471001,54.6745,55.105
55.0,56.1385,54.656502,55.851501
55.7355,55.939499,53.754002,54.634998
56.650002,59.537498,56.25,59.1595
60.850498,61.039001,58.862499,59.127998
60.154999,60.744999,59.197498,60.349998
60.909,61.099499,59.620998,60.328499
60.075001,60.726002,59.116501,60.5205
61.998501,63.787498,61.426998,63.261501
62.3255,63.755501,61.700001,62.865002
63.356998,63.667999,61.91,62.871498
64.084999,64.5,63.299999,63.950001
63.494499,63.841,62.821999,63.057499
62.135502,62.5,60.25,60.608002
62.0555,63.993999,61.860001,62.920502
63.286999,64.407501,63.026501,63.558498
62.75,63.885502,62.200001,63.830002
64.599998,64.705002,63.252998,63.542999
64.160004,64.237999,61.519001,61.629501
67.25,68.0075,66.336502,67.109001
66.568001,67.5,66.074997,67.334999
66.204498,67.571503,65.483002,65.865997
65.406502,66.223503,64.800499,66.144997
66.875,68.550499,66.751503,67.450996
67.900002,68.434502,67.2565,67.2715
68.065498,68.800003,67.626999,68.463997
69.091003,69.832001,68.600502,69.217003
68.8395,70.776497,68.775002,70.179497
70.411003,70.716499,68.725502,68.759003
68.807999,69.266502,66.400497,67.416496
66.676003,67.8685,66.165001,67.843002
67.413002,68.728996,66.949997,68.653
68.079002,69.638,67.709999,69.259003
69.274002,69.624496,68.688004,68.720001
69.458,70.601501,69.371002,70.458
70.5495,70.822998,69.719498,70.337502
70.195,70.849998,69.797501,70.662003
72.098,72.255501,70.970001,71.068497
71.0,71.267502,69.730003,71.014
70.0,72.223,69.954002,70.912003
71.0215,71.836502,70.799004,71.676003
71.285004,72.079002,71.113998,71.7435
71.75,72.150002,71.080498,72.115501
72.135002,72.4505,71.581001,71.962502
71.838997,72.066002,70.300499,70.714996
70.781998,72.315002,70.380997,72.000999
71.314003,72.449997,71.223999,72.402
72.262001,73.389999,72.117996,72.603996
73.0755,73.638496,72.718002,73.235001
72.051498,72.580002,69.920502,70.095001
71.292999,71.725502,69.290001,70.646004
69.474503,71.25,69.360001,71.037003
72.449997,72.858498,71.449501,72.323502
72.647003,73.110001,71.7565,72.626999
72.4925,72.648499,71.311996,71.706001
72.0,72.224998,70.949997,71.232002
71.250504,72.547501,70.959503,72.532997
72.599998,73.760002,72.25,73.198997
73.164001,73.789497,71.5,71.635002
71.560997,72.115997,70.976997,72.055
71.6315,71.850998,67.75,68.126999
68.016998,69.900002,67.582497,69.858498
69.844002,71.199997,69.346497,70.902496
70.958504,72.424004,70.709,72.099998
72.592003,74.426003,72.553497,73.496498
74.407501,75.5,73.848999,74.982498
74.806503,76.066002,74.485001,74.496002
75.040001,75.558502,74.614998,75.18
75.496498,76.457001,74.779503,75.932999
75.662498,77.067001,75.036003,76.9505
77.497002,78.818001,75.328003,75.611504
74.639503,76.139999,74.296501,76.042999
76.161499,76.816498,74.891502,75.844002
75.074997,75.795502,74.413498,75.746002
75.845497,76.171501,74.904999,75.842499
75.75,78.4505,75.135002,78.192001
79.251503,79.352501,77.630997,77.795998
77.7855,78.348999,77.161499,78.2425
78.296501,78.517502,75.429497,75.837502
74.959503,75.7715,74.379501,75.4105
75.663002,76.877998,75.616501,76.471497
76.25,76.300499,75.026001,75.182503
75.25,76.666496,75.150497,76.175499
74.898499,77.044502,74.758499,76.918503
74.852501,75.250999,72.699997,74.397499
74.550003,74.886497,73.585999,74.138
74.335503,74.655502,73.2015,73.665001
73.841003,74.5,73.560997,73.954498
73.807503,75.313499,73.595001,75.247498
75.452003,76.004501,74.313499,74.918503
74.540001,75.357498,73.874496,74.841003
74.699997,75.522003,73.9095,74.027
74.356003,75.583504,74.25,75.362
75.4105,76.848503,75.4105,75.832497
75.680496,75.989502,74.949997,75.231499
75.7985,76.189003,75.25,75.811996
76.306,77.8685,76.083504,77.789001
77.624496,78.443001,77.0,77.230499
76.998497,79.008499,76.723,78.8125
78.589996,79.594002,78.115501,78.778503
79.623497,80.439003,78.751999,79.2575
79.004997,80.444,78.893997,80.292503
80.315002,82.639503,80.049004,82.206497
82.330498,82.399498,80.940498,81.426003
81.473503,82.067497,81.280502,81.971497
82.178497,82.224998,81.266502,81.476501
81.608002,82.960999,81.476501,82.753998
83.400497,86.305,83.009499,85.869499
84.975998,85.0,80.385498,81.475502
80.449997,81.749496,76.898499,79.060501
76.25,77.777496,75.824997,76.18
77.445,77.935997,76.258499,77.361504
77.509003,78.682999,76.0,76.302498
76.407501,76.934998,74.651001,75.788002
76.582497,77.849998,75.255501,75.441498
76.394501,77.5495,76.105003,76.755997
77.124001,77.718498,75.579498,75.6045
74.290497,74.932999,73.123001,74.351997
74.415001,74.760002,71.581001,72.554497
71.581001,72.002998,70.134003,71.507004
72.515999,73.198502,71.474998,72.990997
72.6045,72.653999,70.134003,70.469498
70.134003,71.899498,70.107498,71.142998
71.252502,72.296997,70.384003,71.953003
73.599503,73.649498,72.314003,72.932999
73.195503,73.599998,72.699997,73.301003
73.046997,74.309998,72.788002,73.279999
74.182999,74.753502,73.839996,74.394997
72.981499,73.9515,72.3675,72.779999
73.1325,74.235001,73.004501,74.141502
73.775002,74.225998,72.250504,72.551003
72.9655,73.448502,71.661499,72.957001
73.272499,74.401497,73.272499,74.171501
74.642998,75.592499,74.349998,75.522499
76.900002,79.420998,76.464996,78.2295
78.850502,79.258003,77.931503,78.3535
78.730003,79.192497,77.294998,78.171997
77.224998,78.57,77.056503,77.773499
78.091499,78.885498,77.883003,78.385002
78.796501,79.196503,76.146004,76.497498
76.155502,78.692001,76.025002,77.554001
78.4925,80.757004,78.357002,79.2995
79.25,80.670998,78.874001,80.333
80.752502,81.706001,80.595497,81.649002
80.75,81.478996,78.389,79.2145
79.446503,80.099998,78.849503,79.944
77.500504,77.690498,75.424004,75.540001
75.850998,79.436996,75.827499,77.844002
83.372002,84.066002,80.078499,80.805496
81.177002,82.912003,80.711998,81.216003
81.538002,82.949997,80.605499,82.282997
85.278999,88.501503,85.150002,87.292503
88.522499,89.591003,87.051498,88.125
87.567001,88.425003,86.834,87.986504
89.799004,90.844498,87.877502,88.070999
86.488503,87.969002,85.806,86.886002
87.419998,88.144997,87.153,87.361504
87.099998,88.249001,86.898499,87.140999
87.400002,88.856499,86.799004,88.612999
88.207001,89.717003,88.066498,88.7015
88.392998,88.857002,87.974503,88.083
87.832001,88.25,86.928497,87.031998
86.661499,88.1745,86.500999,87.928497
88.099998,88.417999,86.75,86.819
87.011002,87.2995,85.509003,86.377998
86.375,88.323997,86.036499,88.195
88.390503,88.518997,87.417999,88.206497
88.226997,89.850502,88.226997,89.350998
88.782501,89.016998,87.391998,87.720001
88.333,91.085999,88.151497,89.767998
89.767998,91.637001,89.258499,91.248497
91.027,92.191498,90.849998,91.092003
91.011002,91.474998,90.679497,91.188004
90.777496,91.4645,90.152,90.851501
90.426003,90.7985,89.564003,90.566498
90.517998,91.418503,88.099998,88.892998
88.129997,88.749496,86.676498,88.3825
88.0,88.865501,87.637001,88.739998
88.536003,89.489998,87.456497,87.612999
87.992996,88.199997,87.083504,88.054001
88.455498,88.455498,87.453003,87.859497
88.196503,88.335503,86.557503,87.025497
87.308502,87.417999,85.75,86.310997
85.456497,86.849998,84.699997,86.727997
86.466499,86.630501,85.289001,86.011002
86.196503,87.205498,86.059998,86.411499
86.449997,87.120499,86.217499,86.708
87.245499,89.349998,87.091003,88.697998
89.361504,89.4235,87.755501,87.888
88.25,88.388,86.400002,86.8125
86.863503,87.875,86.804497,87.632004
88.0,88.124496,85.357002,86.306503
86.254501,87.341499,85.845001,87.002502
85.013,87.198502,84.805,86.143997
86.337997,88.890999,86.337997,88.717003
88.858002,89.968002,88.060997,89.891502
88.850998,89.219002,87.607002,87.814499
87.267998,88.394997,85.819,86.871498
86.365997,87.819504,86.365997,87.362503
87.443497,88.377502,86.303497,86.545998
86.450996,87.380997,85.585503,86.380997
87.150002,90.192001,86.641502,89.223503
91.318497,94.986,90.975502,94.003502
94.682503,96.603996,93.970497,94.207497
94.572998,95.219498,93.824997,94.627998
95.637001,96.091003,92.958,94.713997
94.2995,95.787498,93.806503,95.397499
93.745499,94.023499,89.863998,90.946999
91.550003,94.399498,91.550003,92.660004
91.700996,92.376999,90.078003,91.367996
92.2295,95.777,92.2295,94.653503
95.656502,97.468498,95.318497,95.956001
103.280502,105.331001,100.677498,102.944
103.030998,103.464996,101.754997,102.681503
102.977997,104.796997,102.5,104.441498
105.0,105.75,103.167503,104.225998
103.739998,104.925499,103.5,103.769501
104.156998,104.944,102.612,104.323997
104.550003,104.699997,103.443001,104.4375
103.988503,104.974998,103.678497,104.751503
104.587502,107.257004,104.587502,105.535004
104.698997,106.122002,104.417503,105.931
105.25,106.099503,104.666496,105.290497
105.389503,105.929001,104.171501,104.440498
102.68,104.016502,102.400002,102.712997
100.699501,103.625,99.511497,103.005997
101.501999,104.416,101.376503,104.190498
102.796501,104.150002,100.324501,100.797501
101.497498,102.825996,100.050499,101.095497
102.400002,103.811501,101.721001,103.483002
103.241997,104.737,102.833504,103.223999
102.597504,103.7995,99.699997,100.570503
100.7435,103.7295,100.2715,101.696503
103.057503,105.309998,101.389,104.8535
104.203003,105.686996,100.259499,100.375
102.487503,103.195999,101.779999,102.017998
103.07,103.07,100.966499,101.809502
102.911003,105.563499,102.822502,105.027
103.820503,103.880501,101.621002,102.5
102.249001,102.749496,101.389503,102.722
103.2995,105.683998,102.9645,104.194504
103.4235,104.949997,102.206001,104.111
102.408997,103.4375,100.959,101.067001
101.486504,101.851997,100.1465,101.348
101.3815,102.417,100.699997,101.5345
101.997498,103.205498,101.400002,102.066498
102.587997,103.379997,101.449997,101.626503
101.452499,102.281998,99.804497,101.623001
101.5895,101.969498,100.192497,101.236504
101.108002,102.460503,100.272499,102.289497
102.649002,103.133499,101.807503,102.323502
102.720001,104.313004,102.349998,103.125999
104.612503,106.787498,104.571503,106.488998
107.357498,111.449501,107.260498,110.947998
110.545998,111.400002,110.0895,110.462997
110.654999,112.224998,110.654999,111.9515
113.199997,113.5895,112.150497,112.5215
112.272003,113.698502,111.862999,113.533501
112.706001,112.844498,111.390999,112.231003
112.5495,113.1735,112.152496,112.721497
113.371498,113.371498,111.801003,112.095497
113.097504,114.800003,112.558502,114.262497
114.461998,114.711998,113.545998,114.137497
113.509003,115.204498,113.509003,114.487999
114.874496,114.949997,112.856003,113.9505
113.602501,114.0,112.240997,113.917503
113.769997,114.444,112.015999,112.625999
113.349998,115.306,113.0625,114.996498
115.225998,116.226501,114.865997,115.496498
115.8815,115.922501,114.307999,114.549004
119.625,121.569,117.661003,117.952003
119.461502,120.208,118.692497,119.638
118.401001,119.092499,117.328003,117.675003
118.245499,119.077499,116.775002,117.153999
115.677498,116.249496,112.834,115.341499
116.431503,116.75,115.414001,115.738503
115.316498,116.8675,114.652,116.8675
118.194504,118.5625,117.307999,117.596497
116.406998,116.550003,114.226997,114.587502
112.153503,114.014,111.695999,113.502998
111.309502,112.399002,109.681,110.012497
111.306,111.972,110.335999,111.452003
112.927002,114.236,112.5,113.918999
113.178497,114.488998,112.775497,114.445999
115.1175,115.384003,113.109497,113.123497
111.421501,113.749496,111.272003,113.574997
114.550003,115.599998,114.176003,115.347504
115.870499,115.944504,114.464996,114.706497
115.744499,118.277496,115.598,118.052002
118.599998,119.199997,117.75,118.143501
118.325996,119.449501,118.322998,119.015503
119.452499,119.452499,117.813004,118.134003
118.721001,118.803497,117.642502,117.842499
118.722,119.2855,117.713997,119.058998
119.457497,119.681999,117.617996,118.529503
117.286499,117.850998,116.475998,117.378998
118.463501,119.9515,118.120499,119.678497
119.472,120.225502,119.050003,120.114998
120.600502,120.975998,119.738998,119.921997
120.571503,120.643997,119.845001,120.397003
120.346001,121.800003,120.189003,121.7565
122.0,122.085999,120.947998,121.510002
121.612999,122.445999,120.900002,122.445503
122.449997,122.775497,121.056,121.419502
121.571999,121.886002,119.470001,120.772499
120.697502,122.522499,120.5,121.7435
121.366997,121.602997,120.014999,120.111
120.500504,122.0,119.898499,121.8125
121.75,122.400002,121.064003,122.330498
122.093498,123.095497,121.834503,122.126999
122.699997,123.055496,122.300003,122.5
122.0,122.633003,121.565002,122.508499
122.678497,122.785004,121.405502,122.536003
122.670502,123.021004,121.691002,122.272499
121.994499,122.257004,121.3545,122.0895
121.724998,122.586998,121.531502,122.444504
123.150002,125.403999,123.059502,125.2575
125.648499,126.428001,124.582497,126.190002
127.162003,127.283997,126.153,126.473999
124.026001,125.595497,124.022003,125.043999
125.025002,125.734497,124.551498,125.518501
126.178001,127.069504,125.611,126.975502
127.038498,128.057495,126.6745,127.341499
127.958,129.326508,127.914497,128.237
128.649002,128.699997,126.529999,127.004997
127.663002,127.811501,126.153503,126.970001
126.0895,126.205002,123.504997,124.578003
125.527496,127.042999,124.350502,126.209503
126.133499,127.596001,126.023499,127.549004
127.844002,128.483002,127.499001,128.421494
130.430496,133.399002,129.800507,133.014999
133.328506,134.237,132.301498,134.035004
134.250504,134.399002,130.104004,131.899994
136.311996,138.296997,135.277496,136.093994
136.149994,136.660995,135.542999,135.777496
135.035004,135.304504,134.255005,134.726501
135.117004,135.336502,133.794006,134.854507
135.134995,135.731995,133.319504,135.630005
135.349503,135.649506,134.487,135.125504
135.680496,136.350006,134.845993,136.251495
136.042007,136.472504,135.210007,135.738495
135.942505,137.184006,135.339493,136.912994
137.341995,137.772507,136.364502,136.807007
137.181503,137.682495,136.2715,136.279007
135.975494,137.300003,135.425507,137.194
137.25,137.856506,137.033005,137.727493
137.524994,138.362503,135.298996,138.309494
137.75,138.265503,136.082001,136.661499
136.5,137.104507,135.321503,135.449005
134.435501,136.352493,134.25,135.679993
136.0,137.554001,135.25,137.429504
137.969498,140.874496,137.607498,140.041504
140.611496,142.080002,140.338501,141.261505
141.625,142.189499,141.376007,142.078995
141.75,142.417496,141.356995,141.440506
141.652496,144.512497,141.496994,144.003998
144.399994,145.970505,144.162994,144.5905
145.147003,145.171494,144.281006,144.697495
145.0,146.253998,144.883499,145.2155
145.216003,145.519501,143.184998,143.287003
143.080505,144.154999,142.400497,143.739502
143.834503,144.565002,143.619003,144.280502
144.100006,144.399994,143.0,143.690994
143.8405,144.310501,143.177505,143.541
144.212494,144.718506,140.738007,140.876007
141.949493,142.949997,141.25,142.332504
142.995499,143.363007,141.75,142.544495
142.7715,144.4505,141.347504,144.429504
143.9505,144.300003,142.401505,143.610001
143.030502,143.449997,140.470001,140.800003
138.161499,139.0,136.322006,138.719498
139.749496,140.011505,138.278,139.033005
139.304001,140.886993,138.551498,140.283493
140.987503,141.696503,140.401505,141.216003
140.538498,142.330505,140.240997,142.214996
140.804504,141.938507,140.067505,141.072006
138.654999,139.096497,135.360001,135.830002
136.979996,137.151001,133.865005,134.3535
134.261505,135.542496,133.556,133.675995
134.447495,136.910507,134.072998,136.542999
135.960495,135.960495,131.050003,133.6595
134.041,137.224503,134.041,136.022995
134.75,137.75,134.550003,137.565002
138.891998,140.042007,138.651001,139.225006
139.576996,140.330994,139.217499,139.785507
139.292007,140.712006,138.858994,138.914001
139.479996,139.507004,135.759995,136.449005
137.402496,138.0,136.518997,137.582001
139.473999,141.337494,138.824997,141.151001
141.614502,141.718002,140.755005,141.367996
141.076508,142.796005,141.069504,142.778
143.387497,143.662506,142.600006,143.237
143.337997,143.546005,141.376495,141.768997
141.768997,142.156006,140.5,141.886002
139.149994,140.582993,136.056,137.566498
137.550003,138.0,135.423996,137.447006
139.263504,140.082993,138.304504,139.308502
139.404999,148.649994,139.404999,146.217499
147.134506,147.158005,144.626999,145.848999
145.078003,148.242004,144.649506,148.046005
148.046005,148.046005,143.225494,143.496994
144.579498,146.608994,144.335495,145.432495
145.900497,146.669006,144.591003,146.598007
147.124496,149.733505,146.307999,148.267502
149.169495,150.327499,148.197006,148.852005
149.824997,150.615005,148.430496,149.031006
149.233002,149.834503,147.244995,148.918503
147.5,148.070007,144.537506,145.893494
146.489502,147.535507,145.600494,145.766495
146.615494,148.850006,145.410995,148.677994
148.900497,149.5495,147.574997,148.451996
148.149506,148.762497,147.3125,147.876007
148.027496,148.559494,147.240005,148.046997
148.241501,150.580505,147.884506,149.838501
149.975494,150.966507,148.899002,148.926498
149.332504,149.829498,146.147507,146.302002
146.153,146.660004,144.115005,145.781998
145.473495,146.249496,144.373001,146.119995
144.348495,144.557495,141.842499,142.182999
144.0,146.297501,143.893494,145.530502
145.008499,146.0,141.601501,141.897507
144.0,145.9505,140.912003,141.051498
141.25,143.864502,140.214493,142.966003
143.681,144.399994,140.300995,142.001495
143.040497,143.852493,140.149994,143.154999
145.596497,147.531006,145.227493,147.269501
147.596497,148.393005,146.406006,148.186493
147.591003,149.100006,147.115005,147.638504
148.699997,148.977493,146.703995,148.001495
147.781494,147.970001,145.517502,145.826508
143.968002,144.479996,141.214996,143.906998
143.408997,146.720993,141.677994,146.440994
147.170502,147.677002,143.606995,144.445007
142.5,143.834503,141.300003,141.725006
140.0,141.774506,139.320999,141.606995
142.053497,143.869003,140.502502,143.472504
143.067505,146.5,143.067505,146.414993
146.5,148.2435,146.451996,146.916504
147.255997,148.343994,147.169495,147.906494
148.235992,148.298996,146.054504,146.686996
146.644501,147.417007,145.647507,146.654999
146.694,147.300003,145.994507,146.2005
146.050003,146.698502,144.852005,144.852005
145.054993,145.850998,143.712997,144.991501
145.395996,146.485001,143.716507,144.399506
144.419998,144.499496,137.688004,137.774994
136.998505,139.940002,136.558502,137.747498
138.145493,138.448502,135.766495,137.016998
135.078003,138.819504,133.164505,138.669495
138.007004,140.216003,136.692505,139.735992
141.149994,142.608002,140.694504,141.430496
141.539993,142.850006,138.408997,138.587006
137.078995,140.742004,136.998505,139.480499
136.175003,137.1315,135.438507,135.998001
136.523499,137.959503,135.015503,135.116501
136.25,137.626007,132.964493,133.307495
132.593506,134.865494,130.086502,130.351501
125.977997,131.203003,124.5,130.804001
128.740005,129.399002,126.500504,126.934998
131.119003,133.0,127.141998,129.233002
131.304001,132.652496,128.932495,129.005005
129.658997,133.356506,128.485001,133.350998
134.162003,135.473007,132.209503,135.303497
137.594498,137.792999,134.3685,137.643997
151.25,151.546494,145.522507,148.0
145.705505,149.675003,142.665497,143.089996
143.444504,144.875,140.514999,143.292999
144.25,144.25,138.899994,139.201004
139.026505,140.0,137.014008,139.399002
140.963501,142.524506,140.186996,141.591995
139.703506,141.484497,137.957001,138.619995
138.600006,139.156494,133.399994,134.282501
133.2565,136.300003,133.2565,135.526001
137.570496,138.108505,135.821503,136.608505
136.6465,138.085999,134.923996,137.738007
136.242996,137.113495,132.4785,132.539001
133.466995,134.070007,130.196503,130.403
129.837997,132.180496,128.223495,129.813507
131.648499,132.050995,127.527496,127.587997
124.953499,133.0,124.953499,132.690994
133.552002,135.2715,131.751495,134.459503
133.050003,135.751495,132.592499,135.057007
134.878494,136.255493,133.218506,134.061493
134.628006,135.262497,133.071503,134.571503
136.009995,136.439499,133.025497,133.899506
132.927505,133.851501,130.337494,131.906494
131.488007,131.735001,126.294998,126.378502
126.25,131.25,125.6745,127.1045
131.25,133.735504,129.900497,133.419998
131.266006,133.272003,130.912506,132.429504
133.488495,133.795502,129.6315,129.870499
130.25,130.408997,125.275002,125.950996
126.975998,129.854507,125.720497,129.197998
130.733002,133.332993,128.734497,133.280502
133.149002,134.080505,132.184998,133.839005
133.4245,136.244003,132.258499,136.125504
136.163498,137.050003,134.092499,136.101501
136.101501,141.050003,136.101501,139.867996
138.702499,139.588501,137.835007,138.275497
139.199997,141.619003,137.750504,141.572006
141.916,142.035004,139.737503,141.673004
140.900497,142.002502,139.811493,141.455505
142.647507,143.793503,142.038498,142.505493
142.460007,142.720505,141.600006,141.938507
142.052994,142.108002,139.024506,139.067505
139.5,140.470993,138.307495,140.150497
140.358505,143.712006,140.310501,142.971497
142.869003,142.990494,140.382507,140.591003
138.75,139.360504,135.516998,136.548004
136.009995,137.164505,134.227493,135.888504
135.583496,135.669998,132.9655,133.287506
131.823502,132.092499,128.668503,128.823502
131.600006,131.600006,126.789001,127.7145
128.0,130.334,127.740997,129.893997
130.479507,130.479507,126.600998,126.730003
127.0,128.212494,126.181999,127.676498
127.691498,130.332993,126.999496,130.009003
130.891998,131.399002,127.5,128.039993
129.25,130.098495,124.526497,124.814499
125.0,125.402,118.925003,119.635498
119.100998,123.277496,118.511002,123.073997
122.294502,122.510002,118.511002,118.650002
114.469498,117.241997,112.736504,114.294502
116.415001,119.649498,114.114998,118.522499
116.734497,117.919998,113.814499,114.109497
113.404999,116.745499,112.599998,116.583
116.430496,118.442001,116.0345,117.334
117.031502,122.8545,115.115997,122.261002
120.204002,121.039001,115.005501,116.505501
115.184502,117.571503,114.015503,115.746498
113.25,115.077003,112.000504,112.511002
115.5075,116.25,112.900497,114.394997
113.236504,116.364502,113.236504,113.602501
111.377502,114.294998,109.824501,112.844002
114.532997,117.875,113.605003,116.050499
114.955498,116.169998,113.889503,114.445
116.8405,116.900002,114.870003,116.473
115.0,115.400002,111.555496,111.899498
111.431503,113.010002,110.0,110.384003
111.950996,112.183502,105.796501,108.907997
109.587502,112.147499,108.740997,111.487999
105.772003,106.458504,101.884499,105.970001
104.985497,106.5,103.856499,105.805
105.677002,108.649498,105.224998,107.792503
109.483002,112.318001,109.138496,112.316498
112.746498,115.735001,112.078499,113.762001
114.855003,117.101501,113.25,113.891998
114.0,117.899498,112.946503,117.622498
116.0625,116.321503,113.518501,114.541
116.704498,119.347,116.164001,116.820503
115.480499,117.691002,115.052002,117.149498
116.761497,118.570503,116.599998,117.194
116.327499,118.299004,114.776001,114.835503
112.445,113.278999,110.365997,111.161499
106.786499,108.791496,106.119003,106.392502
106.535004,107.9245,105.800003,106.7155
108.544998,111.4235,107.669502,109.764503
107.221001,108.648499,105.138,106.033501
106.033501,108.699501,105.045998,107.143501
108.929497,112.489502,108.599998,111.543999
110.556503,113.346497,110.3825,111.487503
112.231499,112.7425,110.500504,112.241997
112.995003,118.079002,112.952499,117.974998
118.273003,118.579498,115.179497,115.833504
115.802498,117.309502,111.848,112.0075
111.552002,113.1605,110.872498,111.7015
110.0,110.888,106.75,108.962997
107.932999,109.25,106.730499,108.737503
107.100502,113.376999,105.731499,113.263
113.302002,115.5895,111.475998,114.571999
115.080002,119.189499,114.833504,118.782997
117.25,119.684998,116.901497,119.3535
117.998001,117.998001,115.330498,115.676498
116.214996,116.973999,113.690002,114.0205
111.700996,114.195999,111.2015,111.3535
110.210503,111.093002,108.373001,110.3675
112.000504,113.140503,110.900002,111.777496
112.639999,113.68,108.370003,109.029999
110.849998,114.019997,109.559998,113.809998
113.169998,115.400002,112.480003,113.900002
114.279999,114.550003,111.110001,114.339996
111.0,112.339996,106.5,107.900002
108.410004,109.870003,106.300003,107.510002
106.599998,107.199997,104.07,105.019997
109.260002,113.910004,108.010002,113.059998
112.370003,114.339996,111.459999,114.220001
113.080002,116.709999,113.059998,116.32
115.300003,116.720001,114.339996,114.860001
114.0,116.349998,113.720001,115.129997
115.709999,118.620003,115.480003,118.080002
117.480003,118.779999,116.889999,118.190002
116.230003,118.110001,116.0,117.470001
118.389999,120.150002,116.879997,117.300003
117.139999,117.32,115.709999,116.629997
118.779999,120.919998,118.410004,119.699997
121.279999,121.489998,118.559998,118.839996
120.260002,121.68,119.459999,121.68
121.129997,122.300003,120.610001,122.080002
121.519997,122.43,120.639999,121.699997
120.120003,121.290001,119.379997,119.550003
119.43,120.82,118.720001,120.169998
119.059998,119.150002,116.760002,117.209999
115.199997,115.629997,113.849998,114.239998
113.480003,115.010002,113.43,113.860001
113.5,114.779999,112.870003,113.690002
114.239998,116.720001,114.110001,116.650002
114.720001,115.120003,110.190002,110.339996
109.989998,110.949997,108.800003,109.419998
110.169998,110.5,107.800003,108.940002
110.650002,110.849998,108.129997,108.220001
108.279999,110.449997,107.360001,109.739998
110.589996,110.739998,107.260002,107.849998
107.300003,108.029999,105.779999,106.809998
107.059998,109.980003,106.900002,109.449997
108.040001,109.599998,107.160004,108.379997
109.07,110.989998,109.019997,110.650002
110.989998,111.620003,109.93,110.860001
107.800003,108.300003,104.089996,104.32
104.57,105.279999,103.660004,105.0
104.029999,105.269997,102.349998,102.910004
102.07,103.129997,100.940002,102.800003
101.75,103.330002,101.550003,103.07
102.080002,102.370003,100.519997,101.139999
101.669998,102.879997,99.269997,99.279999
98.82,101.239998,98.790001,100.139999
99.629997,99.660004,97.470001,98.739998
98.099998,99.879997,97.800003,98.169998
99.43,100.0,96.870003,97.5
97.650002,100.699997,97.110001,100.050003
98.639999,98.639999,95.959999,97.419998
97.050003,98.900002,95.559998,95.650002
96.760002,99.290001,96.519997,98.639999
100.440002,101.839996,100.379997,101.639999
99.830002,101.93,98.800003,101.43
100.68,102.93,100.589996,101.419998
99.849998,100.529999,98.300003,98.68
99.0,99.099998,97.010002,97.860001
97.43,99.25,96.309998,97.18
97.300003,98.75,96.739998,97.559998
95.150002,99.779999,94.379997,99.059998
99.989998,100.690002,96.370003,96.559998
98.860001,100.93,98.830002,99.970001
103.129997,103.470001,99.970001,100.769997
100.010002,101.019997,98.919998,99.629997
100.0,102.32,99.389999,99.970001
97.849998,101.309998,97.720001,101.129997
101.800003,102.75,99.980003,102.519997
102.900002,104.82,102.720001,104.480003
96.43,98.309998,94.690002,94.93
94.519997,95.43,91.800003,92.220001
92.269997,96.550003,92.129997,96.290001
95.419998,96.029999,93.980003,94.510002
95.449997,96.029999,90.370003,90.470001
90.940002,91.18,86.879997,86.970001
86.32,86.519997,83.339996,83.43
85.400002,86.639999,83.709999,86.580002
87.279999,88.900002,86.849998,88.489998
88.900002,90.32,87.589996,88.900002
88.449997,89.440002,87.279999,87.32
92.25,94.389999,91.610001,93.940002
94.690002,96.93,93.919998,96.410004
95.089996,96.790001,94.510002,95.699997
98.260002,100.139999,96.709999,98.440002
97.900002,99.639999,97.639999,98.849998
96.970001,99.279999,96.790001,98.360001
98.769997,98.900002,96.370003,97.43
97.290001,98.400002,95.360001,95.599998
95.949997,97.220001,94.050003,97.050003
97.089996,98.760002,97.089996,98.459999
98.239998,98.639999,97.400002,97.459999
97.040001,97.580002,95.610001,96.050003
95.730003,96.120003,94.110001,95.190002
94.82,101.040001,94.419998,100.989998
101.019997,102.25,100.25,100.989998
99.050003,100.769997,98.900002,100.440002
99.400002,101.379997,99.0,99.480003
99.300003,99.779999,96.419998,96.980003
96.410004,96.879997,94.720001,94.940002
95.379997,95.580002,93.449997,93.709999
93.769997,94.260002,92.75,92.830002
92.709999,93.559998,91.610001,93.309998
97.760002,99.529999,95.029999,95.629997
95.199997,96.870003,93.599998,95.07
93.129997,93.639999,90.010002,90.860001
90.760002,91.330002,89.519997,90.260002
90.260002,90.559998,88.209999,88.440002
88.110001,89.18,87.440002,89.019997
89.080002,90.220001,88.32,89.580002
88.160004,88.540001,86.32,87.760002
87.110001,89.550003,87.07,89.230003
88.800003,88.940002,87.010002,87.389999
86.980003,88.040001,85.940002,86.019997
86.620003,88.849998,86.610001,88.449997
86.980003,88.300003,86.57,88.230003
89.589996,91.050003,88.519997,89.120003
90.349998,90.650002,87.269997,88.080002
87.470001,87.57,85.900002,86.199997
86.790001,87.690002,84.860001,87.339996
88.360001,90.050003,87.860001,88.019997
85.980003,88.669998,85.830002,88.419998
89.18,91.599998,89.010002,91.519997
91.480003,91.870003,89.75,91.129997
90.849998,92.190002,90.129997,92.120003
92.059998,92.25,90.050003,91.290001
92.139999,92.800003,90.639999,91.120003
90.720001,93.610001,90.629997,93.050003
95.099998,98.300003,95.019997,98.019997
97.949997,100.040001,97.5,99.790001
98.099998,99.610001,97.199997,97.699997
95.57,96.160004,93.760002,95.220001
96.5,97.57,95.379997,97.519997
97.309998,100.32,97.309998,99.370003
97.480003,98.290001,96.400002,96.940002
96.870003,98.879997,96.82,98.839996
98.709999,101.190002,97.580002,100.43
105.800003,107.849998,105.610001,107.739998
102.93,107.809998,102.580002,104.779999
102.400002,104.360001,101.879997,102.900002
103.220001,108.18,103.120003,107.639999
102.050003,103.139999,98.040001,99.370003
100.0,100.029999,93.629997,95.010002
95.449997,96.75,94.25,94.57
94.739998,95.199997,93.839996,94.610001
94.43,94.849998,92.260002,94.68
94.489998,97.120003,94.150002,96.940002
95.370003,97.68,94.739998,95.510002
94.849998,95.559998,93.209999,94.349998
93.0,93.099998,91.720001,91.790001
91.699997,92.110001,90.610001,91.650002
91.919998,91.940002,89.760002,90.889999
89.440002,89.889999,88.580002,89.129997
89.870003,90.160004,89.339996,89.870003
89.330002,91.230003,89.32,90.059998
89.980003,91.029999,89.669998,90.360001
89.660004,92.279999,89.589996,92.0
92.480003,93.730003,92.449997,93.650002
94.019997,95.970001,94.0,95.129997
94.980003,95.669998,93.529999,93.860001
94.120003,95.959999,94.0,94.25
94.050003,95.529999,91.900002,92.32
92.169998,92.790001,90.400002,90.629997
90.089996,92.57,89.419998,91.110001
92.559998,94.360001,92.440002,93.970001
93.220001,96.93,92.639999,96.110001
96.199997,101.190002,95.5,100.32
100.260002,102.839996,100.099998,101.620003
100.120003,101.75,99.870003,101.220001
101.25,105.099998,101.220001,104.919998
104.269997,106.589996,103.330002,103.370003
105.059998,106.300003,104.459999,105.599998
104.989998,105.489998,103.839996,105.440002
104.620003,104.760002,101.93,102.459999
102.440002,102.449997,99.739998,101.029999
102.279999,102.489998,100.650002,101.389999
100.910004,101.160004,99.779999,100.889999
101.300003,103.889999,101.040001,103.730003
102.389999,104.529999,101.93,104.360001
104.330002,105.580002,104.040001,104.720001
105.779999,106.099998,103.660004,104.470001
105.260002,109.169998,104.330002,108.419998
106.980003,107.589996,105.120003,106.440002
106.550003,106.730003,104.68,105.349998
106.580002,106.75,104.339996,104.639999
105.839996,107.489998,105.839996,107.43
106.889999,108.940002,106.839996,108.870003
104.660004,106.160004,104.519997,105.970001
106.489998,106.540001,104.07,104.5
103.580002,104.980003,103.07,104.18
103.910004,106.25,103.870003,105.290001
105.470001,106.0,104.779999,105.410004
105.489998,106.629997,104.699997,105.970001
105.830002,106.690002,103.839996,103.849998
104.919998,106.349998,102.629997,103.709999
104.449997,108.370003,103.540001,107.589996
107.040001,107.349998,105.089996,107.339996
106.839996,107.989998,106.82,107.199997
107.139999,107.199997,103.709999,105.32
105.529999,107.489998,104.959999,105.410004
105.489998,105.599998,103.970001,104.690002
104.82,105.879997,104.110001,105.57
105.18,107.959999,105.160004,107.769997
108.389999,110.150002,107.190002,107.349998
107.970001,112.940002,107.93,111.75
115.400002,117.919998,114.410004,116.57
116.68,118.029999,116.110001,117.510002
116.110001,118.480003,116.010002,116.510002
116.489998,120.75,116.43,119.510002
119.610001,121.669998,118.889999,120.839996
120.949997,123.309998,120.830002,122.830002
123.550003,125.970001,122.150002,122.760002
122.940002,126.43,122.739998,125.050003
124.160004,124.629997,122.209999,122.559998
121.120003,121.910004,119.860001,120.900002
124.519997,125.32,121.959999,123.480003
123.169998,125.260002,122.449997,124.610001
125.639999,125.660004,122.0,123.669998
122.75,124.059998,122.5,122.870003
122.82,124.419998,122.620003,123.720001
123.989998,126.150002,123.760002,124.669998
124.010002,127.43,123.839996,126.010002
126.010002,128.289993,125.360001,127.309998
126.970001,129.039993,122.120003,122.5
122.230003,123.230003,121.239998,122.139999
122.25,123.760002,121.910004,122.230003
122.790001,124.050003,121.660004,123.639999
124.980003,125.160004,123.18,123.830002
123.099998,124.050003,121.449997,123.669998
123.139999,125.459999,122.400002,125.089996
125.93,126.110001,123.279999,123.529999
122.93,124.57,122.139999,123.099998
122.400002,122.660004,120.099998,120.550003
120.0,123.239998,118.830002,123.150002
121.379997,122.790001,121.059998,122.339996
120.760002,122.0,118.269997,118.339996
117.080002,119.080002,116.099998,118.330002
117.089996,120.389999,116.849998,120.18
119.239998,120.059998,118.300003,119.099998
120.169998,121.080002,119.690002,119.699997
119.239998,120.190002,118.82,119.900002
119.239998,122.610001,119.230003,121.75
119.800003,120.300003,118.400002,120.110001
120.099998,121.050003,119.400002,119.480003
118.300003,118.309998,116.139999,116.449997
116.290001,117.709999,115.349998,117.139999
118.800003,120.330002,118.410004,118.93
120.93,124.830002,120.449997,124.540001
124.800003,126.779999,123.489998,125.419998
125.940002,127.099998,124.199997,124.650002
124.599998,124.68,122.959999,123.760002
124.599998,125.18,121.800003,122.029999
121.419998,124.089996,118.220001,119.199997
120.620003,120.989998,118.730003,120.019997
121.660004,123.0,120.980003,121.529999
121.360001,123.150002,121.019997,122.209999
130.070007,130.979996,128.320007,129.270004
131.669998,133.240005,128.789993,129.399994
130.779999,133.740005,130.570007,132.580002
132.729996,133.529999,131.779999,132.720001
130.779999,132.630005,130.679993,131.550003
129.449997,130.089996,127.559998,128.380005
127.970001,129.389999,127.419998,128.449997
129.279999,131.509995,127.910004,128.110001
129.160004,131.610001,129.020004,131.529999
130.619995,131.509995,129.539993,131.399994
131.660004,132.039993,129.0,129.660004
131.320007,132.050003,129.449997,129.690002
128.660004,129.929993,128.169998,129.559998
129.389999,131.369995,128.960007,131.330002
131.100006,131.419998,129.279999,129.779999
128.699997,130.279999,127.870003,128.699997
129.800003,131.990005,129.289993,129.919998
128.509995,129.25,126.379997,127.459999
127.18,128.729996,126.559998,128.369995
128.509995,130.279999,128.320007,129.080002
130.179993,133.410004,129.869995,132.369995
133.949997,134.25,129.570007,129.779999
129.539993,130.759995,127.25,129.880005
131.309998,132.539993,130.139999,131.009995
132.240005,136.570007,132.240005,134.570007
134.779999,136.279999,134.070007,135.880005
136.009995,138.0,135.789993,136.169998
137.460007,137.460007,134.850006,135.660004
135.440002,136.419998,134.580002,135.770004
136.020004,136.529999,133.669998,134.460007
133.589996,135.580002,132.949997,135.259995
134.910004,136.660004,134.850006,136.380005
136.539993,137.479996,135.789993,136.919998
136.259995,136.869995,135.190002,135.339996
135.089996,136.899994,134.149994,136.710007
137.600006,138.699997,136.240005,138.100006
137.979996,138.520004,136.479996,137.399994
136.610001,139.160004,136.610001,138.210007
137.419998,138.410004,136.619995,138.039993
138.080002,138.080002,133.619995,133.740005
131.440002,132.229996,130.070007,130.440002
130.759995,132.029999,129.600006,130.25
129.830002,131.169998,128.960007,131.110001
129.770004,130.360001,127.220001,128.570007
128.570007,130.899994,128.570007,130.539993
129.839996,133.300003,129.789993,132.309998
133.279999,134.050003,130.360001,130.860001
131.210007,134.419998,131.169998,134.169998
133.940002,134.259995,131.839996,132.429993
132.789993,135.570007,132.529999,135.240005
135.070007,135.490005,133.449997,135.070007
134.009995,138.160004,134.009995,137.580002
136.940002,138.940002,135.610001,138.419998
138.5,139.720001,137.330002,138.059998
138.580002,141.110001,138.580002,140.550003
141.050003,141.220001,138.259995,138.970001
139.380005,140.0,136.619995,137.360001
138.169998,139.630005,137.990005,139.100006
138.630005,139.899994,137.179993,139.720001
139.449997,140.720001,137.380005,137.960007
138.5,139.660004,137.380005,137.75
137.330002,137.869995,135.080002,135.600006
135.039993,137.660004,133.949997,136.5
137.830002,139.360001,137.419998,138.809998
128.160004,128.309998,125.07,125.610001
123.269997,124.330002,121.269997,122.279999
122.879997,123.309998,120.209999,122.169998
123.209999,125.400002,122.75,124.459999
125.059998,125.370003,122.690002,124.080002
124.07,126.489998,123.720001,126.449997
128.419998,128.979996,126.93,127.489998
128.020004,129.529999,127.860001,129.100006
129.050003,130.339996,128.669998,130.25
130.710007,131.910004,129.880005,130.970001
130.970001,132.210007,130.779999,131.839996
131.960007,132.550003,130.070007,130.240005
130.100006,132.800003,129.410004,132.589996
131.779999,132.589996,131.25,132.089996
134.190002,135.699997,133.320007,133.619995
134.869995,135.029999,133.570007,134.619995
135.190002,137.220001,134.320007,136.929993
136.0,136.059998,133.649994,135.309998
133.690002,136.660004,133.619995,136.25
136.289993,137.179993,135.960007,136.970001
137.470001,139.419998,137.470001,138.490005
138.029999,138.130005,135.990005,136.690002
136.029999,138.419998,136.0,136.410004
136.080002,137.25,135.419998,137.199997
137.570007,138.289993,134.839996,134.990005
135.050003,135.550003,131.279999,132.529999
131.860001,132.110001,130.669998,131.860001
129.880005,130.029999,127.900002,129.270004
128.949997,132.139999,128.25,130.990005
131.440002,131.839996,129.880005,130.020004
135.039993,138.559998,134.699997,136.929993
134.199997,136.399994,134.029999,134.990005
132.380005,133.339996,131.360001,133.289993
131.809998,133.0,131.259995,132.520004
133.380005,133.5,131.570007,132.570007
133.380005,133.720001,129.690002,131.940002
131.619995,133.509995,131.179993,132.600006
132.630005,137.149994,132.429993,135.800003
136.839996,137.470001,136.080002,136.649994
138.970001,141.699997,138.070007,138.339996
139.490005,140.690002,139.179993,140.419998
140.770004,141.990005,140.710007,141.490005
141.589996,142.679993,141.190002,141.520004
141.589996,142.080002,139.889999,140.369995
140.779999,141.139999,139.75,140.229996
139.630005,140.360001,138.779999,139.690002
138.550003,139.449997,136.479996,138.169998
137.25,139.630005,137.080002,138.919998
138.419998,139.160004,136.350006,136.389999
136.75,137.160004,135.149994,135.729996
136.289993,139.009995,136.259995,138.839996
138.5,141.490005,138.149994,140.949997
141.0,143.0,140.910004,142.279999
143.490005,145.220001,140.639999,142.080002
142.669998,143.199997,141.820007,142.649994
142.0,144.350006,141.449997,142.490005
141.350006,141.839996,138.899994,141.470001
142.050003,144.210007,141.990005,143.479996
144.740005,146.449997,144.380005,146.380005
147.100006,148.389999,145.839996,145.990005
145.889999,147.179993,145.5,147.039993
148.539993,149.850006,148.100006,148.699997
150.070007,153.050003,149.539993,151.869995
151.100006,152.539993,151.009995,152.190002
152.059998,153.779999,151.429993,153.509995
152.800003,153.619995,151.190002,151.460007
143.619995,144.0,139.869995,140.100006
142.119995,143.059998,140.789993,141.160004
139.259995,142.619995,136.5,142.380005
142.820007,145.470001,142.779999,143.679993
144.649994,145.360001,143.190002,144.100006
144.759995,145.619995,143.929993,145.539993
145.830002,146.330002,145.100006,145.910004
146.679993,149.440002,146.179993,149.0
148.419998,149.339996,147.369995,147.529999
144.919998,146.669998,143.690002,145.139999
146.080002,146.520004,144.089996,145.940002
143.139999,143.520004,140.460007,142.770004
142.990005,143.190002,140.139999,140.520004
139.660004,142.080002,139.490005,141.119995
141.449997,142.690002,140.679993,142.550003
144.929993,145.0,142.800003,144.089996
143.669998,144.679993,143.429993,143.960007
142.139999,142.440002,137.389999,137.570007
138.020004,139.25,137.089996,138.880005
137.899994,138.009995,135.410004,136.380005
137.279999,138.860001,136.399994,138.460007
138.429993,138.869995,136.919998,137.139999
135.660004,135.660004,131.910004,133.350006
131.880005,133.240005,130.669998,132.669998
133.119995,133.580002,130.850006,131.399994
132.789993,134.940002,131.610001,134.380005
134.210007,138.089996,134.0,135.410004
136.130005,139.100006,136.130005,137.669998
137.029999,139.380005,137.029999,138.5
139.0,141.089996,138.990005,139.789993
141.190002,143.589996,140.460007,143.100006
142.5,143.179993,140.029999,141.179993
148.610001,152.149994,147.169998,147.679993
148.160004,148.789993,146.080002,147.029999
148.0,148.860001,146.740005,148.740005
149.470001,150.369995,146.899994,147.600006
149.119995,151.580002,148.979996,150.770004
149.940002,150.380005,147.820007,150.070007
150.220001,152.259995,149.979996,150.669998
151.179993,151.639999,148.899994,150.869995
150.850006,151.429993,150.169998,150.929993
150.690002,155.740005,150.610001,155.490005
153.5,154.699997,152.149994,154.559998
153.600006,155.080002,152.729996,154.919998
153.5,154.770004,150.449997,150.529999
150.029999,153.419998,149.600006,152.5
152.779999,155.270004,152.610001,154.850006
156.089996,158.559998,155.190002,156.600006
156.210007,156.610001,154.679993,156.139999
156.910004,159.679993,156.460007,159.410004
157.960007,160.220001,157.139999,157.729996
158.860001,159.240005,154.589996,154.860001
154.190002,155.649994,153.429993,154.399994
155.619995,157.080002,154.580002,155.470001
155.339996,156.940002,154.619995,156.009995
156.199997,156.360001,152.300003,154.089996
154.309998,157.639999,154.059998,156.279999
156.960007,158.970001,156.279999,158.259995
157.490005,159.570007,157.169998,159.130005
151.330002,156.490005,150.869995,156.0
174.369995,174.710007,169.649994,171.949997
169.059998,169.550003,165.210007,166.149994
165.610001,168.100006,162.600006,162.779999
164.300003,167.119995,163.089996,163.860001
164.789993,166.729996,163.889999,166.619995
167.559998,167.960007,163.050003,167.240005
167.460007,168.139999,166.029999,168.100006
168.5,171.759995,168.389999,171.25
169.0,170.149994,168.740005,169.380005
169.389999,170.690002,168.179993,169.960007
168.029999,169.850006,166.190002,168.649994
164.259995,169.279999,164.0,169.139999
169.770004,171.25,168.800003,170.339996
170.630005,172.649994,170.509995,172.509995
173.289993,175.119995,172.690002,174.179993
174.179993,176.270004,173.690002,176.059998
176.190002,178.770004,176.080002,176.919998
176.899994,178.149994,175.809998,177.850006
176.639999,177.149994,175.210007,176.380005
177.070007,178.25,172.949997,173.550003
174.979996,175.770004,173.649994,174.990005
174.449997,177.270004,174.369995,176.399994
175.429993,176.839996,174.720001,175.899994
175.199997,175.220001,171.789993,172.110001
171.860001,173.059998,169.440002,172.5
172.539993,174.529999,171.160004,173.169998
173.279999,173.850006,171.889999,173.789993
175.199997,176.649994,173.929993,175.410004
175.899994,177.149994,175.75,176.729996
177.050003,177.869995,174.300003,174.460007
174.970001,177.059998,172.759995,175.009995
176.220001,176.839996,173.770004,176.619995
178.25,180.410004,176.110001,177.789993
176.110001,176.740005,174.880005,175.160004
174.220001,177.059998,174.149994,176.789993
175.460007,178.360001,174.809998,177.240005
177.139999,177.389999,174.100006,175.089996
175.369995,177.289993,174.990005,176.300003
177.0,180.850006,176.610001,179.630005
180.160004,180.889999,178.669998,179.220001
179.619995,184.289993,179.419998,184.029999
182.630005,184.509995,182.479996,183.880005
184.179993,186.050003,184.020004,185.410004
184.320007,185.130005,181.960007,182.149994
183.029999,183.880005,181.300003,182.990005
182.050003,185.570007,181.559998,185.240005
184.850006,186.089996,184.0,185.820007
185.860001,190.860001,185.800003,190.600006
189.899994,190.169998,187.779999,189.029999
190.309998,191.360001,188.720001,188.979996
189.149994,191.75,189.029999,191.179993
189.850006,190.860001,185.080002,185.570007
185.080002,187.110001,184.490005,185.070007
184.919998,188.240005,184.919998,186.529999
187.360001,188.679993,183.369995,183.919998
182.970001,183.550003,179.899994,181.020004
181.929993,182.5,176.470001,177.690002
178.880005,180.289993,177.130005,177.660004
180.589996,182.699997,180.229996,181.669998
182.050003,183.610001,181.539993,181.789993
173.600006,176.190002,171.820007,172.630005
172.520004,173.419998,167.190002,167.279999
167.149994,168.089996,164.059998,167.0
168.830002,170.429993,167.990005,169.529999
170.240005,171.229996,168.440002,170.289993
173.240005,174.25,170.009995,171.539993
170.25,174.050003,168.880005,170.759995
166.440002,168.509995,164.669998,166.660004
155.5,164.429993,154.929993,159.25
159.330002,160.570007,156.410004,158.289993
161.25,162.979996,158.470001,158.940002
160.509995,163.690002,160.210007,162.029999
160.009995,163.789993,159.059998,163.669998
164.350006,164.899994,161.839996,162.289993
163.410004,164.729996,162.970001,164.160004
162.399994,163.220001,157.710007,160.369995
160.5,161.639999,159.610001,161.300003
161.470001,165.059998,161.130005,162.960007
165.279999,166.690002,164.259995,166.669998
166.899994,168.639999,166.820007,167.179993
165.149994,166.850006,164.669998,165.850006
167.259995,167.589996,163.309998,163.800003
164.720001,166.179993,163.830002,165.619995
166.380005,167.550003,164.460007,166.160004
165.839996,166.440002,164.460007,164.679993
165.039993,165.600006,161.529999,162.850006
164.309998,165.970001,160.25,161.779999
162.619995,163.660004,161.690002,163.380005
161.720001,161.850006,156.479996,157.360001
156.660004,159.0,155.960007,156.449997
156.300003,159.449997,155.979996,157.240005
157.300003,157.830002,150.550003,150.919998
152.509995,153.399994,147.220001,148.710007
150.449997,151.270004,148.339996,148.660004
149.919998,151.5,147.520004,151.160004
153.800003,154.820007,152.649994,154.690002
155.429993,158.380005,155.210007,157.460007
157.309998,158.25,156.600006,158.059998
159.020004,160.550003,158.380005,159.320007
159.860001,160.5,158.600006,159.809998
163.710007,163.789993,161.339996,162.139999
163.5,163.729996,162.059998,163.589996
164.350006,165.490005,161.669998,161.850006
163.029999,163.220001,160.690002,162.289993
161.470001,162.809998,161.300003,161.490005
163.639999,164.080002,162.279999,162.729996
162.809998,165.699997,162.630005,163.949997
163.320007,166.149994,163.259995,165.850006
167.690002,169.160004,164.580002,166.990005
166.419998,167.520004,164.729996,165.860001
164.410004,166.639999,163.919998,165.860001
168.059998,168.229996,165.479996,167.059998
167.720001,168.479996,162.75,162.979996
163.940002,164.729996,162.869995,164.380005
163.449997,164.839996,159.740005,161.860001
160.869995,163.070007,160.399994,162.080002
162.130005,163.899994,161.240005,163.240005
163.639999,166.229996,163.399994,164.960007
165.789993,167.679993,164.630005,165.460007
164.529999,165.800003,163.740005,165.160004
165.729996,166.369995,162.759995,162.929993
163.190002,164.710007,163.080002,163.419998
162.949997,164.5,162.619995,164.070007
162.979996,165.770004,162.979996,165.139999
164.759995,165.820007,161.929993,162.779999
162.830002,163.330002,161.009995,162.720001
163.669998,165.589996,163.419998,165.270004
168.75,168.75,163.949997,166.720001
167.729996,170.380005,167.089996,169.679993
180.679993,182.020004,174.059998,174.460007
173.130005,176.820007,171.0,171.110001
170.070007,172.320007,168.880005,171.289993
169.929993,170.729996,168.009995,169.240005
169.429993,170.529999,168.839996,169.740005
173.800003,176.940002,173.5,176.509995
177.410004,181.080002,177.190002,180.75
180.649994,180.899994,178.080002,178.350006
178.580002,180.550003,178.470001,180.350006
179.820007,182.490005,179.389999,181.619995
180.460007,180.960007,178.539993,178.880005
178.279999,178.820007,174.320007,175.580002
173.729996,174.139999,171.220001,172.490005
173.419998,175.440002,172.899994,175.300003
173.720001,178.869995,173.559998,178.119995
177.339996,177.679993,173.779999,175.979996
173.899994,174.130005,163.699997,167.630005
165.850006,166.460007,163.899994,164.759995
166.089996,168.630005,165.610001,167.649994
167.630005,169.820007,167.580002,169.119995
169.0,169.479996,168.020004,169.229996
168.5,169.429993,167.160004,168.949997
168.770004,172.080002,168.570007,171.490005
171.490005,172.679993,170.850006,171.339996
171.149994,174.910004,171.059998,174.369995
175.360001,176.059998,172.330002,172.639999
172.029999,175.080002,171.860001,174.710007
173.960007,176.259995,173.649994,175.369995
182.850006,186.360001,181.050003,185.169998
185.309998,195.610001,184.850006,195.399994
195.0,195.179993,191.710007,191.960007
191.009995,192.729996,189.639999,189.820007
192.869995,199.0,192.619995,196.660004
197.25,201.419998,194.979996,195.419998
195.220001,197.0,187.740005,188.399994
191.630005,193.029999,188.380005,188.509995
185.779999,192.889999,185.220001,191.410004
192.619995,195.100006,190.149994,194.630005
194.839996,196.110001,193.779999,196.110001
195.149994,196.75,194.380005,195.600006
194.949997,195.320007,190.649994,192.759995
189.800003,192.550003,189.119995,191.240005
191.080002,191.960007,188.509995,189.300003
190.649994,192.0,187.5,189.429993
191.369995,193.210007,189.979996,191.789993
193.979996,198.220001,193.850006,196.869995
197.110001,201.0,194.600006,195.490005
192.570007,196.289993,192.380005,193.949997
194.300003,196.520004,190.309998,192.039993
190.070007,191.179993,187.360001,191.009995
191.240005,191.979996,188.309998,189.660004
193.089996,196.360001,191.860001,195.550003
194.139999,195.479996,192.809998,192.910004
196.529999,197.229996,193.75,196.0
199.070007,202.289993,197.869995,198.050003
199.059998,200.479996,197.529999,198.369995
198.139999,200.300003,195.199997,197.979996
198.100006,200.899994,198.0,200.210007
192.410004,196.880005,190.729996,191.809998
192.75,195.479996,190.679993,195.300003
195.559998,196.789993,193.429993,195.410004
198.0,201.399994,197.669998,200.869995
202.0,205.479996,201.800003,204.020004
200.690002,203.75,200.100006,201.229996
203.389999,207.050003,202.809998,206.380005
191.070007,192.75,188.029999,191.330002
189.5,192.100006,188.720001,191.600006
191.050003,191.179993,183.240005,185.339996
187.350006,188.199997,185.860001,186.470001
185.029999,186.940002,184.279999,185.320007
183.220001,185.110001,181.830002,183.610001
184.320007,186.279999,183.139999,186.139999
185.059998,186.399994,184.320007,185.229996
185.600006,185.960007,181.740005,183.770004
184.070007,185.460007,183.589996,185.270004
184.800003,185.309998,182.720001,184.559998
185.149994,185.339996,179.080002,179.660004
181.990005,183.119995,178.889999,179.25
178.039993,178.740005,174.690002,175.419998
175.070007,176.080002,171.580002,172.729996
173.990005,174.559998,167.940002,168.5
168.679993,170.610001,166.770004,170.279999
171.929993,173.369995,165.929993,167.009995
166.240005,173.289993,165.800003,170.919998
170.520004,173.779999,169.059998,173.020004
170.529999,174.809998,170.5,172.350006
171.259995,174.970001,170.270004,173.860001
168.259995,168.460007,163.690002,165.869995
164.910004,166.75,161.369995,164.039993
166.580002,167.639999,163.529999,167.110001
166.039993,166.130005,162.110001,162.759995
163.270004,166.490005,162.449997,165.490005
165.029999,166.300003,163.669998,164.289993
163.679993,164.25,156.720001,160.669998
161.759995,165.869995,161.0,163.889999
161.570007,164.889999,160.960007,162.800003
161.210007,164.240005,160.889999,163.990005
167.070007,168.320007,165.139999,167.679993
168.979996,170.630005,168.320007,170.559998
169.0,169.610001,164.839996,165.059998
164.630005,165.419998,162.0,162.240005
160.490005,161.820007,153.630005,154.330002
153.110001,155.539993,150.660004,154.639999
153.619995,158.100006,153.619995,157.070007
155.149994,158.410004,154.699997,157.039993
151.110001,152.779999,150.389999,150.720001
148.009995,151.070007,145.380005,145.600006
141.550003,152.850006,140.529999,146.75
151.220001,152.240005,143.029999,144.699997
144.419998,159.550003,143.910004,158.710007
156.539993,157.720001,149.929993,152.820007
152.899994,157.669998,152.820007,157.139999
160.0,161.720001,157.559998,159.070007
159.130005,159.649994,155.210007,156.309998
153.100006,155.889999,151.509995,153.330002
154.289993,154.679993,148.5,151.160004
148.880005,148.949997,146.100006,147.669998
148.889999,152.190002,148.539993,151.470001
155.610001,157.529999,153.809998,155.350006
156.149994,159.589996,155.789993,159.279999
165.070007,166.100006,161.039993,161.960007
162.429993,163.149994,158.600006,160.610001
160.320007,160.740005,157.520004,160.160004
157.979996,159.270004,155.399994,158.800003
160.449997,161.949997,158.910004,161.300003
163.410004,164.970001,161.869995,164.029999
163.0,165.389999,162.720001,164.210007
162.169998,164.800003,161.190002,163.229996
164.080002,165.0,147.839996,151.380005
155.0,155.929993,152.899994,154.279999
154.169998,155.050003,152.199997,152.75
157.490005,159.100006,156.25,158.460007
158.789993,160.570007,156.160004,159.529999
159.960007,167.0,159.610001,165.369995
165.839996,166.210007,162.369995,163.960007
167.729996,169.350006,165.619995,166.190002
164.509995,166.639999,164.220001,166.539993
166.429993,168.5,162.899994,163.979996
163.690002,173.139999,163.559998,168.559998
171.850006,176.770004,170.710007,170.869995
169.059998,169.960007,167.889999,168.470001
170.160004,173.169998,170.0,172.899994
173.160004,175.270004,171.910004,172.360001
174.0,174.419998,170.630005,171.860001
171.350006,172.210007,167.440002,171.740005
167.839996,169.869995,167.389999,169.029999
167.490005,168.479996,165.279999,166.179993
166.740005,168.220001,166.360001,168.050003
170.339996,170.929993,167.589996,168.210007
170.830002,174.5,170.830002,173.679993
174.539993,176.470001,174.369995,176.089996
176.199997,181.110001,174.910004,178.600006
179.770004,180.369995,176.75,177.350006
176.179993,176.720001,174.75,175.699997
172.440002,177.130005,172.389999,174.669998
174.729996,176.940002,174.649994,176.770004
175.699997,177.360001,174.580002,175.949997
176.009995,176.559998,173.199997,173.320007
173.949997,174.339996,165.460007,166.639999
166.270004,167.339996,162.0,165.190002
166.919998,168.220001,166.130005,166.770004
167.630005,172.360001,167.550003,170.679993
172.429993,173.690002,169.940002,173.539993
173.539993,178.679993,171.729996,178.529999
180.779999,181.229996,174.580002,176.229996
175.740005,176.089996,173.529999,175.839996
175.539993,178.860001,175.070007,178.639999
178.5,179.669998,177.050003,179.529999
179.059998,179.300003,175.679993,176.789993
177.850006,177.949997,172.809998,174.360001
175.25,179.440002,172.770004,176.619995
175.630005,178.429993,174.380005,177.619995
176.789993,181.429993,176.479996,180.190002
181.009995,183.669998,179.679993,181.559998
182.809998,184.220001,181.600006,182.0
183.240005,184.330002,182.029999,182.970001
182.139999,184.059998,180.479996,183.580002
185.399994,186.419998,183.710007,185.059998
186.25,190.289993,186.149994,190.100006
191.5,191.649994,187.460007,191.339996
191.5,192.529999,189.179993,190.229996
197.029999,197.949997,191.0,192.169998
191.979996,194.330002,191.259995,193.179993
193.649994,194.050003,190.839996,192.580002
192.429993,195.919998,192.080002,195.75
195.600006,197.600006,194.690002,196.529999
195.710007,195.990005,191.089996,191.899994
189.029999,190.830002,187.820007,189.130005
190.289993,195.270004,190.119995,195.039993
194.710007,197.860001,193.889999,194.669998
194.5,196.630005,193.669998,196.089996
197.059998,197.539993,194.330002,196.520004
197.220001,202.610001,197.169998,201.419998
200.940002,201.479996,199.070007,201.0
201.369995,204.5,200.589996,203.339996
204.130005,204.529999,197.509995,201.960007
201.5,204.440002,201.229996,202.940002
203.850006,206.440002,201.279999,203.899994
204.199997,205.270004,202.490005,203.5
203.029999,203.440002,199.960007,201.570007
200.729996,201.279999,196.600006,199.320007
199.75,202.479996,199.429993,199.75
202.729996,208.539993,201.300003,206.089996
206.429993,210.520004,205.279999,208.490005
207.509995,207.850006,205.699997,207.139999
205.699997,208.910004,205.649994,207.479996
207.25,212.220001,206.899994,211.639999
210.509995,214.649994,210.199997,212.910004
208.440002,211.679993,206.199997,211.350006
226.210007,231.309998,224.789993,230.660004
229.649994,232.369995,226.110001,232.300003
232.199997,235.759995,231.899994,235.0
235.470001,238.130005,233.669998,234.039993
234.169998,240.470001,233.229996,239.630005
238.899994,241.660004,237.850006,239.169998
239.880005,242.25,236.25,240.369995
240.369995,242.080002,238.0,240.800003
244.660004,252.410004,244.660004,251.610001
252.080002,253.039993,249.470001,251.160004
251.220001,251.600006,246.279999,249.529999
251.679993,253.990005,249.800003,252.029999
253.25,256.0,251.809998,254.720001
254.429993,255.779999,250.300003,252.529999
253.039993,254.360001,250.479996,251.660004
251.660004,252.350006,246.440002,247.139999
244.399994,246.490005,240.740005,245.789993
247.070007,249.419998,245.970001,246.539993
247.850006,251.149994,242.770004,244.050003
242.809998,243.289993,239.25,243.100006
240.75,246.300003,238.610001,244.899994
245.149994,246.809998,242.300003,245.690002
244.490005,246.300003,241.660004,245.350006
244.779999,251.320007,244.580002,250.429993
248.270004,250.440002,245.520004,245.759995
244.960007,246.009995,243.820007,244.619995
244.470001,244.759995,239.149994,241.529999
241.429993,244.089996,235.839996,236.570007
240.210007,244.5,239.710007,244.149994
241.229996,247.119995,240.509995,245.449997
247.25,252.110001,245.990005,251.029999
251.770004,256.959991,250.100006,251.460007
250.759995,254.220001,247.809998,253.300003
254.690002,257.329987,254.229996,256.549988
254.740005,254.880005,244.149994,250.460007
254.369995,256.359985,249.289993,251.690002
252.979996,255.039993,251.850006,253.080002
256.579987,261.679993,255.320007,259.920013
264.820007,270.140015,264.279999,269.269989
269.690002,270.730011,266.5,267.470001
267.75,275.339996,267.670013,274.570007
291.589996,291.589996,280.059998,281.480011
283.209991,286.0,277.029999,281.190002
282.179993,285.529999,279.799988,283.720001
276.75,281.269989,276.26001,277.540009
278.869995,286.420013,277.339996,284.309998
285.329987,288.350006,281.140015,284.75
283.209991,283.779999,275.190002,278.829987
284.420013,290.799988,282.859985,290.100006
287.75,291.920013,287.320007,291.309998
291.679993,292.01001,283.690002,286.709991
282.339996,282.839996,277.23999,278.570007
271.410004,278.559998,270.700012,276.410004
285.779999,293.950012,283.570007,285.019989
287.920013,288.799988,278.200012,284.279999
287.160004,303.809998,286.630005,292.809998
304.540009,306.420013,288.670013,289.450012
296.420013,303.920013,293.850006,299.660004
311.130005,319.480011,309.600006,318.579987
326.209991,328.829987,317.649994,323.440002
320.679993,324.5,316.790009,319.950012
323.369995,326.850006,316.790009,320.179993
317.700012,319.850006,313.890015,314.890015
316.73999,318.380005,313.910004,315.809998
315.890015,321.579987,314.100006,319.630005
322.230011,322.359985,314.700012,317.619995
319.48999,323.160004,319.170013,321.269989
320.049988,320.440002,311.220001,313.720001
312.369995,317.98999,311.899994,317.079987
315.829987,321.309998,314.679993,320.209991
320.079987,321.119995,308.600006,312.429993
313.700012,314.869995,305.559998,309.290009
311.320007,311.420013,304.880005,308.220001
304.950012,310.769989,302.589996,306.570007
308.01001,308.089996,296.119995,296.720001
301.720001,303.959991,299.230011,302.459991
301.730011,307.25,300.970001,307.160004
309.880005,310.130005,305.299988,309.779999
309.630005,314.940002,309.320007,314.350006
314.769989,315.079987,311.920013,314.089996
314.480011,315.089996,312.279999,313.51001
311.369995,314.019989,310.619995,313.559998
312.5,316.950012,312.459991,313.850006
312.850006,314.579987,311.440002,313.0
316.899994,322.5,310.329987,315.149994
317.660004,319.019989,314.630005,316.540009
316.399994,320.940002,311.779999,314.339996
314.359985,326.149994,314.190002,321.980011
328.970001,330.320007,321.5,325.440002
327.089996,330.829987,325.799988,328.570007
325.799988,334.040009,325.0,331.859985
334.950012,340.48999,333.619995,335.970001
335.059998,336.519989,330.480011,335.839996
337.649994,337.690002,330.73999,332.779999
334.410004,334.649994,327.700012,330.0
320.869995,327.730011,320.429993,322.0
320.920013,332.480011,319.350006,328.380005
334.450012,335.149994,328.75,330.540009
332.48999,333.690002,327.450012,327.929993
327.809998,335.839996,327.0,333.26001
335.369995,337.910004,333.480011,334.549988
336.059998,337.540009,331.940002,336.01001
340.299988,342.290009,326.540009,338.25
340.0,340.0,332.290009,338.0
336.220001,344.829987,335.630005,343.690002
347.339996,349.0,337.470001,339.709991
342.959991,343.309998,328.519989,333.040009
312.220001,332.690002,306.459991,331.25
327.179993,330.380005,319.920013,322.859985
320.929993,327.700012,317.26001,324.320007
320.970001,321.670013,314.609985,318.579987
318.970001,321.059998,309.660004,310.959991
312.089996,316.23999,307.200012,309.0
307.730011,308.630005,303.709991,305.720001
300.040009,304.440002,296.25,302.019989
302.089996,305.380005,301.25,303.329987
301.820007,305.470001,300.040009,302.850006
304.320007,316.5,303.899994,314.980011
319.049988,319.519989,309.869995,311.48999
310.519989,312.269989,305.929993,310.899994
312.059998,313.640015,309.440002,312.899994
312.640015,313.140015,302.350006,307.380005
304.140015,312.369995,303.799988,311.76001
303.230011,308.48999,301.299988,306.519989
298.589996,303.940002,296.709991,303.579987
302.890015,305.470001,300.75,303.130005
303.040009,303.299988,297.98999,300.880005
296.089996,300.529999,295.179993,298.519989
294.359985,306.799988,294.079987,306.359985
306.170013,309.51001,305.570007,307.040009
306.75,311.420013,305.920013,308.700012
306.820007,308.940002,301.029999,303.549988
307.01001,307.690002,300.440002,302.279999
304.350006,306.48999,303.019989,305.559998
305.859985,311.420013,305.5,310.920013
309.269989,312.470001,306.929993,307.690002
304.01001,308.059998,302.350006,307.130005
305.459991,306.0,298.269989,301.0
302.109985,305.980011,300.929993,302.059998
299.200012,299.920013,290.329987,290.440002
293.440002,296.0,289.23999,290.929993
287.910004,287.950012,278.5,280.920013
277.279999,279.369995,273.950012,274.339996
276.420013,277.089996,272.109985,273.5
278.040009,288.079987,277.089996,287.559998
290.839996,300.519989,290.410004,297.390015
290.690002,298.079987,289.450012,295.769989
295.869995,300.619995,295.179993,299.98999
302.730011,305.630005,297.720001,305.459991
320.450012,322.079987,315.019989,317.320007
315.910004,319.540009,311.059998,318.48999
320.019989,321.829987,316.320007,317.23999
317.140015,321.630005,315.470001,321.309998
324.790009,333.290009,323.75,332.910004
332.890015,337.480011,330.899994,337.119995
338.75,339.880005,334.519989,336.019989
337.649994,342.320007,336.23999,341.679993
340.76001,341.399994,336.609985,337.420013
337.690002,339.339996,331.350006,332.290009
337.019989,339.820007,335.170013,339.320007
341.179993,341.959991,336.179993,338.890015
338.730011,345.269989,335.390015,344.399994
345.980011,353.179993,342.730011,350.339996
348.549988,352.420013,346.119995,349.779999
347.570007,355.790009,344.209991,349.940002
374.070007,385.839996,365.820007,384.799988
381.630005,386.76001,379.049988,385.690002
385.630005,387.380005,379.790009,383.25
386.230011,392.820007,384.019989,388.429993
394.25,399.850006,392.76001,398.040009
399.920013,400.100006,392.679993,397.98999
397.0,402.0,396.359985,400.799988
393.649994,397.440002,388.470001,388.640015
387.339996,388.519989,382.769989,387.350006
385.600006,403.700012,385.0,402.619995
397.279999,402.929993,395.839996,401.070007
396.320007,399.540009,393.179993,396.779999
395.690002,408.609985,394.529999,396.940002
396.959991,397.149994,386.109985,387.660004
387.700012,393.859985,382.899994,388.910004
385.700012,392.5,383.019989,387.660004
387.350006,388.73999,381.769989,382.970001
384.51001,389.26001,382.600006,388.880005
386.670013,393.880005,385.899994,388.829987
388.0,391.869995,385.160004,390.130005
385.23999,385.23999,378.459991,380.339996
376.519989,378.559998,373.519989,376.369995
366.589996,373.540009,358.440002,361.850006
362.029999,366.450012,358.079987,358.98999
358.899994,373.249908,358.209991,372.190002
