open,high,low,close
116.080002,117.580002,116.010002,117.220001
117.290001,117.980003,116.959999,117.559998
117.660004,118.639999,117.650002,118.43
117.940002,117.940002,117.290001,117.669998
116.580002,116.879997,115.690002,116.07
115.650002,116.18,114.589996,114.809998
114.389999,115.110001,113.669998,114.480003
114.889999,115.559998,114.459999,114.559998
113.720001,114.589996,112.889999,114.550003
114.410004,114.919998,113.68,114.059998
115.800003,116.449997,115.300003,115.300003
115.339996,115.410004,114.330002,115.080002
115.300003,115.879997,114.489998,114.629997
115.82,116.910004,115.730003,116.82
111.940002,114.040001,111.5,112.379997
111.07,111.07,108.190002,108.690002
109.650002,110.879997,109.57,110.370003
111.699997,113.050003,111.529999,112.879997
113.120003,115.019997,112.57,114.980003
115.050003,115.949997,114.800003,115.389999
115.019997,115.260002,113.07,113.690002
112.540001,114.010002,112.309998,113.889999
114.220001,114.989998,113.410004,114.129997
115.25,117.089996,115.150002,116.790001
117.559998,118.43,117.470001,118.139999
119.0,120.419998,118.830002,119.720001
120.330002,120.389999,118.949997,119.25
120.300003,120.360001,119.300003,119.370003
119.889999,120.040001,119.279999,119.699997
119.529999,120.349998,119.330002,119.900002
119.760002,119.970001,118.93,119.300003
119.550003,120.440002,118.940002,120.080002
120.010002,120.599998,119.25,119.510002
119.580002,120.650002,119.349998,120.400002
120.150002,120.459999,119.760002,120.220001
120.199997,120.970001,119.919998,120.800003
121.0,121.470001,120.349998,121.139999
120.879997,121.239998,120.529999,120.830002
120.709999,121.760002,120.050003,121.07
121.199997,121.699997,120.440002,121.169998
121.160004,121.209999,119.099998,119.480003
119.370003,120.5,119.099998,120.449997
120.449997,121.190002,120.260002,120.559998
121.339996,122.580002,120.970001,122.300003
122.349998,122.849998,122.029999,122.239998
122.269997,122.629997,122.139999,122.370003
122.379997,122.599998,121.150002,121.489998
122.029999,122.400002,121.57,122.07
121.830002,122.459999,121.629997,122.190002
122.459999,123.690002,122.43,123.400002
123.080002,123.120003,122.260002,122.400002
122.440002,122.5,121.330002,122.040001
122.080002,122.970001,122.040001,122.940002
122.769997,123.07,122.279999,122.940002
122.68,123.339996,122.330002,123.220001
123.610001,124.459999,123.610001,124.080002
123.940002,124.25,122.769997,123.07
122.620003,123.690002,122.610001,123.309998
123.449997,124.410004,122.300003,123.059998
123.269997,124.169998,123.239998,123.699997
123.830002,124.169998,123.379997,123.93
123.779999,123.889999,122.550003,123.230003
123.339996,123.629997,122.019997,123.32
124.010002,124.529999,123.629997,124.510002
124.919998,124.970001,123.970001,124.629997
124.550003,125.440002,124.480003,125.410004
125.309998,125.410004,124.769997,125.160004
124.18,124.209999,121.209999,121.25
120.690002,122.970001,120.580002,122.940002
122.059998,122.160004,119.879997,120.580002
120.769997,121.470001,120.290001,120.599998
120.68,122.190002,120.510002,122.040001
122.040001,122.040001,121.099998,121.860001
122.32,123.550003,121.989998,122.669998
123.199997,123.230003,122.150002,122.150002
122.580002,123.970001,122.099998,123.919998
124.730003,125.800003,124.660004,125.699997
125.559998,125.879997,124.809998,124.809998
123.800003,124.169998,123.099998,123.230003
123.169998,123.879997,122.809998,123.730003
123.949997,124.760002,123.07,124.68
124.620003,124.639999,122.699997,122.860001
123.419998,124.779999,122.860001,124.209999
123.830002,124.099998,123.129997,123.82
124.019997,124.309998,122.650002,123.209999
123.690002,124.68,123.650002,123.949997
123.75,124.019997,122.82,123.82
124.040001,124.32,122.230003,122.830002
122.830002,124.739998,122.830002,124.300003
124.050003,124.110001,121.339996,122.029999
122.089996,122.610001,121.529999,121.93
120.989998,121.410004,120.110001,120.919998
121.360001,121.839996,120.400002,120.43
120.580002,120.849998,120.160004,120.290001
121.519997,121.580002,120.660004,120.980003
121.169998,121.949997,120.5,121.489998
121.139999,122.0,120.410004,121.129997
120.260002,121.370003,120.099998,121.07
122.040001,122.610001,121.449997,121.839996
121.809998,121.989998,120.599998,120.93
120.110001,121.0,119.459999,119.730003
120.120003,120.139999,118.089996,118.360001
118.309998,119.029999,117.75,118.029999
118.18,118.639999,117.800003,118.5
118.660004,118.699997,116.279999,117.050003
116.870003,117.0,115.389999,115.559998
115.910004,116.239998,114.879997,115.0
115.300003,116.900002,115.050003,115.739998
118.0,118.82,117.709999,118.57
118.300003,119.459999,117.709999,118.879997
118.080002,122.830002,118.050003,122.540001
124.260002,125.400002,122.620003,124.5
125.029999,127.720001,124.550003,127.360001
128.949997,130.259995,128.389999,129.149994
128.850006,129.889999,128.300003,129.550003
129.25,130.0,129.029999,129.539993
129.949997,130.830002,129.75,130.300003
130.690002,131.089996,130.300003,130.990005
131.309998,132.0,130.610001,131.600006
132.119995,132.899994,131.669998,132.800003
132.479996,133.649994,132.100006,133.630005
133.729996,134.100006,133.539993,134.070007
133.970001,134.0,132.149994,132.330002
132.509995,133.089996,132.100006,132.259995
132.919998,133.089996,131.5,131.610001
132.25,132.550003,130.289993,130.970001
130.940002,131.470001,130.520004,130.899994
131.970001,133.330002,131.889999,133.149994
133.520004,134.910004,132.740005,134.589996
134.589996,136.179993,134.179993,135.899994
136.25,138.210007,135.800003,138.039993
138.399994,138.820007,137.75,138.309998
137.949997,138.570007,136.509995,136.850006
137.529999,138.050003,136.240005,136.860001
136.419998,137.350006,134.809998,135.149994
135.369995,137.139999,134.960007,136.160004
136.350006,137.529999,135.630005,135.910004
136.039993,137.190002,135.910004,136.800003
137.279999,138.210007,136.990005,137.960007
137.850006,138.149994,137.009995,137.059998
136.559998,136.75,134.809998,135.320007
135.460007,136.119995,135.270004,136.039993
136.229996,137.300003,136.210007,136.649994
136.889999,136.979996,134.830002,135.25
135.289993,136.259995,134.690002,135.369995
135.600006,135.630005,134.399994,134.850006
136.490005,136.830002,134.5,135.520004
136.050003,137.960007,136.009995,137.779999
137.490005,137.759995,135.509995,136.190002
136.410004,136.710007,135.679993,135.690002
135.539993,135.720001,134.5,134.800003
135.0,136.380005,134.759995,136.089996
136.229996,136.789993,135.419998,136.330002
136.160004,136.220001,133.589996,135.279999
135.649994,136.970001,135.649994,136.259995
135.600006,135.690002,134.130005,134.410004
134.759995,134.940002,133.949997,134.850006
135.139999,135.440002,133.169998,133.75
133.75,134.880005,133.75,134.440002
134.029999,134.679993,133.119995,133.880005
134.339996,136.279999,134.220001,135.929993
137.059998,137.550003,136.949997,137.210007
137.339996,137.5,136.419998,136.660004
136.770004,137.039993,135.649994,136.190002
135.229996,135.240005,133.240005,134.289993
133.869995,135.559998,133.479996,135.229996
136.220001,136.869995,134.699997,135.149994
135.300003,135.669998,134.490005,134.809998
135.990005,136.979996,135.509995,136.869995
136.399994,136.779999,135.429993,135.839996
135.820007,136.470001,134.770004,135.240005
135.240005,135.240005,133.889999,135.0
135.0,137.25,135.0,136.899994
137.789993,138.369995,137.199997,137.940002
138.770004,139.210007,138.089996,138.300003
137.940002,138.949997,137.610001,138.759995
138.190002,139.770004,138.070007,139.589996
139.460007,139.839996,138.210007,139.199997
138.449997,139.160004,138.25,139.110001
139.380005,140.320007,139.380005,140.199997
140.0,140.020004,139.25,139.580002
139.960007,140.009995,137.690002,138.75
137.460007,138.649994,137.300003,138.649994
138.339996,140.0,138.210007,140.0
139.380005,139.479996,137.759995,137.839996
139.649994,140.860001,139.520004,140.360001
140.330002,140.360001,138.639999,138.75
138.800003,139.419998,137.880005,138.649994
137.779999,137.970001,136.990005,137.699997
137.399994,137.740005,136.610001,136.800003
137.279999,137.619995,135.779999,135.899994
135.830002,136.490005,134.889999,135.360001
136.289993,136.309998,134.839996,135.960007
135.649994,136.789993,135.649994,136.279999
135.75,135.830002,134.559998,135.630005
136.289993,138.020004,135.970001,137.729996
138.220001,138.509995,137.559998,137.910004
138.139999,138.729996,137.309998,138.460007
138.279999,138.520004,137.369995,137.860001
138.509995,138.600006,133.919998,133.970001
133.710007,134.309998,132.779999,134.0
134.0,135.699997,133.639999,134.779999
134.949997,135.470001,133.860001,134.490005
132.759995,135.070007,132.399994,134.740005
134.279999,135.899994,134.139999,135.789993
135.699997,136.490005,135.300003,136.229996
136.320007,137.380005,136.259995,137.259995
137.419998,138.169998,136.940002,137.479996
137.970001,138.100006,135.600006,136.029999
135.929993,136.550003,135.350006,135.869995
136.830002,137.429993,134.080002,134.330002
134.539993,135.630005,133.830002,135.580002
135.210007,136.029999,134.75,135.520004
135.470001,136.850006,135.160004,135.820007
135.270004,136.919998,135.080002,136.899994
136.639999,136.699997,134.919998,135.039993
134.880005,135.369995,133.660004,133.720001
134.070007,135.320007,133.679993,135.289993
134.720001,135.460007,134.160004,135.320007
135.690002,136.960007,135.539993,135.789993
136.339996,137.669998,136.149994,137.520004
137.240005,137.550003,136.710007,137.210007
139.080002,139.339996,138.490005,138.919998
140.240005,140.880005,140.089996,140.270004
140.169998,141.820007,140.130005,140.990005
141.339996,141.800003,140.479996,140.949997
141.029999,141.169998,139.039993,139.059998
139.639999,140.289993,138.779999,139.860001
139.979996,140.339996,138.690002,139.149994
138.490005,138.759995,137.690002,138.289993
138.529999,138.729996,137.110001,138.100006
138.690002,138.990005,137.529999,138.990005
138.660004,138.979996,137.759995,138.410004
138.589996,138.830002,137.779999,138.350006
138.039993,139.479996,137.860001,139.210007
138.669998,138.830002,136.979996,138.240005
137.710007,137.889999,137.160004,137.509995
137.979996,139.25,137.979996,138.580002
138.970001,139.039993,137.619995,138.630005
136.330002,137.039993,134.75,134.889999
134.570007,135.899994,134.229996,135.380005
135.639999,136.759995,135.419998,136.029999
136.259995,137.199997,136.160004,136.949997
137.289993,137.690002,136.350006,137.399994
137.509995,138.029999,136.830002,137.490005
138.139999,138.610001,137.199997,137.580002
137.380005,137.789993,136.779999,137.539993
137.119995,137.440002,136.220001,136.460007
136.839996,136.919998,134.639999,136.320007
136.720001,139.0,136.270004,138.949997
139.449997,141.020004,139.050003,139.850006
139.960007,140.110001,138.949997,138.979996
138.110001,139.660004,137.809998,138.850006
138.860001,139.529999,138.490005,138.979996
138.979996,141.460007,138.740005,140.880005
141.460007,142.899994,140.699997,141.610001
141.660004,141.990005,140.889999,141.380005
141.800003,142.309998,141.470001,142.100006
142.029999,142.039993,140.449997,141.259995
139.690002,140.979996,139.690002,140.539993
140.029999,140.220001,139.279999,140.190002
140.559998,141.580002,140.509995,141.229996
140.880005,140.970001,139.699997,139.800003
140.050003,140.800003,139.220001,139.449997
139.369995,140.389999,139.009995,139.979996
140.139999,141.080002,139.550003,140.910004
141.089996,141.529999,140.199997,141.080002
141.100006,141.619995,139.75,139.839996
140.669998,142.259995,140.399994,141.979996
142.240005,142.350006,139.649994,141.139999
141.25,141.669998,140.770004,140.919998
141.339996,142.5,141.300003,142.100006
141.699997,141.850006,140.699997,141.589996
139.929993,140.470001,138.830002,139.139999
139.429993,140.679993,139.179993,140.490005
139.919998,140.889999,139.369995,139.880005
139.779999,140.380005,138.979996,140.289993
141.050003,142.220001,141.009995,141.369995
141.199997,141.559998,140.380005,141.490005
141.100006,142.300003,141.100006,141.729996
141.600006,142.460007,141.259995,142.059998
141.539993,141.869995,141.039993,141.690002
141.880005,143.139999,141.880005,143.100006
143.119995,143.520004,142.800003,143.199997
143.009995,143.330002,142.25,142.550003
142.309998,142.820007,141.970001,142.75
143.619995,144.25,143.210007,144.050003
144.149994,144.149994,143.050003,143.25
143.479996,143.679993,141.550003,142.339996
142.020004,142.360001,141.470001,141.960007
142.220001,142.380005,140.970001,141.509995
142.169998,142.199997,140.970001,141.779999
141.589996,141.820007,139.729996,140.229996
140.440002,140.539993,139.160004,139.529999
139.910004,140.320007,139.490005,140.210007
140.440002,140.850006,139.710007,140.440002
140.410004,141.789993,139.690002,140.0
139.119995,139.389999,138.279999,138.789993
138.279999,138.279999,136.259995,136.270004
136.210007,136.740005,135.770004,136.470001
137.259995,138.589996,137.229996,138.539993
138.800003,138.820007,137.339996,137.399994
137.669998,138.389999,137.210007,137.440002
136.979996,137.690002,134.919998,134.929993
134.470001,135.460007,134.119995,134.919998
134.690002,135.020004,134.139999,134.830002
135.259995,136.449997,135.139999,136.289993
135.529999,136.570007,135.210007,136.070007
136.639999,136.929993,136.020004,136.490005
136.880005,137.309998,136.419998,136.880005
137.369995,137.610001,136.770004,137.460007
136.490005,137.809998,136.229996,137.490005
137.360001,138.509995,137.25,138.369995
138.910004,139.940002,138.669998,139.729996
139.979996,140.630005,139.729996,140.520004
140.630005,140.889999,138.580002,139.169998
139.740005,140.0,139.080002,139.460007
139.589996,139.690002,138.589996,139.110001
138.929993,139.770004,138.619995,139.220001
140.389999,140.919998,140.229996,140.679993
141.039993,141.690002,140.820007,141.539993
141.410004,142.220001,141.320007,141.960007
141.779999,142.160004,141.419998,141.830002
141.639999,142.470001,141.550003,142.410004
142.619995,143.809998,142.600006,143.380005
143.570007,143.690002,143.089996,143.380005
143.529999,144.020004,143.259995,143.839996
144.020004,144.259995,143.479996,143.690002
143.669998,144.669998,143.559998,144.300003
144.270004,144.940002,143.690002,144.5
144.289993,145.149994,144.179993,144.610001
145.630005,147.860001,145.160004,147.440002
147.25,148.059998,146.779999,147.830002
147.919998,148.429993,147.740005,148.179993
148.309998,150.0,148.080002,150.0
150.110001,150.330002,149.330002,150.330002
150.089996,150.610001,149.389999,149.850006
150.289993,150.630005,149.869995,150.259995
149.710007,150.339996,149.570007,150.050003
150.190002,150.679993,149.179993,149.429993
149.929993,150.289993,149.410004,149.860001
149.940002,150.190002,149.460007,149.75
149.460007,150.009995,149.020004,149.639999
149.919998,149.990005,149.229996,149.369995
149.610001,150.350006,149.029999,149.240005
149.270004,149.770004,148.5,148.809998
149.5,149.910004,149.080002,149.520004
148.770004,149.330002,148.169998,149.289993
150.309998,150.410004,149.860001,149.979996
150.149994,150.149994,148.699997,148.860001
149.389999,149.779999,149.039993,149.169998
148.940002,149.0,147.220001,148.449997
148.940002,149.339996,148.509995,148.759995
148.880005,149.910004,148.300003,149.789993
148.880005,149.449997,147.389999,148.210007
148.789993,149.830002,148.639999,149.259995
150.5,150.529999,147.440002,148.270004
148.240005,149.229996,147.720001,148.710007
148.479996,148.960007,148.059998,148.610001
148.75,149.380005,148.389999,148.779999
148.800003,148.850006,146.539993,147.0
146.660004,147.449997,145.839996,147.199997
146.270004,147.389999,145.279999,146.679993
146.710007,147.100006,146.350006,146.570007
145.929993,146.820007,145.5,146.610001
146.059998,146.490005,145.589996,146.210007
145.350006,146.210007,144.5,145.630005
146.210007,148.399994,146.190002,147.770004
147.25,149.029999,147.169998,148.449997
148.759995,149.580002,148.330002,149.529999
150.199997,151.289993,150.059998,151.089996
151.279999,151.770004,150.860001,150.889999
151.210007,151.369995,150.770004,150.949997
151.300003,151.619995,150.440002,150.490005
151.020004,152.970001,150.660004,152.860001
153.339996,154.210007,152.949997,153.369995
154.100006,154.550003,153.279999,153.649994
153.020004,153.710007,148.75,153.020004
154.899994,155.410004,152.300003,152.449997
151.399994,152.960007,150.919998,150.929993
150.369995,151.190002,149.949997,150.220001
151.309998,151.889999,150.020004,151.270004
152.149994,152.279999,151.279999,151.410004
151.429993,152.130005,151.020004,151.350006
151.699997,151.929993,150.820007,150.880005
150.809998,152.710007,150.809998,151.779999
151.850006,152.199997,149.639999,150.100006
151.050003,153.25,150.580002,152.240005
153.669998,154.720001,153.460007,154.300003
154.75,154.770004,152.820007,153.080002
153.75,153.940002,152.839996,153.380005
153.240005,154.020004,153.080002,153.470001
153.380005,153.389999,152.800003,153.190002
153.0,153.429993,152.899994,153.279999
153.210007,153.949997,152.809998,153.130005
153.240005,153.75,153.009995,153.729996
154.149994,154.149994,152.389999,152.460007
153.199997,153.970001,152.460007,153.899994
153.869995,154.460007,153.520004,154.059998
154.970001,155.149994,154.020004,154.470001
154.880005,154.979996,153.940002,154.789993
154.729996,155.270004,153.5,155.029999
155.240005,155.5,154.729996,154.820007
154.470001,155.169998,153.919998,154.839996
155.070007,157.660004,154.979996,157.5
157.679993,158.860001,157.470001,158.160004
158.860001,159.410004,155.800003,156.139999
156.800003,157.940002,156.279999,157.619995
157.220001,157.5,156.389999,156.539993
156.729996,158.690002,156.550003,158.600006
158.399994,159.449997,158.309998,159.449997
159.240005,160.300003,158.669998,159.960007
160.360001,160.630005,158.399994,158.970001
159.639999,159.919998,158.210007,159.029999
159.529999,159.690002,158.770004,159.600006
159.059998,159.860001,158.619995,158.699997
157.660004,158.220001,156.729996,157.179993
157.740005,158.419998,155.919998,156.360001
155.729996,157.210007,155.529999,156.850006
156.130005,156.149994,153.509995,153.830002
152.669998,153.789993,147.860001,147.919998
145.529999,150.369995,144.240005,149.690002
149.610001,150.789993,148.610001,149.839996
149.990005,150.0,145.440002,145.440002
146.759995,147.940002,142.5,146.770004
146.919998,148.919998,145.479996,148.160004
147.380005,148.789993,146.899994,148.479996
147.630005,151.520004,147.179993,151.149994
152.220001,152.869995,150.559998,152.800003
152.610001,154.289993,152.539993,153.339996
152.550003,153.770004,151.669998,152.080002
152.419998,154.809998,152.009995,152.240005
152.809998,154.029999,151.910004,152.0
152.979996,154.020004,152.149994,153.979996
154.529999,155.259995,153.470001,154.990005
155.179993,155.880005,152.75,152.759995
153.139999,153.600006,150.309998,150.350006
150.050003,151.570007,148.380005,149.949997
148.710007,152.75,148.399994,152.350006
151.820007,154.259995,151.470001,153.710007
154.429993,155.389999,152.800003,155.369995
154.460007,156.929993,154.220001,156.740005
156.899994,157.470001,155.5,156.419998
157.309998,159.0,156.869995,158.919998
159.25,159.649994,158.490005,159.199997
160.0,160.300003,158.139999,158.460007
159.220001,159.389999,157.410004,157.710007
158.100006,158.139999,156.369995,156.919998
156.979996,158.270004,156.75,157.800003
157.169998,157.210007,154.449997,156.279999
156.669998,157.020004,155.770004,156.240005
156.320007,158.259995,156.199997,157.149994
155.660004,156.619995,153.309998,153.350006
153.559998,153.940002,150.0,150.050003
152.089996,153.380005,150.429993,153.330002
153.660004,153.699997,149.710007,150.360001
150.740005,151.350006,149.389999,150.309998
151.080002,153.100006,150.75,151.830002
151.520004,152.070007,147.179993,148.130005
149.020004,150.600006,148.300003,150.25
148.5,152.580002,148.270004,152.160004
153.039993,153.610001,152.320007,153.419998
152.369995,153.399994,149.149994,150.360001
151.399994,152.600006,150.419998,150.539993
152.139999,153.949997,151.669998,153.380005
152.779999,154.309998,152.630005,153.710007
154.429993,155.410004,153.929993,154.759995
155.289993,155.330002,153.509995,153.949997
154.839996,155.820007,154.110001,155.369995
156.210007,157.490005,155.960007,157.059998
157.520004,158.380005,157.160004,157.479996
157.139999,157.539993,155.880005,156.389999
156.050003,156.720001,155.149994,155.550003
155.779999,156.289993,154.570007,155.320007
155.899994,156.630005,153.190002,154.429993
154.360001,154.800003,152.960007,154.199997
154.419998,155.410004,153.940002,154.910004
154.880005,155.369995,153.779999,154.690002
155.020004,155.649994,153.289993,153.320007
153.009995,154.289993,151.710007,154.070007
153.779999,155.779999,153.679993,154.649994
154.110001,154.5,152.160004,153.809998
153.259995,156.5,152.800003,155.729996
156.190002,157.860001,156.100006,157.050003
156.919998,157.830002,156.75,157.830002
158.009995,159.100006,157.380005,158.679993
158.899994,160.169998,158.759995,159.529999
159.550003,160.130005,159.039993,159.839996
160.020004,160.690002,159.050003,159.229996
158.710007,159.589996,158.169998,159.259995
159.490005,161.320007,159.470001,160.919998
161.0,162.0,160.75,161.660004
161.949997,162.320007,161.550003,161.869995
162.369995,163.240005,162.360001,162.940002
163.259995,163.330002,161.630005,161.759995
161.330002,162.279999,161.130005,161.970001
161.919998,162.350006,160.619995,162.029999
161.75,162.160004,161.470001,161.740005
160.880005,162.229996,160.110001,161.520004
162.360001,164.389999,162.360001,164.080002
164.080002,164.380005,162.339996,162.770004
163.830002,164.380005,163.279999,163.839996
164.320007,164.710007,163.320007,164.710007
164.550003,165.770004,164.339996,165.729996
165.710007,166.929993,165.580002,166.929993
167.110001,167.229996,165.229996,166.020004
166.059998,166.610001,165.759995,166.520004
166.639999,167.110001,166.289993,166.770004
166.919998,167.940002,166.729996,167.529999
167.770004,167.869995,166.619995,166.869995
167.490005,167.839996,166.610001,167.759995
167.240005,167.869995,166.529999,167.809998
166.970001,168.610001,166.729996,168.600006
167.550003,168.770004,166.539993,168.610001
169.449997,170.199997,168.949997,169.970001
169.979996,170.080002,167.770004,168.380005
169.009995,169.199997,167.309998,167.820007
167.240005,167.369995,164.139999,165.080002
165.229996,166.660004,164.850006,166.039993
166.210007,166.509995,163.309998,163.380005
163.229996,164.220001,162.259995,163.880005
164.309998,165.050003,163.610001,163.770004
162.759995,164.960007,162.479996,164.899994
164.75,165.699997,164.699997,164.960007
165.860001,166.869995,164.830002,166.839996
166.970001,168.440002,166.520004,168.25
169.009995,169.330002,168.389999,169.309998
169.580002,169.869995,167.570007,168.539993
167.619995,168.610001,167.050003,167.110001
168.070007,168.25,166.639999,167.919998
167.850006,168.729996,167.419998,167.419998
167.759995,168.029999,165.960007,166.770004
166.75,168.0,166.589996,167.509995
167.360001,168.059998,166.570007,167.979996
167.770004,169.25,167.259995,169.169998
168.800003,169.309998,168.350006,168.479996
168.300003,169.149994,167.809998,168.690002
169.449997,169.759995,166.220001,166.889999
166.940002,167.5,166.139999,167.5
167.660004,169.369995,167.509995,168.399994
168.5,168.720001,164.789993,165.259995
165.25,166.020004,164.070007,164.199997
164.529999,166.619995,164.389999,165.869995
165.699997,166.240005,164.5,165.759995
164.960007,167.210007,164.940002,166.970001
167.149994,167.679993,165.610001,166.389999
166.270004,167.509995,165.899994,167.320007
167.889999,168.490005,167.600006,167.720001
167.720001,167.990005,166.490005,167.570007
167.649994,168.710007,167.550003,168.0
167.050003,168.669998,166.960007,167.529999
167.740005,168.050003,165.880005,166.550003
166.910004,168.600006,166.889999,168.199997
167.699997,167.820007,165.149994,166.089996
166.860001,168.169998,166.690002,167.630005
167.470001,168.470001,166.929993,168.350006
168.809998,169.179993,167.830002,168.820007
169.139999,171.360001,169.119995,170.759995
170.589996,171.490005,170.419998,171.179993
171.089996,171.520004,170.179993,170.660004
171.149994,171.779999,171.020004,171.589996
172.110001,172.940002,171.619995,171.839996
172.160004,172.479996,171.100006,172.0
172.020004,172.770004,171.460007,172.5
172.169998,173.229996,171.820007,172.360001
171.960007,173.389999,171.949997,173.020004
172.789993,173.119995,171.119995,172.25
172.179993,172.229996,170.360001,171.789993
172.169998,172.479996,170.419998,170.630005
170.210007,171.449997,169.660004,170.539993
171.25,171.679993,170.389999,170.75
170.600006,171.600006,170.0,171.029999
170.789993,171.089996,169.330002,170.619995
171.279999,171.539993,170.259995,170.660004
170.770004,171.929993,170.399994,171.380005
171.419998,171.539993,169.350006,169.559998
169.800003,170.710007,169.630005,170.270004
170.279999,171.070007,169.070007,169.649994
170.369995,171.300003,169.809998,171.220001
171.75,171.820007,170.220001,170.399994
170.259995,170.5,168.759995,169.770004
170.050003,170.520004,169.850006,170.029999
169.929993,170.029999,167.779999,168.029999
168.369995,168.699997,167.759995,168.039993
167.449997,169.0,167.449997,168.550003
169.289993,169.320007,165.770004,166.330002
166.179993,166.529999,164.179993,164.529999
165.179993,166.729996,164.509995,165.970001
165.440002,165.649994,163.130005,163.639999
163.75,164.160004,160.660004,162.160004
161.770004,162.399994,160.550003,161.820007
161.619995,162.740005,160.979996,161.190002
160.820007,160.990005,156.360001,156.559998
155.809998,157.320007,153.509995,153.570007
155.559998,155.759995,151.889999,153.600006
153.360001,155.289993,152.539993,154.169998
155.279999,158.860001,154.039993,158.639999
158.179993,158.220001,155.889999,157.960007
157.410004,157.630005,154.369995,155.0
155.470001,156.360001,152.740005,153.360001
153.919998,154.449997,152.520004,153.029999
150.929993,152.889999,148.919998,151.660004
151.429993,151.979996,145.820007,145.949997
146.729996,149.820007,146.410004,149.110001
147.539993,149.419998,144.699997,147.479996
149.130005,150.630005,145.070007,146.669998
146.850006,149.889999,146.559998,149.729996
151.259995,151.860001,150.029999,150.029999
150.889999,153.770004,150.809998,153.490005
154.059998,154.889999,152.440002,154.0
154.039993,154.660004,152.350006,153.880005
153.649994,155.110001,153.520004,154.639999
155.360001,157.410004,154.800003,157.410004
156.610001,157.899994,156.339996,156.990005
156.0,156.029999,152.949997,154.080002
154.020004,154.169998,150.839996,151.029999
151.600006,153.089996,150.289993,150.550003
151.820007,152.460007,148.479996,149.449997
148.490005,151.800003,148.130005,151.580002
150.610001,152.289993,150.059998,151.940002
151.679993,152.029999,148.369995,148.860001
147.25,148.429993,145.589996,145.990005
146.779999,149.369995,146.529999,148.029999
146.820007,149.300003,146.809998,147.889999
149.320007,150.399994,148.740005,149.809998
149.179993,149.729996,148.289993,148.570007
149.199997,152.369995,147.699997,152.240005
151.610001,152.740005,150.440002,151.830002
151.460007,152.860001,151.080002,152.619995
154.389999,154.479996,152.020004,154.080002
153.75,154.130005,147.139999,147.520004
145.449997,147.199997,143.429993,147.199997
147.139999,148.259995,143.270004,144.020004
144.270004,144.720001,141.449997,143.600006
145.679993,146.190002,142.389999,143.449997
144.880005,146.759995,144.759995,144.820007
145.240005,145.690002,142.539993,142.770004
141.729996,143.229996,140.100006,140.610001
139.669998,140.880005,136.160004,137.020004
138.259995,139.179993,136.289993,136.850006
136.800003,138.679993,133.25,134.0
133.630005,134.410004,130.229996,131.789993
132.380005,132.949997,127.980003,128.369995
127.730003,128.470001,125.839996,125.879997
126.279999,132.100006,125.809998,131.929993
130.270004,132.479996,127.870003,132.479996
132.479996,135.009995,131.539993,132.860001
133.720001,134.050003,131.800003,133.899994
132.169998,135.169998,131.539993,134.660004
133.910004,134.639999,131.649994,132.25
133.919998,137.600006,133.710007,137.190002
137.259995,140.369995,136.740005,139.589996
140.800003,141.789993,139.389999,141.729996
142.220001,143.389999,141.619995,142.899994
142.059998,143.720001,141.350006,143.639999
143.009995,143.990005,142.679993,143.679993
142.820007,143.440002,142.089996,142.25
142.649994,143.649994,142.089996,143.449997
143.679993,145.25,143.669998,144.520004
143.990005,146.330002,143.970001,145.830002
146.600006,147.919998,146.0,147.330002
146.460007,146.759995,144.050003,145.0
145.320007,146.179993,143.460007,144.600006
144.429993,145.759995,144.330002,145.470001
146.619995,147.639999,146.429993,147.339996
145.960007,146.910004,145.369995,146.550003
146.710007,146.820007,145.880005,146.199997
146.979996,148.339996,145.679993,147.800003
147.610001,149.300003,147.529999,149.059998
149.350006,149.679993,148.580002,149.179993
149.410004,150.970001,148.880005,150.960007
151.009995,151.600006,150.240005,151.119995
151.039993,151.369995,150.100006,150.929993
149.919998,150.699997,148.389999,149.690002
149.059998,149.899994,148.5,149.850006
150.289993,151.149994,149.630005,151.100006
151.919998,153.190002,151.880005,152.990005
153.419998,153.759995,152.699997,153.419998
152.580002,154.369995,152.399994,153.770004
154.779999,156.240005,154.270004,156.220001
155.550003,157.100006,155.550003,156.649994
156.660004,157.580002,156.529999,157.389999
157.130005,157.369995,156.059998,156.789993
157.270004,158.270004,157.100006,158.149994
159.080002,159.5,158.089996,158.190002
158.009995,158.190002,156.889999,157.100006
156.490005,157.440002,156.119995,157.320007
157.089996,157.479996,156.369995,156.779999
157.949997,158.339996,156.75,158.240005
158.539993,158.779999,155.589996,156.809998
156.940002,156.949997,155.960007,156.080002
156.020004,156.080002,152.880005,153.020004
153.020004,153.139999,151.369995,151.679993
150.839996,151.759995,150.610001,151.639999
152.110001,154.309998,151.899994,154.289993
154.399994,154.979996,153.800003,154.369995
154.919998,155.729996,154.75,154.979996
154.899994,155.020004,154.199997,154.350006
154.529999,155.869995,154.330002,154.759995
155.059998,156.449997,154.479996,155.75
156.479996,156.529999,154.570007,154.960007
154.539993,155.419998,152.410004,153.259995
152.729996,156.059998,152.729996,155.270004
154.199997,154.539993,149.570007,149.619995
149.479996,151.320007,148.410004,150.279999
151.470001,152.820007,150.789993,151.860001
151.710007,152.210007,149.479996,151.270004
151.789993,152.929993,150.929993,152.619995
153.679993,153.970001,152.100006,153.089996
154.289993,154.919998,153.720001,154.759995
154.869995,154.880005,153.509995,154.360001
155.740005,156.149994,154.729996,155.160004
155.279999,156.009995,154.839996,155.919998
156.300003,157.470001,156.190002,157.380005
156.850006,157.5,156.070007,157.119995
156.460007,156.699997,154.910004,155.199997
155.479996,157.360001,155.330002,157.309998
157.520004,157.679993,156.809998,157.110001
158.130005,158.160004,157.110001,157.679993
157.949997,158.100006,156.5,157.169998
157.710007,157.899994,156.979996,157.539993
158.089996,158.110001,155.199997,156.100006
156.110001,156.279999,154.660004,155.639999
155.309998,155.809998,154.520004,155.229996
155.369995,158.050003,155.360001,157.570007
157.619995,158.690002,157.369995,158.059998
157.330002,157.470001,155.470001,156.75
156.960007,158.490005,156.399994,158.270004
158.619995,159.610001,158.490005,159.029999
159.149994,159.190002,156.960007,158.289993
158.669998,158.729996,156.710007,156.789993
156.639999,158.149994,155.679993,157.520004
158.309998,160.639999,158.190002,160.529999
158.179993,161.110001,158.009995,160.710007
159.309998,159.869995,156.25,157.529999
157.259995,158.089996,156.649994,156.759995
155.520004,156.649994,153.740005,156.190002
155.589996,156.830002,153.669998,156.619995
153.690002,154.020004,151.160004,151.630005
151.960007,154.169998,151.699997,153.539993
152.399994,154.410004,152.070007,154.039993
154.509995,156.179993,154.440002,155.0
153.820007,155.270004,152.660004,152.839996
151.929993,152.820007,151.410004,151.779999
152.630005,154.039993,152.580002,153.820007
153.220001,153.589996,152.0,152.529999
151.059998,151.059998,148.580002,149.389999
150.380005,151.089996,149.789993,150.789993
151.009995,151.649994,149.580002,149.589996
148.839996,148.929993,147.360001,148.339996
148.75,149.580002,147.039993,147.929993
146.190002,146.839996,145.320007,145.860001
146.130005,147.210007,145.330002,146.369995
147.919998,150.289993,146.419998,150.160004
150.759995,150.889999,148.610001,150.190002
150.119995,150.520004,148.309998,149.800003
150.350006,151.509995,150.020004,150.860001
151.449997,153.139999,151.449997,151.75
152.869995,153.229996,150.580002,151.300003
151.179993,151.779999,150.619995,151.470001
152.309998,153.179993,151.869995,153.070007
152.880005,152.940002,151.720001,151.729996
151.869995,152.899994,151.669998,152.240005
153.270004,155.149994,152.259995,154.009995
154.190002,154.699997,153.399994,154.559998
156.050003,156.220001,154.440002,155.289993
155.130005,155.169998,153.610001,153.949997
154.360001,154.410004,152.0,152.080002
152.309998,152.5,151.0,151.149994
151.699997,152.220001,150.759995,150.800003
151.240005,153.770004,151.240005,153.630005
153.949997,156.020004,153.940002,155.5
157.539993,158.029999,155.220001,156.100006
156.020004,156.119995,154.259995,155.149994
155.600006,156.339996,155.169998,156.259995
155.490005,156.740005,154.860001,156.679993
156.210007,156.479996,154.889999,155.190002
154.539993,155.429993,154.479996,155.399994
156.199997,156.559998,154.850006,155.669998
155.889999,155.940002,154.220001,154.910004
155.139999,156.669998,154.880005,156.110001
156.559998,156.589996,154.850006,155.289993
155.130005,156.199997,154.669998,155.240005
155.240005,155.339996,153.729996,154.130005
154.080002,155.009995,153.729996,154.710007
154.940002,155.429993,153.820007,153.820007
154.240005,154.699997,153.399994,153.679993
154.279999,154.720001,153.539993,154.699997
154.289993,157.449997,154.119995,157.259995
157.179993,157.240005,155.089996,155.360001
155.580002,157.419998,155.5,157.199997
157.190002,157.360001,155.600006,156.149994
155.059998,157.839996,154.710007,157.839996
157.779999,159.229996,155.550003,156.559998
156.880005,158.169998,153.589996,154.289993
153.350006,153.75,151.279999,152.580002
149.779999,149.919998,146.210007,148.0
148.899994,149.699997,147.380005,149.360001
147.919998,149.710007,146.690002,149.320007
150.149994,152.630005,149.990005,152.539993
152.089996,152.149994,150.029999,150.619995
149.809998,150.119995,148.330002,148.669998
148.339996,151.789993,147.669998,150.270004
147.949997,147.979996,145.720001,146.070007
146.619995,146.669998,144.789993,145.490005
146.139999,148.910004,146.110001,148.630005
150.320007,150.889999,149.949997,150.130005
149.919998,150.009995,148.990005,149.149994
150.619995,150.649994,149.789993,150.380005
150.669998,151.080002,149.139999,150.029999
149.220001,150.110001,144.929993,145.429993
146.800003,147.050003,145.710007,147.029999
147.960007,148.020004,144.679993,144.850006
144.559998,147.389999,144.25,146.539993
148.149994,149.289993,147.960007,149.110001
149.889999,149.970001,148.039993,148.839996
147.449997,148.320007,146.0,146.660004
148.009995,148.360001,147.179993,147.839996
149.850006,151.910004,149.369995,150.589996
150.699997,151.229996,149.830002,149.899994
150.570007,152.240005,150.059998,151.910004
151.679993,153.949997,150.889999,153.850006
154.520004,157.160004,153.559998,157.0
157.179993,157.899994,155.570007,157.039993
157.850006,158.919998,157.130005,157.309998
156.970001,158.75,156.699997,157.899994
157.360001,157.570007,156.449997,157.490005
157.479996,157.5,155.070007,156.520004
156.800003,157.820007,155.529999,155.759995
155.639999,156.649994,154.449997,155.429993
154.860001,155.949997,154.559998,155.309998
155.149994,155.289993,151.839996,152.429993
152.279999,154.360001,151.800003,154.100006
153.919998,153.919998,151.949997,152.380005
152.820007,153.220001,150.5,151.160004
151.369995,152.259995,150.789993,151.339996
152.110001,153.350006,148.050003,148.369995
147.630005,147.630005,145.860001,147.25
146.690002,147.940002,144.929993,147.740005
147.990005,149.25,147.119995,149.139999
148.779999,150.070007,148.119995,148.880005
147.419998,147.929993,146.110001,146.460007
147.539993,147.690002,146.639999,147.130005
147.339996,148.5,147.100006,147.720001
149.789993,151.960007,147.690002,150.220001
149.910004,150.149994,149.100006,149.669998
150.169998,152.130005,149.789993,151.389999
151.210007,152.270004,151.139999,151.550003
152.289993,153.509995,152.050003,153.339996
152.929993,153.5,151.449997,152.610001
154.169998,154.979996,153.910004,154.039993
154.199997,155.050003,153.740005,154.210007
154.339996,154.75,153.550003,154.399994
154.949997,155.059998,153.470001,154.179993
153.910004,155.529999,153.899994,155.0
155.660004,156.979996,155.009995,156.339996
156.009995,157.339996,155.860001,156.850006
156.789993,156.809998,155.279999,156.330002
156.100006,156.100006,154.240005,155.449997
156.399994,158.190002,156.050003,158.100006
159.399994,159.699997,158.470001,158.949997
159.399994,160.460007,158.970001,159.149994
158.990005,158.990005,157.809998,158.229996
159.740005,160.169998,158.169998,158.649994
158.279999,159.270004,157.949997,159.080002
158.029999,158.899994,157.880005,158.779999
158.929993,159.880005,158.490005,158.830002
157.740005,158.5,157.190002,158.149994
157.929993,158.910004,157.789993,158.100006
159.229996,159.289993,158.350006,158.919998
158.720001,158.740005,157.940002,158.520004
159.110001,159.699997,158.309998,159.110001
158.550003,159.600006,157.259995,158.509995
158.820007,158.889999,157.229996,157.729996
158.309998,158.539993,157.350006,158.220001
159.029999,161.830002,158.889999,161.580002
161.75,162.539993,161.289993,161.690002
162.380005,162.929993,162.080002,162.830002
162.410004,162.789993,161.669998,161.770004
162.149994,162.210007,159.910004,160.190002
158.820007,159.759995,158.100006,159.679993
160.5,161.220001,160.300003,160.779999
161.470001,161.649994,160.449997,160.940002
162.589996,163.410004,162.5,162.820007
162.75,163.160004,162.389999,162.509995
162.410004,162.960007,161.940002,162.610001
162.880005,163.080002,161.949997,162.559998
162.75,165.100006,162.25,163.960007
163.729996,164.809998,162.550003,163.330002
164.059998,164.850006,163.740005,163.880005
164.139999,164.699997,163.699997,164.699997
165.059998,165.279999,164.320007,165.020004
165.279999,165.729996,164.880005,165.729996
166.149994,166.410004,165.720001,165.970001
166.240005,166.360001,165.360001,166.300003
166.449997,166.699997,166.039993,166.679993
166.830002,166.979996,166.360001,166.679993
167.119995,167.119995,165.429993,165.860001
165.979996,166.210007,164.570007,165.440002
165.080002,166.350006,164.710007,165.669998
166.740005,166.75,164.229996,165.779999
163.740005,165.410004,163.699997,165.130005
163.850006,165.539993,163.539993,165.350006
164.850006,165.339996,164.210007,164.800003
164.820007,166.029999,164.720001,165.309998
166.119995,166.449997,165.259995,165.509995
165.550003,165.690002,164.199997,164.889999
164.940002,166.039993,164.070007,165.960007
165.139999,167.589996,164.979996,166.570007
166.149994,167.949997,166.139999,167.369995
168.589996,169.869995,168.429993,169.529999
170.279999,170.559998,168.669998,169.070007
168.360001,168.990005,167.270004,167.669998
168.190002,168.619995,167.179993,167.559998
167.100006,167.970001,165.449997,167.449997
168.009995,168.009995,164.229996,165.389999
162.850006,164.490005,162.419998,163.509995
164.5,165.399994,163.490005,164.869995
165.100006,165.559998,163.899994,163.929993
162.839996,164.139999,161.929993,163.929993
163.320007,163.919998,160.029999,160.529999
161.600006,162.929993,161.490005,162.320007
164.309998,165.309998,164.160004,164.770004
166.479996,167.529999,165.690002,167.309998
167.889999,168.149994,166.759995,166.929993
166.289993,166.360001,164.399994,164.880005
164.559998,165.889999,164.460007,165.809998
166.789993,167.960007,166.270004,166.960007
168.020004,168.289993,167.279999,168.110001
167.220001,168.949997,167.110001,168.550003
168.699997,168.779999,167.339996,167.899994
167.5,168.059998,166.429993,167.539993
168.169998,169.139999,167.529999,168.399994
167.899994,169.110001,166.589996,168.809998
168.149994,168.630005,166.330002,167.100006
161.860001,167.059998,161.100006,162.070007
162.520004,162.759995,155.960007,156.309998
157.050003,158.490005,154.220001,154.5
151.350006,155.009995,148.820007,149.059998
144.850006,149.130005,143.910004,146.330002
147.970001,151.229996,145.389999,151.029999
151.089996,154.199997,146.309998,147.949997
150.279999,152.449997,148.520004,152.160004
148.839996,152.479996,145.490005,147.320007
142.710007,145.979996,140.990005,144.399994
134.130005,136.169998,130.259995,130.360001
134.710007,134.800003,128.020004,134.429993
130.919998,132.270004,124.169998,125.879997
116.769997,119.900002,111.599998,111.970001
118.309998,119.959999,109.550003,119.470001
108.620003,111.300003,101.43,103.620003
104.959999,110.5,100.610001,108.370003
103.050003,106.779999,96.25,99.970001
99.660004,106.800003,95.690002,103.870003
106.120003,108.760002,100.449997,101.400002
101.900002,102.18,95.910004,99.900002
105.370003,109.330002,99.93,109.040001
109.480003,114.0,106.019997,109.970001
111.540001,117.599998,111.199997,116.809998
112.25,116.019997,110.870003,112.559998
113.239998,115.260002,110.800003,115.040001
114.599998,116.169998,111.959999,114.459999
108.699997,110.379997,105.529999,106.660004
105.720001,110.389999,104.57,107.669998
106.589996,108.0,102.599998,104.620003
109.089996,113.339996,109.019997,112.629997
116.879997,118.639999,112.389999,112.919998
114.879997,119.239998,113.290001,118.07
121.919998,124.610001,121.330002,123.720001
122.849998,123.510002,119.120003,120.370003
123.900002,124.879997,121.300003,122.809998
117.860001,119.110001,116.660004,117.800003
118.089996,118.419998,114.559998,116.910004
121.900002,122.720001,120.059998,122.059998
119.589996,122.900002,119.040001,120.620003
117.419998,119.239998,116.480003,117.739998
120.32,120.989998,118.769997,119.169998
120.110001,122.900002,119.68,120.339996
121.529999,123.32,120.089996,122.410004
123.949997,128.440002,123.860001,127.260002
131.119995,131.460007,127.279999,129.110001
133.490005,136.850006,131.880005,135.460007
131.899994,132.940002,130.139999,130.309998
127.150002,127.459999,123.290001,125.139999
123.599998,125.900002,122.25,125.68
128.070007,129.919998,126.099998,126.650002
127.489998,128.199997,125.0,125.720001
127.389999,128.5,126.550003,127.440002
130.160004,132.75,129.190002,132.360001
130.410004,132.949997,129.330002,131.699997
132.259995,132.289993,126.839996,126.970001
125.650002,126.080002,120.410004,122.720001
119.970001,123.269997,117.18,123.120003
122.010002,125.529999,121.459999,125.080002
131.449997,133.389999,130.830002,132.679993
132.220001,133.449997,130.059998,130.059998
132.729996,134.979996,132.380005,134.0
134.050003,135.059998,132.580002,134.240005
134.669998,135.050003,133.020004,134.889999
140.089996,140.380005,134.990005,138.779999
141.570007,143.5,137.330002,143.089996
144.740005,144.740005,137.580002,139.699997
138.300003,139.279999,136.410004,138.899994
139.259995,141.669998,138.610001,140.229996
141.070007,141.850006,139.559998,141.389999
143.669998,146.070007,143.110001,144.800003
143.839996,145.600006,143.179993,144.589996
150.860001,152.320007,149.550003,150.179993
152.350006,153.389999,151.630005,153.089996
150.860001,151.770004,149.059998,150.259995
150.089996,150.259995,145.899994,146.179993
140.149994,141.029999,134.770004,135.029999
140.330002,141.020004,134.149994,138.270004
133.279999,142.059998,133.279999,140.990005
146.690002,146.690002,141.029999,144.380005
144.589996,144.990005,141.320007,141.770004
140.369995,143.309998,139.809998,141.720001
144.419998,144.509995,139.839996,140.990005
140.240005,142.559998,138.830002,142.399994
144.320007,144.660004,142.649994,143.0
141.100006,141.600006,136.309998,138.360001
137.710007,140.580002,136.289993,140.449997
139.479996,139.830002,136.490005,136.669998
138.710007,141.990005,137.100006,141.139999
140.669998,143.619995,140.589996,143.179993
143.649994,144.509995,141.240005,141.820007
144.559998,145.279999,141.889999,142.399994
145.320007,145.699997,142.929993,143.429993
142.179993,143.440002,140.479996,140.889999
140.759995,142.5,139.100006,141.940002
142.020004,142.350006,137.240005,139.070007
139.139999,141.5,138.460007,141.309998
142.800003,144.639999,139.389999,139.520004
139.429993,141.979996,138.639999,141.830002
145.419998,147.779999,144.789993,147.029999
146.110001,146.669998,144.880005,146.160004
146.679993,147.589996,145.509995,146.589996
146.119995,146.850006,145.149994,145.960007
147.470001,149.160004,147.199997,148.029999
147.089996,148.669998,147.029999,148.110001
147.979996,150.199997,146.699997,148.259995
147.289993,147.669998,145.559998,146.080002
146.190002,147.690002,145.389999,147.600006
147.070007,148.039993,146.059998,146.130005
147.0,149.449997,146.979996,149.350006
147.139999,149.119995,146.330002,148.759995
148.139999,148.419998,144.669998,147.360001
148.289993,149.970001,147.220001,149.759995
149.389999,150.929993,149.039993,150.789993
152.289993,153.889999,151.779999,153.789993
153.800003,154.440002,152.910004,153.729996
153.449997,156.25,153.149994,156.169998
156.649994,158.830002,156.649994,157.789993
159.270004,159.820007,156.160004,156.880005
158.669998,158.889999,156.490005,157.520004
156.990005,158.529999,156.649994,157.190002
156.279999,157.759995,155.869995,157.089996
157.5,158.029999,156.740005,157.899994
157.850006,157.850006,155.710007,156.389999
156.929993,158.039993,156.190002,156.399994
154.800003,156.490005,154.539993,155.759995
155.149994,155.720001,153.600006,154.610001
155.860001,156.270004,154.330002,156.229996
156.809998,156.820007,154.789993,156.399994
156.5,156.770004,155.179993,155.419998
156.119995,157.0,154.630005,155.800003
156.600006,157.199997,155.729996,157.119995
157.190002,157.369995,155.300003,155.429993
155.220001,157.309998,154.449997,157.210007
157.960007,158.979996,156.179993,158.460007
158.119995,158.289993,152.960007,153.779999
155.710007,155.889999,149.289993,152.800003
151.179993,152.479996,149.0,149.860001
151.429993,152.779999,150.570007,152.130005
152.830002,153.880005,150.059998,150.149994
150.919998,151.050003,147.679993,149.149994
150.589996,153.429993,150.369995,153.080002
154.380005,154.699997,152.860001,153.369995
154.110001,156.850006,153.839996,154.820007
152.619995,154.399994,151.75,153.690002
153.979996,155.289993,151.139999,153.289993
149.820007,150.259995,146.330002,147.919998
148.649994,149.300003,146.559998,149.059998
148.410004,149.429993,143.979996,144.070007
144.039993,146.529999,142.089996,144.070007
143.440002,146.850006,143.350006,146.410004
148.369995,150.440002,146.399994,150.020004
149.850006,150.279999,148.0,149.339996
149.899994,151.970001,148.490005,149.789993
150.809998,152.199997,149.490005,152.179993
149.410004,153.580002,148.990005,152.850006
154.490005,157.309998,154.479996,157.070007
158.5,161.009995,156.339996,156.619995
158.589996,160.559998,158.460007,160.039993
161.720001,162.279999,160.580002,161.860001
163.350006,163.710007,161.809998,162.699997
163.399994,164.240005,162.600006,163.789993
162.520004,163.220001,161.479996,162.699997
163.009995,163.910004,160.940002,161.089996
159.289993,163.179993,158.809998,162.75
163.210007,163.699997,162.309998,162.350006
162.880005,164.029999,160.029999,160.410004
161.559998,162.449997,160.339996,160.759995
160.869995,161.369995,159.289993,159.380005
160.139999,162.190002,159.179993,162.130005
163.070007,163.330002,161.25,163.070007
160.919998,161.369995,157.380005,159.550003
159.449997,160.059998,157.940002,158.179993
154.660004,155.440002,153.039993,153.309998
152.770004,155.789993,151.669998,155.139999
154.320007,155.279999,151.389999,153.089996
154.770004,155.889999,153.669998,155.820007
158.429993,161.229996,158.059998,160.240005
157.75,162.350006,157.710007,160.419998
162.009995,165.580002,161.910004,164.910004
165.619995,165.710007,163.300003,163.619995
176.949997,178.100006,169.330002,169.550003
171.199997,173.330002,169.75,172.699997
173.339996,173.479996,170.860001,172.630005
171.399994,172.639999,168.339996,169.979996
171.350006,174.130005,171.309998,173.5
176.490005,177.779999,175.399994,177.630005
176.039993,178.800003,174.279999,178.460007
178.940002,179.720001,175.860001,175.960007
175.649994,177.589996,175.070007,177.309998
176.669998,177.940002,175.830002,177.5
179.25,181.990005,178.729996,180.820007
183.389999,185.440002,182.360001,184.220001
183.5,184.309998,181.889999,183.589996
183.720001,184.490005,183.220001,184.369995
183.820007,184.320007,180.320007,181.020004
183.600006,184.220001,181.020004,182.699997
181.949997,183.479996,180.759995,182.889999
183.339996,185.179993,182.940002,183.919998
185.020004,188.449997,183.919998,188.199997
188.229996,188.949997,187.440002,188.380005
187.119995,190.979996,187.080002,190.800003
192.020004,192.809998,187.899994,189.410004
187.759995,191.649994,187.309998,191.240005
189.990005,191.720001,188.300003,190.300003
191.960007,193.119995,189.880005,189.929993
191.759995,194.899994,190.729996,194.679993
195.130005,195.210007,192.960007,193.979996
194.729996,196.380005,194.059998,196.289993
196.610001,197.830002,194.800003,195.339996
191.899994,195.779999,191.479996,195.240005
195.990005,197.720001,195.389999,197.460007
198.570007,199.649994,197.899994,199.139999
199.929993,199.940002,198.059998,199.009995
201.160004,201.179993,198.130005,198.270004
198.639999,199.0,193.440002,194.429993
195.050003,197.479996,195.029999,196.410004
196.619995,196.839996,194.619995,196.059998
197.539993,197.889999,190.940002,193.5
193.089996,197.619995,193.070007,196.490005
199.479996,206.779999,199.160004,204.529999
205.710007,208.520004,205.699997,208.169998
209.320007,209.770004,204.660004,207.720001
205.089996,208.119995,204.830002,207.539993
208.520004,211.389999,208.490005,211.259995
211.429993,211.729996,209.190002,209.75
211.240005,215.0,211.130005,213.940002
210.809998,213.960007,208.259995,210.75
213.339996,213.610001,211.720001,213.449997
214.360001,215.979996,213.070007,214.389999
214.970001,215.160004,211.949997,212.529999
210.490005,215.330002,209.550003,215.0
214.929993,217.910004,211.600006,214.789993
216.300003,216.690002,212.770004,213.300003
209.5,212.990005,207.289993,209.389999
210.839996,212.369995,207.630005,208.720001
209.729996,210.990005,204.839996,205.559998
208.169998,211.570007,205.759995,210.610001
213.149994,214.050003,210.889999,213.610001
213.699997,214.740005,211.589996,214.25
215.089996,218.830002,215.080002,218.619995
220.940002,221.839996,218.770004,221.649994
223.789993,227.330002,223.399994,227.309998
227.130005,229.619995,226.309998,228.380005
229.919998,230.320007,224.949997,226.880005
228.139999,229.0,223.419998,226.619995
225.929993,227.740005,224.639999,227.259995
229.470001,229.630005,224.789993,225.830002
223.610001,224.740005,220.960007,224.059998
222.339996,222.899994,219.389999,220.589996
222.460007,226.300003,222.169998,225.190002
223.509995,226.389999,222.979996,223.729996
220.960007,222.979996,215.559998,221.759995
222.619995,227.449997,221.710007,227.0
226.789993,227.589996,218.009995,218.610001
219.520004,222.229996,214.809998,218.309998
223.479996,226.710007,222.940002,226.070007
225.789993,225.960007,221.550003,221.720001
222.419998,224.259995,219.210007,219.320007
218.509995,220.690002,209.429993,213.190002
216.889999,218.149994,207.210007,217.710007
219.360001,222.270004,217.669998,218.740005
222.410004,224.990005,220.919998,223.339996
225.600006,228.970001,225.199997,227.220001
229.550003,232.279999,228.789993,232.220001
231.990005,234.149994,231.369995,233.589996
233.339996,234.529999,231.910004,234.419998
234.020004,234.089996,229.119995,230.5
228.970001,232.820007,227.360001,232.309998
230.800003,232.929993,224.610001,225.240005
224.570007,228.600006,222.949997,226.940002
227.679993,228.100006,224.100006,225.229996
223.160004,223.860001,216.029999,217.059998
219.860001,221.330002,212.039993,212.039993
209.339996,217.520004,208.029999,216.660004
218.960007,220.679993,215.960007,220.610001
219.009995,220.929993,214.080002,214.399994
214.389999,218.679993,213.139999,218.009995
219.169998,222.399994,219.119995,220.940002
222.399994,223.899994,222.020004,223.740005
226.399994,226.539993,223.570007,224.970001
225.0,226.690002,223.839996,224.309998
224.229996,224.369995,219.940002,220.690002
221.839996,222.820007,219.389999,222.559998
222.490005,223.089996,221.240005,222.589996
222.720001,222.929993,220.399994,221.720001
221.479996,222.570007,218.830002,221.139999
221.869995,226.0,221.800003,223.320007
225.089996,225.119995,222.259995,224.289993
225.399994,225.679993,223.009995,224.649994
223.710007,224.660004,219.940002,221.729996
220.770004,221.619995,215.240005,217.190002
217.020004,222.619995,215.5,222.5
223.259995,225.330002,220.779999,221.580002
222.820007,226.649994,222.020004,225.759995
227.0,228.690002,226.75,228.110001
228.710007,229.389999,227.509995,228.449997
228.080002,229.490005,227.100006,228.839996
230.850006,230.949997,225.789993,227.990005
225.720001,227.800003,224.139999,224.889999
227.210007,227.410004,224.919998,225.990005
224.600006,226.139999,220.960007,223.289993
224.279999,224.539993,221.360001,222.399994
222.649994,222.809998,218.639999,222.589996
222.660004,225.929993,222.160004,225.389999
225.229996,225.669998,219.589996,219.660004
214.919998,220.389999,214.419998,218.960007
217.100006,218.770004,211.539993,211.850006
213.309998,217.440002,211.800003,215.75
217.940002,221.410004,215.679993,221.020004
219.779999,221.389999,217.899994,221.320007
221.389999,223.240005,219.470001,219.639999
216.029999,218.160004,214.050003,217.949997
218.270004,219.869995,216.330002,219.399994
221.330002,222.369995,219.350006,219.970001
221.179993,222.449997,220.0,221.399994
222.229996,223.710007,219.190002,219.259995
220.130005,223.690002,220.119995,223.350006
225.039993,226.360001,224.179993,225.649994
227.080002,227.179993,225.050003,225.5
227.460007,228.559998,225.960007,228.059998
228.910004,228.919998,226.830002,228.330002
226.820007,227.619995,224.039993,226.419998
227.559998,228.059998,226.210007,227.399994
227.889999,230.779999,227.25,230.449997
231.210007,233.479996,229.979996,232.889999
233.539993,233.639999,230.979996,231.339996
231.679993,232.179993,228.710007,229.279999
230.300003,231.800003,230.070007,231.699997
232.309998,233.350006,230.139999,231.020004
231.119995,231.470001,228.479996,230.360001
229.699997,230.679993,227.639999,229.869995
229.240005,230.199997,224.520004,227.289993
223.699997,225.740005,221.130005,222.130005
224.050003,227.5,223.279999,226.880005
226.270004,228.410004,224.720001,227.910004
227.990005,229.960007,227.990005,228.660004
230.119995,231.910004,228.720001,231.889999
232.289993,233.410004,231.75,232.279999
232.240005,232.589996,228.770004,230.440002
231.229996,231.729996,228.770004,229.339996
228.649994,230.320007,227.759995,229.369995
230.809998,231.850006,229.710007,231.389999
232.0,232.080002,228.559998,229.190002
229.360001,229.460007,223.869995,225.860001
225.539993,226.669998,221.800003,223.759995
219.309998,224.080002,217.850006,221.699997
224.160004,226.449997,223.339996,226.380005
225.559998,226.889999,224.550003,226.570007
225.229996,225.740005,222.220001,222.300003
223.710007,224.360001,218.550003,218.869995
217.830002,219.059998,214.940002,217.630005
219.830002,219.880005,214.470001,214.949997
210.630005,214.449997,209.050003,211.729996
212.199997,219.270004,211.259995,218.300003
219.449997,222.220001,219.360001,222.059998
221.470001,221.929993,217.580002,218.529999
219.869995,219.949997,216.910004,219.550003
220.389999,222.050003,219.149994,220.190002
219.009995,219.080002,215.380005,217.619995
219.0,222.589996,217.399994,220.820007
222.789993,224.440002,222.139999,222.520004
221.649994,224.050003,220.279999,221.050003
222.470001,224.550003,219.639999,219.949997
220.619995,221.119995,217.100006,220.860001
219.100006,221.199997,217.889999,218.110001
219.089996,222.440002,218.679993,222.029999
223.75,225.210007,222.139999,223.389999
222.919998,223.190002,221.210007,222.160004
222.639999,223.220001,221.190002,222.600006
223.020004,223.729996,220.470001,223.690002
223.759995,223.839996,221.710007,223.160004
222.979996,223.300003,220.699997,221.130005
219.770004,220.259995,217.649994,219.070007
216.660004,217.440002,213.75,216.399994
216.100006,218.039993,214.369995,214.509995
212.429993,214.070007,210.679993,211.940002
212.100006,216.020004,211.419998,215.520004
217.479996,219.940002,217.440002,219.619995
220.320007,221.919998,219.690002,221.779999
221.770004,223.970001,220.850006,222.559998
222.139999,223.160004,219.740005,220.199997
220.649994,227.029999,220.570007,226.410004
227.25,227.350006,224.979996,225.479996
225.240005,226.610001,224.330002,225.919998
226.830002,228.240005,224.869995,227.440002
228.330002,229.839996,227.600006,229.020004
228.25,228.970001,227.190002,227.960007
227.720001,229.0,226.25,226.389999
225.610001,225.970001,222.630005,223.919998
223.539993,226.289993,222.960007,223.809998
225.160004,225.289993,221.520004,221.619995
223.210007,223.380005,220.25,222.880005
223.75,223.770004,219.070007,220.039993
220.020004,222.740005,219.460007,222.029999
222.259995,223.339996,220.259995,222.190002
221.619995,223.029999,220.639999,222.479996
217.449997,218.990005,214.220001,217.190002
218.770004,219.289993,215.820007,217.520004
218.880005,222.550003,218.869995,220.899994
222.179993,225.649994,221.559998,224.809998
223.020004,224.360001,221.839996,223.050003
223.619995,227.679993,223.529999,226.440002
225.410004,225.600006,220.850006,221.289993
222.270004,222.660004,220.169998,220.820007
222.119995,222.610001,218.600006,218.75
219.949997,223.5,217.740005,222.279999
222.139999,222.320007,218.929993,220.259995
220.960007,223.059998,219.880005,221.020004
218.759995,220.199997,216.759995,219.869995
221.529999,224.949997,221.369995,223.259995
223.389999,224.110001,221.5,221.580002
221.830002,223.550003,220.25,220.309998
220.850006,222.470001,220.360001,221.520004
221.889999,222.699997,219.830002,222.570007
224.75,226.0,224.320007,225.869995
227.979996,228.410004,225.059998,225.160004
223.880005,225.679993,223.729996,225.029999
225.979996,226.880005,224.610001,225.869995
225.970001,227.979996,225.119995,227.369995
227.190002,229.009995,226.619995,227.949997
227.800003,228.389999,225.690002,227.410004
227.789993,229.979996,227.279999,229.570007
230.029999,230.720001,227.800003,227.839996
227.179993,227.460007,223.5,223.649994
224.800003,228.259995,224.770004,228.110001
227.800003,228.830002,226.960007,228.050003
229.25,234.179993,228.889999,233.960007
234.380005,234.850006,232.649994,234.449997
234.149994,239.809998,233.919998,238.639999
239.479996,240.940002,237.559998,238.550003
241.169998,243.399994,240.199997,241.809998
243.740005,244.460007,241.929993,242.559998
242.0,242.529999,239.539993,241.149994
240.080002,241.559998,236.309998,237.350006
238.309998,240.380005,237.660004,239.259995
239.919998,240.210007,238.740005,239.5
240.570007,240.759995,237.550003,238.550003
237.759995,239.369995,236.949997,238.990005
238.059998,238.130005,235.130005,235.860001
236.919998,237.070007,233.050003,234.860001
233.270004,234.419998,232.389999,232.720001
234.220001,235.740005,231.619995,231.729996
231.389999,233.0,228.619995,231.330002
229.389999,231.990005,228.539993,231.580002
224.960007,226.169998,219.639999,222.850006
226.220001,226.75,221.240005,222.710007
220.660004,221.860001,215.880005,218.169998
223.169998,224.210007,213.149994,213.259995
214.369995,219.940002,213.820007,219.210007
220.289993,220.380005,212.710007,214.710007
216.539993,220.690002,213.710007,219.020004
222.139999,226.039993,221.979996,224.100006
224.600006,226.539993,223.059998,225.630005
223.949997,225.809998,220.479996,220.520004
222.199997,222.850006,218.320007,219.910004
218.389999,219.050003,214.75,216.039993
214.580002,217.520004,213.309998,214.179993
214.210007,218.160004,211.080002,217.580002
219.449997,219.899994,212.25,213.179993
212.199997,217.350006,210.300003,215.139999
212.089996,212.940002,208.759995,212.119995
214.199997,218.389999,212.059998,218.179993
217.869995,220.350006,217.130005,220.279999
221.050003,222.800003,220.339996,222.039993
222.339996,224.240005,220.600006,224.119995
223.789993,225.729996,222.350006,222.75
222.720001,223.490005,221.259995,222.990005
222.940002,225.429993,222.699997,222.929993
222.490005,224.119995,222.389999,222.449997
223.710007,226.690002,222.729996,225.320007
226.0,227.130005,223.380005,224.979996
224.869995,225.910004,217.320007,217.360001
217.820007,220.419998,215.820007,218.600006
218.600006,220.380005,215.929993,216.070007
214.770004,215.389999,211.110001,215.320007
215.479996,217.830002,212.960007,217.610001
218.520004,219.380005,214.639999,215.990005
216.809998,218.190002,213.380005,214.009995
211.990005,214.399994,210.580002,214.309998
212.199997,212.440002,207.529999,207.830002
208.809998,209.460007,204.380005,204.449997
205.380005,208.990005,200.330002,200.75
199.759995,203.020004,196.990005,196.990005
194.070007,202.389999,191.229996,201.529999
198.479996,201.699997,194.559998,198.839996
201.779999,203.550003,193.720001,195.970001
197.630005,199.610001,190.600006,191.520004
191.699997,195.309998,188.089996,195.25
194.389999,201.240005,193.850006,201.240005
201.660004,203.570007,197.970001,203.360001
203.619995,203.899994,199.289993,201.339996
198.839996,201.240005,197.050003,197.529999
197.039993,200.100006,194.919998,198.380005
198.429993,201.160004,197.990005,199.360001
199.470001,203.119995,199.360001,202.759995
204.570007,206.649994,204.300003,206.610001
202.899994,209.050003,202.119995,203.440002
203.649994,206.059998,199.690002,201.380005
201.630005,203.529999,199.240005,200.679993
202.779999,206.309998,202.630005,206.059998
205.300003,207.270004,204.080002,206.490005
204.550003,205.029999,200.779999,201.199997
201.029999,202.720001,198.759995,199.470001
198.479996,200.449997,195.350006,196.660004
198.240005,198.899994,192.550003,192.979996
188.320007,198.479996,187.919998,198.039993
198.690002,202.619995,197.0,202.5
200.470001,204.600006,200.460007,203.320007
202.660004,203.789993,197.800003,199.490005
200.839996,205.300003,200.690002,204.240005
205.089996,205.110001,200.289993,201.820007
199.699997,200.860001,196.979996,198.660004
199.220001,199.589996,193.679993,193.720001
194.339996,199.570007,193.460007,194.789993
198.220001,201.0,197.619995,200.279999
197.410004,200.039993,196.559998,199.919998
200.779999,201.759995,196.440002,196.729996
197.240005,197.440002,191.880005,192.710007
193.460007,195.789993,192.880005,195.779999
197.539993,201.940002,196.149994,201.940002
200.770004,205.210007,200.300003,205.110001
204.210007,207.449997,204.0,207.270004
207.199997,208.179993,203.940002,205.440002
206.309998,208.789993,205.800003,207.5
206.149994,207.199997,203.75,203.899994
204.380005,205.899994,202.729996,205.839996
206.089996,206.619995,204.440002,206.119995
205.600006,206.210007,203.029999,206.190002
208.0,212.25,207.880005,211.710007
211.369995,211.740005,206.610001,207.460007
207.130005,208.910004,205.149994,205.270004
206.179993,207.720001,205.009995,207.570007
207.869995,208.429993,205.880005,207.910004
207.960007,209.440002,202.509995,202.990005
201.270004,201.800003,198.679993,200.110001
200.110001,201.229996,196.679993,199.460007
199.220001,200.309998,197.5,197.869995
197.119995,199.25,195.880005,196.539993
198.699997,201.679993,196.419998,197.160004
197.679993,201.449997,197.610001,200.910004
201.110001,202.369995,198.869995,198.960007
198.460007,199.179993,196.529999,197.619995
197.860001,202.240005,197.690002,201.559998
203.050003,203.869995,201.860001,202.330002
204.229996,204.800003,197.020004,197.800003
196.869995,197.369995,192.289993,192.679993
190.990005,194.110001,189.210007,193.850006
192.320007,192.710007,187.479996,187.740005
187.669998,189.779999,186.259995,186.960007
189.169998,191.399994,184.710007,190.449997
189.589996,191.729996,184.509995,184.949997
184.899994,187.820007,182.380005,186.889999
186.919998,189.509995,185.679993,188.490005
189.050003,193.929993,185.690002,193.520004
191.529999,191.559998,183.380005,185.669998
184.960007,185.419998,180.550003,182.580002
179.860001,182.649994,174.100006,174.899994
177.570007,178.910004,171.199997,174.949997
175.130005,178.190002,170.300003,170.600006
169.830002,174.339996,168.899994,172.600006
175.039993,179.410004,175.009995,178.070007
177.5,179.440002,176.139999,177.220001
180.410004,182.839996,178.990005,182.639999
180.470001,181.410004,175.100006,176.240005
174.889999,178.809998,174.889999,176.529999
178.5,178.970001,171.789993,176.080002
177.880005,178.960007,175.5,178.210007
176.570007,176.929993,172.330002,175.570007
174.880005,179.779999,174.809998,178.729996
179.850006,183.800003,179.699997,182.720001
183.759995,187.649994,183.399994,187.639999
186.910004,187.679993,184.089996,185.309998
186.270004,186.940002,181.770004,184.259995
184.589996,188.759995,184.169998,188.759995
187.289993,187.960007,185.789993,187.059998
189.289993,189.309998,186.830002,187.869995
186.410004,190.940002,185.899994,190.899994
189.960007,190.699997,187.059998,187.949997
186.550003,187.070007,183.529999,183.570007
180.509995,181.550003,177.649994,178.589996
173.630005,174.960007,169.289993,170.199997
170.669998,171.240005,167.740005,169.380005
171.210007,174.059998,168.660004,171.860001
167.839996,168.419998,162.779999,163.899994
164.479996,167.520004,163.699997,165.179993
167.979996,170.080002,166.809998,168.139999
165.960007,169.259995,165.369995,167.820007
168.190002,170.229996,166.550003,169.830002
171.220001,175.100006,170.899994,175.089996
175.669998,176.990005,174.179993,175.740005
176.929993,178.149994,172.350006,172.440002
172.550003,172.699997,168.970001,170.690002
168.199997,171.309998,166.759995,169.360001
169.050003,171.839996,167.660004,171.410004
168.679993,172.899994,166.729996,172.830002
172.449997,173.710007,169.75,171.550003
172.860001,175.979996,172.850006,175.610001
175.070007,176.990005,173.649994,175.589996
174.259995,174.970001,171.600006,172.059998
171.539993,173.360001,170.559998,171.470001
169.149994,172.279999,168.789993,171.320007
168.679993,170.0,167.020004,169.559998
171.539993,173.350006,169.309998,173.089996
175.130005,176.289993,172.059998,172.600006
174.75,178.889999,174.660004,178.690002
178.649994,181.809998,178.399994,181.490005
180.449997,182.5,178.850006,182.419998
182.880005,183.25,178.050003,179.509995
180.050003,180.919998,178.429993,180.440002
179.779999,180.210007,178.539993,179.330002
180.479996,184.25,180.0,183.410004
184.320007,186.139999,181.759995,185.929993
186.039993,187.729996,185.039993,187.25
185.789993,188.320007,184.220001,187.179993
186.470001,189.020004,185.479996,187.0
188.300003,190.149994,187.639999,189.75
189.839996,190.039993,188.440002,189.350006
187.470001,191.020004,187.169998,190.800003
192.149994,194.630005,191.889999,192.820007
192.039993,192.169998,189.160004,190.190002
193.630005,195.949997,193.110001,195.619995
197.419998,199.529999,196.039993,196.350006
197.350006,200.429993,196.580002,200.360001
198.800003,201.160004,198.220001,201.070007
200.5,201.990005,199.029999,200.990005
198.720001,199.330002,196.380005,197.610001
197.880005,199.25,196.899994,198.919998
196.830002,197.110001,194.070007,194.649994
191.990005,192.350006,190.009995,190.639999
190.940002,192.929993,190.389999,190.949997
190.789993,193.300003,190.160004,192.410004
193.380005,195.449997,192.979996,195.399994
195.339996,195.440002,188.660004,188.979996
186.949997,188.990005,186.520004,187.240005
187.820007,188.009995,183.539993,184.619995
184.940002,185.740005,183.190002,183.5
181.779999,181.889999,178.899994,181.5
183.600006,183.949997,179.139999,180.089996
180.710007,181.080002,177.5,178.309998
177.970001,182.470001,177.929993,182.190002
180.690002,183.789993,179.619995,183.710007
185.339996,187.630005,185.100006,187.399994
188.600006,189.860001,187.970001,189.669998
184.860001,185.910004,181.539993,182.25
182.570007,183.320007,180.570007,182.960007
181.919998,184.690002,180.860001,181.630005
179.089996,179.679993,176.910004,178.990005
177.009995,180.75,176.960007,180.520004
178.770004,178.940002,176.710007,178.059998
179.369995,181.100006,175.330002,175.339996
175.0,175.580002,170.740005,171.389999
169.0,169.190002,165.0,167.309998
165.470001,168.970001,163.580002,164.169998
166.309998,167.630005,163.279999,164.729996
165.759995,170.990005,165.070007,169.940002
167.779999,167.929993,163.800003,166.130005
165.779999,169.520004,164.869995,164.919998
167.339996,170.300003,165.25,169.289993
172.610001,176.080002,172.529999,176.0
173.410004,175.330002,171.419998,174.699997
173.850006,176.169998,172.910004,173.720001
171.929993,172.470001,167.919998,168.610001
169.289993,169.570007,166.589996,167.669998
166.960007,170.110001,164.800003,167.720001
167.899994,168.460007,165.479996,167.259995
164.0,172.199997,162.5,171.399994
172.740005,173.919998,166.710007,166.809998
170.220001,172.619995,170.110001,172.130005
175.860001,177.289993,172.690002,174.169998
172.490005,173.399994,169.330002,171.210007
171.419998,173.550003,168.470001,169.029999
169.399994,173.199997,168.190002,172.699997
173.320007,174.0,171.050003,173.440002
173.570007,178.899994,173.559998,178.169998
179.149994,182.369995,178.330002,179.050003
180.589996,182.0,178.869995,179.089996
179.830002,183.410004,178.740005,183.160004
182.270004,184.240005,181.550003,183.330002
185.240005,185.600006,182.880005,183.580002
182.839996,185.0,177.429993,177.490005
175.289993,177.940002,174.110001,176.300003
178.919998,179.940002,175.470001,178.679993
179.740005,180.589996,177.679993,179.490005
180.229996,181.949997,177.360001,179.559998
178.0,178.669998,174.279999,174.630005
181.850006,185.449997,181.149994,185.380005
185.759995,188.839996,185.690002,186.899994
185.789993,187.789993,184.630005,184.809998
187.839996,189.559998,186.110001,187.550003
186.600006,186.639999,183.710007,184.25
181.619995,182.949997,180.509995,182.539993
184.589996,185.309998,182.570007,183.720001
182.779999,183.190002,181.429993,182.759995
183.740005,184.940002,182.330002,184.710007
184.289993,185.779999,183.550003,185.190002
185.089996,186.369995,184.660004,185.580002
184.130005,184.919998,181.289993,181.839996
181.960007,183.610001,181.960007,182.369995
182.669998,187.429993,180.800003,187.369995
188.149994,189.240005,186.130005,186.960007
184.369995,188.860001,184.330002,188.050003
186.860001,187.059998,182.179993,182.869995
182.880005,182.979996,179.080002,180.070007
179.75,181.5,179.110001,179.539993
180.770004,182.630005,179.509995,180.839996
179.770004,180.809998,178.559998,178.619995
178.850006,181.089996,178.0,180.720001
185.729996,186.639999,180.139999,181.380005
181.309998,182.910004,178.830002,180.190002
178.029999,178.600006,175.039993,175.679993
173.800003,175.110001,172.669998,174.369995
174.610001,175.050003,171.470001,172.009995
171.669998,174.020004,171.179993,172.919998
174.449997,176.800003,174.199997,175.899994
174.330002,174.490005,170.669998,173.600006
173.479996,174.449997,172.339996,174.389999
174.360001,174.570007,172.580002,173.220001
173.179993,174.100006,170.339996,170.529999
171.720001,175.25,171.399994,174.850006
173.339996,174.720001,172.610001,174.360001
175.929993,177.320007,171.899994,173.399994
174.619995,176.669998,174.279999,175.559998
174.589996,174.759995,172.389999,173.679993
175.300003,178.039993,173.869995,177.580002
179.009995,180.119995,177.649994,177.880005
177.660004,180.619995,177.300003,180.509995
181.259995,182.789993,180.679993,182.759995
183.570007,185.949997,181.919998,185.830002
184.5,187.339996,184.330002,187.050003
187.0,187.839996,186.240005,186.820007
187.449997,188.960007,183.699997,183.800003
182.729996,183.100006,180.779999,182.039993
182.710007,185.149994,181.270004,185.039993
185.429993,188.119995,184.580002,187.330002
186.589996,187.830002,185.880005,186.929993
185.410004,187.509995,183.869995,187.449997
188.979996,189.850006,186.289993,188.559998
187.979996,190.300003,187.789993,189.580002
187.839996,189.610001,186.830002,186.940002
187.419998,191.580002,187.380005,191.479996
191.190002,196.190002,190.130005,194.490005
196.009995,199.259995,194.350006,198.320007
196.110001,199.130005,195.699997,196.990005
195.649994,196.380005,193.369995,194.139999
193.410004,196.100006,191.649994,195.580002
194.360001,195.369995,192.199997,192.720001
194.229996,195.119995,189.429993,189.929993
189.279999,190.630005,188.529999,190.309998
190.509995,192.860001,189.309998,192.600006
191.279999,193.949997,190.080002,192.509995
190.979996,194.550003,190.529999,194.460007
191.800003,194.869995,191.25,192.600006
191.880005,193.369995,190.970001,193.130005
190.75,191.339996,187.240005,187.429993
187.830002,189.149994,186.75,187.940002
189.350006,190.300003,186.699997,189.279999
186.649994,187.779999,185.779999,187.509995
189.130005,190.199997,187.600006,188.169998
188.119995,190.020004,188.070007,188.179993
188.190002,189.490005,187.190002,188.419998
186.860001,189.300003,186.119995,188.869995
189.669998,191.929993,188.419998,191.5
191.559998,191.740005,187.899994,188.699997
188.649994,189.070007,186.220001,186.509995
186.789993,187.610001,185.119995,186.600006
186.729996,187.270004,181.279999,181.410004
180.389999,180.389999,174.259995,176.179993
172.520004,176.399994,171.070007,173.309998
178.600006,179.259995,174.610001,176.520004
171.929993,173.910004,170.380005,173.610001
171.470001,177.380005,170.5,175.979996
174.039993,174.759995,170.860001,171.229996
173.050003,175.369995,172.529999,173.449997
176.550003,178.179993,175.960007,176.649994
176.520004,177.350006,171.529999,171.639999
172.279999,174.389999,168.710007,170.25
168.75,172.110001,167.460007,171.789993
173.839996,174.729996,172.360001,173.699997
173.100006,174.509995,172.690002,173.449997
175.339996,175.550003,173.570007,175.419998
176.880005,177.309998,174.449997,175.179993
176.399994,178.639999,176.369995,178.399994
178.949997,179.779999,176.490005,178.479996
178.919998,179.100006,174.320007,175.350006
174.25,174.830002,172.529999,173.630005
173.720001,174.460007,172.679993,173.889999
173.070007,175.880005,173.029999,175.75
176.570007,177.970001,176.119995,177.139999
178.820007,178.979996,175.580002,175.839996
176.539993,178.690002,175.929993,178.169998
178.330002,179.220001,175.339996,176.509995
176.970001,178.860001,176.75,178.779999
179.589996,179.630005,176.940002,178.020004
177.080002,178.789993,176.580002,178.25
177.149994,178.429993,176.520004,177.330002
177.809998,177.960007,175.860001,177.559998
177.380005,178.449997,176.5,177.440002
175.630005,175.940002,173.009995,173.059998
172.229996,173.399994,171.0,171.389999
172.029999,173.860001,170.940002,173.679993
173.289993,175.830002,173.179993,175.199997
175.0,177.339996,174.759995,175.300003
174.399994,174.449997,169.919998,171.699997
172.220001,175.699997,172.190002,172.330002
171.320007,171.559998,168.779999,170.399994
173.289993,175.100006,173.100006,174.449997
175.259995,175.550003,173.130005,174.050003
172.979996,174.270004,172.160004,173.529999
175.960007,176.020004,172.720001,174.410004
173.220001,173.779999,172.110001,173.070007
173.649994,174.210007,171.649994,172.720001
173.309998,175.710007,172.820007,174.830002
173.610001,174.809998,172.229996,172.279999
173.429993,176.5,172.160004,176.119995
175.559998,177.570007,175.020004,177.190002
178.509995,178.889999,175.25,176.110001
176.619995,179.020004,176.039993,178.259995
177.910004,180.529999,177.380005,177.419998
176.550003,176.740005,174.669998,175.539993
175.25,175.529999,172.699997,174.169998
174.300003,176.380005,174.020004,176.149994
176.710007,177.550003,174.759995,175.5
174.690002,176.009995,172.360001,173.770004
173.860001,176.240005,172.929993,175.649994
178.009995,182.089996,177.449997,182.020004
181.259995,181.259995,178.440002,179.580002
178.929993,184.960007,178.929993,184.309998
184.960007,187.770004,184.960007,187.240005
186.75,187.380005,184.910004,186.539993
186.320007,186.610001,184.449997,185.029999
185.229996,186.679993,184.220001,185.800003
186.440002,188.979996,186.270004,187.929993
188.320007,189.240005,184.550003,185.910004
185.080002,187.570007,184.910004,187.440002
187.949997,188.550003,185.089996,185.940002
185.160004,185.570007,183.759995,185.130005
184.440002,185.910004,183.589996,184.699997
184.199997,184.25,182.490005,183.330002
180.770004,182.410004,180.050003,180.570007
180.440002,182.740005,180.369995,180.75
181.199997,183.990005,180.399994,183.360001
182.990005,184.419998,182.119995,184.259995
184.720001,187.080002,184.429993,186.380005
188.259995,188.429993,186.910004,187.270004
186.910004,188.839996,186.740005,187.649994
187.130005,187.210007,185.440002,185.779999
183.630005,183.710007,180.720001,182.779999
182.979996,186.490005,182.929993,184.710007
184.580002,188.050003,184.160004,187.869995
188.479996,190.080002,187.690002,189.800003
192.759995,193.050003,191.369995,191.869995
192.509995,193.690002,191.800003,193.419998
193.339996,193.490005,190.289993,191.529999
191.339996,194.360001,191.139999,193.580002
193.699997,196.389999,193.490005,195.970001
196.699997,197.660004,195.929993,196.800003
196.940002,196.940002,194.270004,195.080002
196.389999,196.619995,194.089996,194.460007
194.559998,196.259995,193.990005,194.940002
194.580002,196.210007,194.419998,194.919998
194.770004,197.160004,194.710007,196.460007
197.630005,197.899994,193.179993,193.919998
196.020004,196.949997,195.5,196.429993
196.929993,198.75,196.919998,198.710007
197.429993,197.940002,195.779999,197.800003
195.589996,196.089996,194.089996,195.110001
194.300003,195.639999,193.059998,194.559998
194.820007,196.309998,193.710007,194.169998
194.660004,195.059998,192.679993,194.300003
192.139999,193.289993,190.520004,193.080002
192.869995,192.880005,190.75,191.570007
192.240005,194.119995,189.889999,190.720001
189.919998,191.690002,189.740005,190.990005
189.940002,190.699997,188.639999,190.660004
189.520004,189.639999,188.039993,188.139999
187.990005,189.059998,185.809998,185.839996
186.339996,186.740005,183.630005,183.649994
182.210007,185.25,181.940002,184.649994
184.699997,185.279999,183.070007,184.380005
185.039993,185.550003,183.220001,183.830002
184.0,186.110001,183.429993,185.789993
185.25,186.339996,183.199997,183.220001
184.059998,185.0,181.610001,184.0
184.839996,186.75,184.820007,185.639999
185.539993,188.369995,184.570007,188.229996
187.729996,189.610001,187.330002,188.940002
189.199997,190.259995,188.529999,188.610001
190.070007,191.860001,189.850006,190.850006
189.649994,189.899994,186.770004,186.830002
187.059998,188.089996,185.089996,186.130005
185.139999,185.380005,183.589996,184.330002
184.559998,184.830002,183.449997,183.919998
185.259995,185.720001,184.199997,184.360001
184.039993,185.339996,183.740005,184.179993
184.5,184.880005,182.389999,182.970001
184.529999,186.070007,184.240005,185.550003
184.789993,185.070007,182.789993,183.610001
183.699997,183.759995,182.369995,182.389999
182.490005,183.300003,181.070007,181.679993
182.399994,183.509995,179.820007,179.860001
178.5,178.759995,177.070007,177.070007
177.559998,178.369995,176.559998,176.669998
175.690002,177.860001,175.539993,177.460007
175.5,177.020004,174.289993,174.360001
175.449997,176.929993,174.460007,175.990005
176.089996,178.570007,175.970001,177.580002
178.970001,179.160004,176.149994,176.740005
176.330002,176.729996,173.149994,174.070007
172.949997,173.5,170.369995,171.139999
171.009995,171.610001,169.089996,171.220001
170.800003,171.899994,169.940002,171.350006
170.369995,173.889999,169.509995,173.0
171.839996,174.550003,171.770004,174.0
174.309998,177.039993,174.279999,175.970001
176.119995,177.229996,174.380005,175.669998
175.880005,175.880005,170.789993,171.699997
172.350006,172.699997,169.690002,170.270004
171.740005,173.389999,171.020004,173.020004
171.940002,176.419998,171.899994,174.949997
173.639999,173.660004,171.0,171.350006
170.860001,172.149994,168.360001,168.619995
168.660004,169.029999,166.429993,166.440002
165.660004,167.460007,164.649994,165.029999
166.449997,167.619995,165.410004,166.470001
165.009995,165.660004,163.399994,163.720001
164.149994,165.770004,163.199997,164.139999
164.520004,164.830002,161.669998,162.210007
163.789993,164.809998,161.940002,163.110001
163.399994,164.990005,162.830002,164.520004
164.460007,165.600006,163.100006,165.460007
167.75,170.0,167.330002,169.869995
172.800003,175.649994,172.779999,174.490005
174.490005,174.779999,171.389999,172.309998
171.559998,172.509995,170.570007,171.699997
171.699997,172.130005,169.300003,169.869995
171.029999,171.029999,166.979996,167.240005
168.220001,169.710007,166.789993,169.110001
168.240005,169.770004,167.520004,169.169998
174.229996,178.470001,174.220001,178.460007
178.350006,181.759995,178.110001,178.770004
178.139999,178.630005,175.160004,175.880005
177.449997,178.639999,177.110001,178.289993
178.520004,179.649994,177.740005,179.330002
178.240005,178.509995,176.910004,177.020004
178.179993,179.389999,177.419998,178.130005
178.050003,179.729996,177.800003,179.330002
178.5,179.110001,177.229996,178.729996
178.550003,179.220001,177.199997,178.039993
179.550003,181.75,178.699997,178.979996
180.050003,180.639999,178.759995,179.660004
179.199997,185.179993,178.210007,184.910004
184.229996,186.990005,184.020004,186.889999
186.050003,186.050003,183.979996,184.389999
185.699997,187.919998,183.789993,184.059998
184.330002,185.559998,183.389999,185.389999
185.149994,187.75,184.860001,186.800003
186.679993,187.619995,185.889999,187.190002
186.970001,187.660004,185.339996,187.0
187.100006,193.639999,185.669998,193.330002
196.869995,200.039993,196.479996,198.710007
198.949997,199.550003,195.949997,197.039993
197.960007,198.770004,196.679993,197.110001
198.479996,201.300003,198.020004,200.929993
199.860001,202.169998,196.160004,196.279999
198.5,199.820007,197.520004,199.619995
200.880005,202.809998,200.190002,201.479996
202.210007,204.559998,201.690002,204.100006
204.440002,205.490005,203.399994,204.820007
203.789993,205.169998,203.279999,204.039993
203.479996,204.029999,200.710007,200.710007
199.399994,201.619995,198.440002,199.520004
197.399994,197.669998,193.779999,194.199997
194.059998,195.490005,193.690002,193.820007
192.690002,195.460007,192.289993,193.25
193.289993,196.970001,192.259995,196.729996
194.350006,195.770004,193.320007,194.970001
194.740005,195.380005,193.080002,195.080002
194.5,194.740005,191.300003,193.550003
195.889999,197.100006,192.639999,193.229996
191.720001,193.259995,190.110001,190.839996
188.130005,189.929993,187.529999,189.479996
190.710007,191.169998,188.210007,190.600006
191.289993,192.850006,189.229996,192.429993
194.149994,196.820007,194.089996,196.539993
198.220001,198.589996,194.979996,195.970001
198.380005,198.460007,194.119995,194.360001
197.100006,197.660004,194.410004,195.970001
196.889999,197.889999,195.380005,195.979996
196.160004,199.410004,195.089996,199.410004
198.389999,198.929993,197.100006,197.710007
197.210007,198.940002,192.710007,192.880005
194.309998,195.740005,191.529999,195.440002
193.240005,195.5,192.389999,194.410004
192.470001,193.110001,190.059998,191.940002
191.699997,193.800003,191.020004,193.669998
194.070007,194.149994,192.039993,193.220001
193.360001,196.369995,192.710007,196.149994
196.919998,199.550003,196.449997,199.339996
199.869995,203.550003,199.839996,202.960007
196.220001,197.630005,193.059998,194.610001
197.679993,199.789993,196.229996,199.130005
200.990005,204.770004,200.720001,204.440002
202.119995,203.699997,201.089996,201.660004
199.149994,199.720001,198.009995,198.880005
197.660004,198.350006,196.389999,197.940002
198.649994,200.089996,197.809998,199.440002
199.600006,201.139999,198.570007,199.889999
199.690002,201.639999,199.149994,201.149994
203.080002,204.220001,202.539993,204.0
202.440002,203.860001,201.869995,202.320007
205.179993,206.039993,202.520004,203.729996
204.529999,206.330002,203.139999,205.889999
207.029999,207.770004,205.449997,205.699997
204.300003,205.910004,203.009995,203.729996
206.029999,206.080002,204.080002,205.25
206.699997,208.100006,206.399994,206.960007
208.740005,210.410004,205.800003,206.830002
205.960007,206.839996,204.75,205.190002
205.149994,205.919998,203.389999,204.910004
204.869995,206.580002,204.770004,205.710007
205.050003,205.279999,200.169998,202.029999
201.25,203.080002,201.130005,202.410004
202.910004,203.179993,200.910004,201.25
199.779999,202.75,199.660004,202.100006
201.520004,206.990005,201.110001,206.100006
207.0,208.949997,206.839996,207.940002
207.850006,208.240005,205.070007,205.070007
205.720001,207.009995,205.509995,205.539993
207.050003,207.639999,204.990005,205.169998
206.800003,209.710007,206.160004,209.639999
210.080002,211.880005,209.839996,210.300003
210.770004,210.800003,207.960007,208.320007
205.75,205.880005,203.399994,204.490005
203.380005,206.399994,203.279999,205.830002
208.050003,208.550003,203.210007,203.770004
203.139999,205.699997,202.880005,204.449997
205.979996,206.419998,204.580002,205.570007
206.220001,206.970001,204.470001,206.380005
201.179993,202.929993,199.539993,200.929993
201.970001,202.910004,200.100006,202.289993
201.229996,201.910004,197.679993,198.690002
199.369995,200.229996,194.979996,195.779999
194.410004,196.240005,193.360001,195.059998
196.470001,196.619995,192.990005,193.0
193.699997,195.660004,192.149994,192.839996
191.940002,194.389999,191.339996,193.139999
194.210007,196.300003,192.899994,195.300003
195.259995,199.320007,195.130005,198.570007
198.169998,198.910004,196.460007,197.679993
195.440002,196.830002,193.770004,196.479996
197.0,198.889999,196.419998,198.360001
199.25,200.410004,198.880005,199.960007
198.110001,198.649994,195.75,195.899994
195.880005,200.320007,195.029999,196.309998
198.779999,200.119995,196.539993,199.919998
203.410004,204.160004,201.119995,201.899994
203.470001,204.779999,203.380005,204.509995
204.770004,206.149994,204.5,204.970001
202.720001,203.960007,202.559998,203.779999
203.970001,205.990005,203.410004,205.860001
206.350006,206.619995,203.679993,204.309998
206.080002,206.550003,204.600006,204.740005
207.130005,207.740005,205.910004,206.860001
209.210007,209.770004,207.720001,209.440002
208.899994,209.350006,207.929993,207.929993
208.009995,208.520004,207.350006,208.080002
208.020004,209.479996,207.779999,208.539993
207.830002,208.690002,207.589996,208.339996
207.529999,208.220001,205.800003,206.580002
207.509995,207.619995,202.350006,203.190002
204.789993,205.679993,203.960007,205.440002
206.970001,207.089996,203.970001,205.160004
202.529999,203.009995,201.779999,202.130005
203.520004,204.940002,203.080002,204.050003
204.949997,206.279999,203.080002,205.770004
207.529999,207.559998,203.149994,204.610001
203.149994,204.5,201.649994,201.970001
203.300003,205.059998,201.789993,205.059998
204.179993,204.809998,202.990005,203.589996
201.529999,203.169998,200.679993,201.199997
199.520004,202.130005,199.009995,201.889999
199.639999,201.020004,198.419998,200.639999
205.869995,207.270004,203.100006,203.720001
203.270004,203.539993,200.509995,201.940002
199.559998,200.039993,197.940002,198.729996
198.119995,200.949997,197.410004,200.399994
200.460007,201.690002,200.029999,200.75
200.320007,201.860001,199.220001,199.899994
199.929993,200.410004,198.460007,200.350006
200.690002,202.690002,200.529999,201.220001
201.130005,201.160004,199.820007,200.559998
199.330002,200.580002,198.809998,200.029999
200.630005,202.149994,199.960007,202.059998
203.880005,204.639999,201.320007,202.889999
203.520004,203.820007,200.479996,201.190002
201.520004,202.270004,200.899994,201.880005
202.25,203.279999,201.630005,201.830002
201.210007,201.630005,199.880005,200.869995
202.509995,203.699997,201.839996,202.279999
201.919998,202.520004,200.529999,201.399994
202.289993,203.589996,201.490005,203.369995
207.899994,211.229996,206.940002,210.679993
212.919998,214.940002,212.660004,213.139999
214.789993,218.240005,214.300003,217.190002
219.139999,224.860001,219.020004,224.600006
222.360001,226.639999,221.660004,222.25
221.410004,224.779999,216.979996,217.949997
217.630005,218.649994,215.850006,216.839996
217.679993,220.649994,215.380005,220.289993
219.210007,223.75,219.039993,222.630005
221.070007,223.860001,217.720001,217.850006
218.449997,224.020004,218.199997,220.570007
223.899994,225.389999,221.699997,224.220001
224.710007,225.419998,220.770004,221.729996
222.720001,224.460007,221.110001,222.570007
223.710007,228.630005,221.979996,223.860001
223.770004,224.889999,215.059998,216.580002
208.850006,211.190002,206.990005,208.919998
197.899994,204.740005,196.699997,202.199997
203.009995,207.25,201.199997,204.399994
207.850006,207.960007,201.559998,201.979996
204.419998,207.0,203.169998,206.889999
207.050003,207.119995,204.940002,206.460007
206.610001,206.979996,203.820007,204.600006
206.089996,208.380005,204.860001,207.970001
208.630005,208.75,205.740005,206.679993
211.259995,213.100006,209.910004,212.039993
211.369995,213.979996,211.279999,212.600006
212.960007,215.210007,212.820007,215.199997
214.889999,214.949997,212.050003,212.690002
214.279999,215.660004,212.820007,215.460007
215.570007,216.369995,213.130005,213.559998
215.179993,221.080002,214.789993,220.380005
221.929993,222.449997,220.080002,220.449997
218.910004,219.369995,217.710007,218.740005
217.869995,219.119995,216.270004,217.259995
218.779999,220.979996,217.149994,218.809998
219.710007,220.5,217.399994,220.080002
218.130005,219.369995,212.910004,213.350006
212.759995,215.369995,211.699997,212.990005
213.539993,214.029999,210.919998,211.929993
211.929993,213.190002,207.139999,207.899994
208.149994,210.259995,207.520004,208.479996
208.720001,208.860001,205.789993,208.309998
207.470001,209.25,204.210007,208.919998
209.910004,212.779999,208.410004,211.610001
214.029999,217.25,213.940002,216.830002
217.630005,218.289993,216.139999,217.610001
219.580002,221.800003,218.470001,219.410004
219.229996,224.940002,218.25,219.449997
224.660004,224.679993,221.5,223.970001
223.449997,223.460007,221.289993,221.570007
222.690002,223.110001,220.020004,220.759995
221.630005,221.929993,219.5,221.130005
220.320007,220.610001,217.539993,217.690002
220.490005,221.130005,218.380005,218.850006
220.860001,222.600006,219.529999,220.330002
219.419998,221.589996,218.580002,220.889999
220.169998,220.339996,216.300003,217.889999
216.990005,218.75,216.210007,217.589996
216.229996,217.229996,215.080002,216.130005
219.289993,219.979996,217.289993,219.149994
218.639999,218.660004,215.869995,217.429993
217.630005,218.369995,216.699997,217.580002
217.529999,219.610001,216.919998,218.059998
215.899994,216.880005,214.600006,216.850006
216.770004,221.610001,216.710007,221.259995
221.449997,223.110001,220.429993,222.889999
222.570007,225.5,221.979996,223.070007
224.889999,227.169998,224.389999,226.740005
226.910004,226.960007,224.910004,226.119995
226.660004,227.029999,225.389999,225.649994
225.630005,225.690002,221.529999,222.100006
221.470001,221.830002,220.300003,221.259995
220.029999,220.800003,217.369995,219.240005
220.429993,221.039993,218.529999,219.720001
221.309998,221.970001,218.520004,218.889999
220.789993,222.970001,220.479996,222.460007
220.740005,221.899994,219.970001,221.740005
221.070007,224.479996,220.899994,221.440002
221.220001,221.770004,217.630005,217.759995
219.5,220.970001,218.339996,218.979996
218.5,221.740005,217.839996,220.089996
219.339996,224.289993,219.059998,224.229996
236.589996,237.580002,232.75,237.220001
236.889999,238.490005,235.399994,236.380005
235.929993,238.470001,235.649994,238.119995
240.520004,242.389999,239.850006,241.699997
239.960007,241.789993,236.559998,237.460007
238.949997,239.880005,234.830002,235.110001
235.949997,236.429993,231.210007,231.940002
232.220001,232.289993,227.809998,228.479996
229.220001,230.600006,228.130005,228.929993
226.589996,230.820007,226.399994,230.630005
230.229996,230.929993,228.039993,230.929993
232.160004,235.570007,231.110001,234.440002
235.639999,239.240005,235.330002,238.770004
241.490005,244.979996,241.389999,242.399994
241.179993,241.610001,239.429993,240.619995
242.009995,243.690002,240.440002,240.949997
242.369995,243.479996,241.539993,241.869995
242.240005,242.660004,240.009995,241.75
241.539993,242.139999,239.369995,240.029999
240.279999,241.669998,239.210007,240.889999
240.520004,240.860001,237.740005,238.080002
239.789993,239.889999,238.380005,238.929993
240.550003,241.380005,237.649994,237.729996
237.580002,238.820007,235.919998,236.699997
238.710007,239.289993,236.830002,237.770004
237.160004,237.649994,234.350006,234.679993
234.369995,234.860001,231.880005,233.070007
232.910004,235.630005,232.350006,234.440002
232.669998,233.440002,230.550003,231.070007
232.240005,233.080002,218.919998,220.839996
223.25,224.429993,219.330002,219.860001
218.600006,224.660004,218.070007,221.919998
221.740005,222.399994,219.380005,221.410004
222.020004,223.630005,220.479996,223.389999
222.419998,226.139999,221.470001,225.679993
224.289993,225.440002,220.199997,222.389999
220.669998,221.809998,217.850006,220.679993
222.119995,223.279999,220.149994,220.960007
222.929993,224.369995,219.600006,221.139999
222.070007,224.820007,221.380005,224.429993
225.759995,227.169998,224.139999,224.520004
225.580002,226.520004,221.380005,222.720001
220.899994,222.309998,219.009995,221.710007
218.309998,218.710007,215.309998,216.830002
214.5,217.520004,213.970001,217.25
219.179993,220.229996,217.220001,219.720001
225.440002,225.580002,223.0,224.039993
224.149994,225.229996,222.710007,224.490005
226.929993,226.970001,224.669998,225.460007
227.520004,229.889999,226.990005,229.789993
229.350006,229.850006,227.830002,228.289993
226.929993,229.350006,226.550003,229.330002
228.820007,230.229996,228.039993,228.690002
226.710007,229.619995,225.210007,226.5
226.740005,227.559998,225.179993,226.75
226.679993,228.220001,224.580002,226.229996
228.520004,230.050003,226.919998,228.529999
228.75,230.320007,225.539993,226.479996
221.509995,225.550003,220.669998,223.830002
223.600006,227.130005,223.210007,226.929993
228.059998,229.5,226.889999,229.399994
230.509995,230.699997,227.300003,228.649994
228.850006,229.25,225.580002,226.0
227.369995,227.520004,225.860001,227.020004
225.050003,226.419998,224.809998,225.699997
222.259995,224.479996,221.789993,223.619995
225.039993,226.339996,223.75,226.139999
227.270004,227.979996,225.610001,225.970001
226.149994,227.669998,225.509995,227.210007
225.410004,227.149994,225.080002,226.429993
226.009995,226.190002,223.009995,224.259995
226.0,226.360001,217.460007,217.800003
218.789993,218.789993,215.149994,216.229996
216.369995,217.270004,213.490005,215.410004
216.059998,218.410004,214.839996,215.679993
215.639999,216.490005,212.220001,212.389999
211.639999,214.660004,210.960007,214.649994
215.399994,215.960007,207.419998,208.779999
205.929993,209.770004,203.190002,206.419998
206.449997,208.839996,204.820007,208.470001
205.779999,208.119995,203.899994,205.279999
204.970001,207.110001,201.729996,205.949997
203.440002,204.740005,198.75,200.770004
201.119995,203.220001,198.529999,200.75
203.050003,203.75,199.550003,201.100006
201.270004,202.029999,197.0,198.100006
200.240005,203.070007,199.339996,202.889999
202.710007,206.020004,202.600006,205.449997
203.850006,203.919998,202.350006,203.210007
203.350006,207.679993,202.899994,206.369995
204.320007,207.300003,204.199997,205.059998
202.720001,204.419998,201.759995,203.789993
206.960007,209.229996,206.690002,208.860001
208.690002,209.270004,207.089996,207.699997
207.960007,208.820007,204.679993,205.589996
205.330002,206.350006,203.759995,204.610001
204.539993,204.580002,199.380005,200.449997
197.479996,200.639999,195.490005,199.490005
198.990005,201.229996,196.660004,199.509995
196.779999,203.330002,196.539993,202.660004
193.110001,195.059998,189.199997,189.649994
182.610001,184.050003,176.669998,181.190002
174.320007,190.25,171.729996,179.550003
185.690002,185.919998,172.339996,174.820007
172.720001,192.110001,171.740005,189.679993
184.520004,185.479996,176.979996,181.710007
181.139999,184.850006,178.580002,184.360001
187.809998,187.970001,183.050003,186.529999
186.339996,189.050003,185.839996,186.759995
185.699997,186.729996,182.559998,184.970001
184.990005,187.429993,184.460007,186.479996
185.0,185.289993,180.770004,182.740005
185.149994,188.100006,184.550003,187.470001
192.919998,195.509995,189.839996,190.25
190.759995,194.369995,189.889999,194.059998
192.720001,194.259995,191.550003,194.119995
194.5,196.149994,192.529999,194.940002
194.470001,196.860001,193.009995,196.089996
193.139999,195.479996,190.720001,194.860001
195.710007,197.669998,193.740005,196.070007
198.330002,201.210007,198.179993,200.479996
198.570007,200.5,198.080002,198.940002
196.589996,198.589996,195.639999,196.770004
198.100006,198.559998,196.039993,197.419998
199.770004,202.740005,198.259995,201.179993
201.539993,202.279999,199.960007,200.809998
208.839996,209.729996,205.820007,207.869995
208.929993,209.610001,207.960007,208.630005
208.039993,208.539993,206.529999,206.779999
206.580002,208.190002,205.389999,208.130005
208.419998,210.130005,207.779999,209.850006
206.800003,209.089996,206.259995,208.970001
208.660004,209.759995,207.960007,209.080002
206.630005,207.610001,202.839996,203.210007
202.289993,204.369995,201.529999,203.199997
199.779999,203.259995,199.649994,202.559998
205.639999,207.75,204.160004,207.699997
207.710007,208.029999,205.199997,205.509995
206.949997,207.059998,204.470001,206.119995
205.139999,206.25,203.539993,205.070007
205.320007,205.839996,202.669998,205.710007
206.460007,209.610001,205.550003,209.029999
209.179993,210.009995,208.139999,208.440002
208.699997,209.830002,207.0,208.529999
211.5,212.130005,210.600006,211.899994
213.869995,214.279999,212.550003,213.360001
214.460007,215.429993,213.809998,214.509995
215.580002,215.929993,213.300003,213.630005
212.169998,213.270004,211.630005,212.779999
209.839996,211.440002,208.220001,208.889999
210.479996,211.949997,209.639999,210.770004
209.059998,210.449997,208.369995,208.550003
208.440002,211.389999,207.779999,209.649994
211.110001,211.25,208.460007,209.210007
208.479996,211.779999,206.809998,211.770004
213.289993,214.929993,212.360001,214.470001
214.660004,214.729996,211.889999,211.970001
212.830002,215.550003,212.699997,215.410004
216.050003,217.410004,214.130005,215.479996
216.679993,216.710007,215.389999,215.789993
214.619995,220.529999,214.149994,218.009995
218.369995,221.100006,217.360001,221.029999
222.009995,223.330002,221.770004,223.080002
221.570007,222.820007,218.410004,219.729996
220.580002,222.289993,220.330002,221.25
222.570007,223.690002,221.119995,223.649994
223.389999,226.050003,222.860001,224.800003
223.169998,223.539993,221.570007,221.699997
221.369995,223.339996,221.059998,223.190002
224.070007,224.229996,218.789993,218.820007
220.220001,221.369995,216.910004,221.020004
221.080002,224.199997,220.710007,223.919998
225.289993,225.360001,221.979996,222.330002
223.539993,224.410004,221.25,221.429993
221.619995,223.809998,220.660004,223.270004
224.820007,226.710007,224.070007,226.679993
225.520004,225.850006,223.479996,223.550003
224.419998,224.600006,222.539993,224.380005
225.320007,225.440002,223.429993,224.119995
225.610001,225.690002,222.059998,222.690002
223.660004,224.929993,220.119995,221.559998
220.460007,222.020004,218.880005,219.389999
216.220001,216.559998,212.339996,214.919998
216.550003,219.740005,216.080002,219.729996
220.559998,221.259995,218.240005,220.850006
220.949997,220.990005,219.380005,220.559998
222.759995,222.839996,218.509995,219.839996
221.070007,221.570007,219.740005,220.320007
220.770004,221.679993,219.809998,220.270004
221.850006,226.979996,221.149994,226.809998
228.259995,231.460007,227.830002,231.220001
228.440002,228.800003,226.169998,228.240005
228.639999,228.779999,226.039993,227.130005
227.210007,228.460007,226.940002,227.960007
228.020004,228.979996,225.690002,226.210007
225.929993,226.380005,223.690002,225.410004
224.410004,226.320007,223.779999,225.970001
227.369995,235.419998,227.179993,234.830002
234.139999,234.300003,232.360001,232.360001
232.830002,234.869995,232.589996,234.279999
233.740005,236.119995,233.559998,235.940002
236.960007,236.970001,235.350006,236.220001
236.740005,237.020004,234.369995,235.169998
231.990005,234.399994,231.470001,233.899994
233.270004,235.259995,232.460007,233.669998
234.229996,236.669998,233.580002,236.589996
237.720001,239.679993,234.949997,237.770004
238.509995,238.559998,236.389999,238.25
237.899994,237.960007,235.419998,236.850006
237.309998,238.270004,235.460007,236.429993
236.850006,240.929993,236.240005,240.800003
240.199997,240.320007,238.199997,238.339996
239.229996,240.039993,238.550003,239.350006
238.449997,238.929993,236.759995,238.279999
238.820007,244.279999,237.020004,238.889999
240.800003,245.149994,240.130005,244.839996
245.570007,245.570007,242.509995,242.979996
242.240005,244.789993,241.110001,244.389999
245.009995,247.179993,243.440002,243.839996
243.899994,244.610001,241.559998,241.600006
238.979996,239.990005,237.550003,239.289993
239.619995,241.679993,239.330002,241.339996
242.839996,242.929993,240.809998,241.619995
241.110001,242.130005,239.399994,241.960007
240.570007,243.039993,240.550003,242.490005
243.0,244.089996,241.470001,244.020004
245.350006,248.089996,245.029999,245.830002
247.729996,248.479996,246.070007,246.809998
247.360001,247.639999,243.190002,244.160004
245.279999,246.960007,243.800003,246.720001
246.309998,247.25,244.009995,245.130005
245.75,246.889999,237.559998,237.789993
241.830002,244.630005,241.399994,244.410004
241.229996,249.600006,240.360001,247.899994
250.360001,252.770004,247.059998,250.330002
250.970001,251.259995,244.0,245.059998
243.320007,245.160004,241.470001,243.410004
246.619995,248.330002,246.139999,248.160004
247.429993,248.369995,245.509995,246.990005
246.029999,246.860001,240.770004,243.339996
244.289993,247.119995,243.679993,246.419998
249.800003,251.110001,248.970001,249.429993
251.779999,252.210007,249.5,250.300003
249.550003,250.899994,248.110001,248.960007
248.839996,251.139999,244.690002,246.839996
245.270004,248.139999,244.630005,244.850006
244.990005,246.789993,243.690002,246.229996
246.169998,246.259995,242.490005,245.440002
241.789993,244.059998,241.0,241.199997
241.960007,245.729996,241.639999,244.679993
244.259995,244.789993,240.0,240.350006
238.410004,241.660004,236.270004,241.610001
245.009995,245.240005,242.25,244.029999
243.369995,244.740005,242.520004,244.240005
244.839996,246.380005,243.330002,243.639999
241.839996,242.679993,235.839996,236.789993
233.339996,238.729996,233.270004,237.479996
236.460007,237.839996,231.759995,232.759995
231.309998,235.080002,230.960007,233.470001
233.800003,236.369995,232.429993,233.429993
237.240005,239.100006,228.899994,229.110001
229.960007,237.110001,229.580002,235.600006
235.960007,240.389999,235.479996,239.899994
240.740005,245.550003,240.039993,245.130005
245.050003,248.830002,244.770004,247.300003
248.009995,248.809998,247.070007,248.75
245.570007,247.690002,245.339996,245.619995
247.369995,247.369995,245.119995,245.169998
245.970001,249.839996,245.479996,249.630005
248.970001,252.660004,248.539993,251.820007
251.490005,252.660004,250.279999,250.770004
252.699997,252.770004,250.179993,250.869995
250.25,252.949997,250.100006,251.389999
250.899994,256.570007,250.539993,254.809998
254.639999,258.01001,254.320007,257.799988
257.950012,258.200012,253.440002,253.850006
255.550003,255.690002,251.740005,251.929993
250.339996,252.160004,248.470001,249.899994
250.369995,252.160004,246.699997,247.240005
250.179993,251.360001,248.210007,248.710007
249.279999,251.399994,249.059998,250.789993
252.279999,255.119995,252.199997,253.580002
252.419998,253.220001,251.460007,252.080002
251.970001,252.860001,251.119995,252.710007
252.580002,252.75,250.399994,251.419998
250.259995,251.5,249.350006,249.880005
249.970001,250.149994,247.949997,248.029999
248.179993,248.279999,246.009995,246.160004
247.630005,249.089996,245.860001,248.779999
249.789993,253.550003,249.570007,252.729996
252.240005,256.25,251.520004,256.079987
256.399994,256.799988,253.970001,255.479996
254.699997,258.929993,254.360001,258.269989
259.579987,261.559998,258.089996,260.230011
259.279999,261.660004,258.23999,261.5
262.410004,262.890015,260.459991,261.350006
261.130005,263.459991,260.190002,263.190002
264.059998,267.049988,263.730011,265.51001
265.869995,267.220001,264.709991,265.76001
261.140015,265.079987,261.059998,262.579987
264.640015,268.589996,262.920013,267.790009
269.829987,271.600006,269.420013,269.790009
269.040009,269.049988,264.459991,264.809998
265.070007,266.690002,263.48999,263.980011
264.049988,264.859985,262.660004,264.730011
265.980011,266.679993,262.559998,263.299988
264.070007,265.059998,259.410004,263.369995
261.070007,262.980011,257.940002,259.649994
258.480011,263.769989,258.350006,262.179993
263.059998,265.059998,258.549988,262.779999
264.160004,264.649994,257.140015,260.519989
258.5,261.619995,255.050003,255.830002
259.73999,265.720001,259.579987,265.019989
264.839996,267.670013,263.339996,266.880005
267.230011,268.519989,265.880005,266.160004
268.470001,268.959991,262.100006,264.950012
267.019989,267.459991,258.390015,259.540009
260.600006,265.170013,258.51001,262.959991
262.380005,264.359985,259.059998,263.040009
263.029999,266.910004,261.850006,263.98999
262.570007,264.640015,261.079987,264.600006
262.850006,267.329987,262.140015,264.609985
263.399994,264.369995,258.100006,260.48999
260.399994,264.140015,259.859985,263.329987
265.25,265.279999,262.429993,264.579987
265.01001,266.23999,262.119995,265.98999
262.100006,262.76001,259.769989,261.410004
257.809998,264.279999,257.790009,263.809998
256.799988,261.119995,253.309998,259.23999
261.200012,262.959991,258.820007,261.76001
258.98999,260.76001,254.160004,256.76001
251.490005,253.300003,249.940002,250.889999
247.589996,254.649994,244.389999,253.619995
252.960007,257.649994,252.399994,253.360001
252.339996,254.380005,250.580002,252.850006
248.940002,249.809998,246.580002,247.410004
249.259995,250.610001,245.539993,246.589996
249.759995,251.470001,248.309998,248.919998
249.869995,251.710007,248.960007,250.050003
248.410004,249.229996,245.880005,246.020004
243.029999,250.089996,242.520004,247.630005
246.970001,247.5,240.330002,242.220001
247.169998,251.360001,246.110001,247.449997
245.509995,250.160004,244.600006,248.779999
251.740005,253.070007,249.520004,251.820007
248.889999,251.860001,247.160004,247.440002
246.009995,246.740005,242.410004,243.100006
245.350006,245.369995,238.690002,239.610001
243.039993,248.919998,242.240005,248.0
249.919998,252.440002,249.110001,249.559998
244.940002,252.369995,244.869995,251.289993
250.990005,253.050003,250.25,252.360001
251.210007,253.479996,249.520004,252.910004
261.519989,262.269989,258.410004,260.470001
258.779999,262.899994,258.779999,261.959991
262.399994,262.75,260.339996,261.299988
260.23999,265.359985,260.019989,265.070007
267.089996,269.420013,266.279999,268.720001
268.779999,269.589996,267.589996,269.390015
269.450012,270.350006,268.049988,269.950012
273.73999,277.630005,273.119995,275.779999
274.649994,277.670013,274.529999,277.350006
278.179993,279.790009,273.76001,274.51001
277.589996,278.01001,274.899994,276.480011
276.730011,277.869995,271.950012,275.519989
276.670013,278.130005,274.230011,276.649994
276.820007,278.23999,276.25,277.140015
276.049988,276.970001,272.920013,273.910004
273.920013,274.380005,270.359985,272.079987
273.130005,278.220001,272.440002,277.970001
278.660004,279.809998,276.570007,279.279999
278.700012,280.790009,276.100006,277.880005
280.130005,282.950012,280.0,282.559998
285.359985,287.049988,283.359985,286.799988
287.529999,287.579987,281.149994,282.26001
284.040009,284.970001,282.609985,284.170013
284.920013,287.049988,284.589996,285.329987
284.040009,284.059998,278.279999,282.570007
282.920013,283.559998,279.929993,282.670013
283.839996,285.660004,281.959991,284.450012
280.299988,280.329987,277.23999,277.600006
278.73999,279.079987,273.940002,275.970001
273.809998,275.079987,270.630005,273.0
274.910004,280.089996,273.410004,279.869995
278.660004,283.679993,277.149994,282.48999
284.100006,286.609985,283.670013,285.119995
288.390015,290.549988,287.73999,290.51001
291.160004,291.720001,289.309998,290.369995
289.640015,292.73999,287.980011,292.029999
291.380005,291.410004,288.329987,290.429993
288.369995,290.609985,286.269989,288.980011
288.459991,291.869995,288.399994,291.660004
289.98999,290.01001,286.779999,287.670013
287.559998,292.875,286.660004,292.01001
