open,high,low,close
118.620003,119.43,118.360001,118.790001
119.239998,119.300003,117.669998,117.760002
117.760002,118.599998,117.269997,118.389999
118.129997,118.68,117.709999,118.559998
117.540001,118.110001,116.260002,116.620003
115.0,115.480003,113.309998,113.949997
114.07,114.949997,113.580002,114.940002
115.300003,115.440002,114.07,114.599998
113.870003,114.5,112.940002,114.389999
114.419998,114.43,112.559998,113.019997
113.769997,114.720001,112.75,113.370003
114.120003,115.209999,113.970001,114.379997
114.650002,114.739998,113.610001,113.910004
114.370003,115.089996,113.540001,115.080002
111.010002,113.68,111.0,112.080002
111.57,111.57,108.230003,108.970001
110.629997,112.75,110.550003,112.699997
113.370003,114.25,113.040001,114.160004
114.669998,115.18,113.669998,114.279999
114.199997,115.129997,113.809998,114.190002
113.940002,114.199997,112.970001,114.199997
113.360001,116.790001,112.970001,116.699997
116.629997,116.970001,115.360001,115.849998
116.43,117.5,115.849998,117.239998
117.709999,118.699997,117.5,117.870003
118.629997,118.720001,117.57,117.93
118.389999,118.400002,116.68,116.779999
117.5,117.639999,116.699997,117.290001
117.739998,118.279999,116.580002,116.860001
117.32,119.610001,116.889999,119.370003
118.989998,120.849998,118.660004,120.610001
121.25,122.199997,120.559998,121.919998
121.919998,122.099998,120.25,120.610001
119.900002,121.010002,119.309998,121.0
121.389999,121.849998,117.779999,121.629997
122.0,122.07,120.75,121.220001
122.419998,125.0,121.510002,123.339996
127.519997,128.330002,123.629997,125.0
124.650002,125.839996,123.709999,123.940002
123.849998,124.580002,122.860001,124.309998
124.059998,124.800003,122.07,123.089996
123.089996,123.919998,122.309998,122.510002
122.940002,124.790001,122.510002,124.360001
124.980003,125.839996,124.620003,125.150002
125.25,125.449997,124.550003,125.260002
125.339996,126.089996,124.529999,125.059998
125.07,125.480003,124.540001,124.879997
125.199997,125.379997,124.75,124.900002
124.699997,125.0,124.18,124.879997
124.910004,124.919998,123.699997,123.900002
123.5,123.919998,122.779999,123.300003
123.660004,124.379997,122.849998,124.370003
124.010002,124.260002,123.639999,123.910004
123.599998,124.160004,123.279999,123.559998
123.330002,124.830002,123.110001,124.150002
124.510002,125.089996,124.25,124.370003
124.470001,124.690002,123.089996,123.480003
123.120003,124.370003,123.099998,123.889999
124.050003,125.190002,123.910004,124.959999
124.349998,126.730003,124.349998,126.540001
126.599998,126.599998,125.150002,125.839996
125.599998,126.220001,125.099998,126.120003
126.379997,126.629997,125.599998,126.169998
126.849998,126.860001,126.0,126.510002
126.669998,129.940002,126.470001,129.729996
130.039993,131.979996,129.949997,131.050003
130.919998,131.080002,129.809998,130.270004
129.710007,129.949997,127.099998,127.099998
125.959999,128.759995,125.75,128.690002
128.029999,128.350006,126.660004,127.209999
126.889999,128.800003,126.889999,127.769997
127.980003,129.100006,127.669998,128.350006
128.199997,129.179993,128.199997,129.070007
129.910004,129.940002,128.259995,128.649994
128.649994,129.169998,128.029999,128.639999
129.130005,130.009995,128.389999,129.940002
130.5,130.729996,129.559998,130.080002
127.559998,128.600006,127.300003,127.959999
127.370003,128.160004,126.800003,127.309998
127.610001,129.009995,127.43,128.690002
129.210007,129.470001,128.399994,129.229996
129.179993,129.289993,127.550003,128.089996
128.029999,128.589996,127.449997,128.270004
128.380005,129.089996,127.800003,128.770004
129.169998,129.279999,127.550003,128.190002
128.25,128.800003,127.830002,128.470001
128.429993,129.059998,128.080002,128.740005
129.039993,129.25,128.330002,128.990005
129.679993,130.699997,129.199997,130.240005
130.229996,130.639999,128.229996,128.880005
129.009995,129.660004,128.460007,129.050003
128.210007,128.25,126.75,127.82
128.490005,128.949997,127.580002,127.879997
128.199997,128.470001,127.32,127.540001
128.679993,129.389999,128.009995,128.570007
128.740005,130.470001,128.600006,130.110001
130.070007,130.660004,129.5,130.0
129.779999,132.130005,129.699997,132.070007
132.720001,133.410004,132.149994,133.279999
133.5,133.5,132.220001,132.289993
131.639999,132.259995,130.940002,131.039993
131.740005,131.800003,129.270004,129.690002
130.5,132.970001,129.929993,131.289993
132.009995,132.119995,130.880005,130.990005
131.410004,131.940002,128.649994,129.5
130.229996,130.229996,126.279999,127.169998
122.0,123.279999,119.5,120.0
119.589996,121.93,119.25,120.75
122.830002,123.209999,121.349998,122.150002
122.029999,124.610001,121.540001,124.220001
121.5,123.809998,120.510002,123.18
123.93,124.18,115.269997,120.800003
119.529999,120.699997,118.150002,119.019997
119.129997,119.129997,113.550003,115.080002
116.730003,118.489998,115.830002,117.199997
114.480003,117.879997,114.209999,116.339996
116.809998,117.790001,116.010002,117.790001
118.389999,119.129997,116.839996,117.019997
118.199997,121.949997,117.800003,121.769997
122.400002,122.980003,120.900002,121.470001
121.230003,121.309998,119.940002,120.839996
121.010002,121.139999,120.07,120.379997
120.120003,121.690002,119.82,120.410004
120.57,122.099998,120.400002,120.870003
120.32,121.790001,117.949997,118.419998
118.379997,118.449997,114.0,115.099998
115.110001,116.480003,114.300003,115.400002
115.949997,117.57,115.07,117.43
117.690002,117.800003,116.330002,117.309998
117.0,117.949997,116.57,117.949997
117.980003,119.5,117.639999,118.910004
119.220001,119.940002,118.949997,119.68
119.220001,119.239998,117.650002,117.769997
117.860001,121.519997,117.610001,120.309998
120.0,121.690002,118.849998,120.209999
120.080002,122.5,119.629997,120.57
120.900002,121.5,119.269997,119.870003
119.849998,120.360001,118.510002,119.239998
119.5,119.769997,118.800003,119.089996
118.919998,119.199997,118.480003,119.040001
118.860001,118.989998,116.93,117.400002
117.0,117.559998,116.300003,117.269997
116.959999,118.68,116.860001,118.010002
118.190002,118.25,116.650002,116.919998
117.0,117.529999,116.059998,116.349998
116.599998,116.830002,114.769997,115.050003
116.029999,117.839996,115.510002,116.860001
117.550003,119.660004,117.290001,118.690002
118.860001,120.949997,118.32,120.669998
120.980003,123.879997,120.029999,123.410004
123.550003,125.43,123.040001,124.900002
124.82,125.5,124.279999,124.349998
124.349998,126.120003,124.059998,126.089996
125.610001,126.730003,124.800003,126.620003
127.489998,129.270004,127.370003,128.339996
128.039993,128.339996,127.400002,127.870003
128.410004,128.429993,126.839996,127.919998
128.229996,128.350006,127.449997,127.550003
128.100006,128.479996,126.779999,127.040001
127.309998,129.25,126.949997,128.929993
129.380005,129.899994,128.380005,129.369995
130.0,131.740005,129.770004,131.479996
131.630005,133.139999,131.440002,132.779999
132.679993,132.949997,131.080002,132.179993
131.580002,131.580002,129.600006,130.979996
130.169998,130.660004,129.520004,130.320007
132.25,133.490005,130.679993,133.229996
133.220001,135.490005,130.399994,130.839996
131.240005,132.850006,130.759995,130.979996
130.979996,132.059998,130.300003,132.059998
132.240005,133.0,131.660004,131.839996
132.600006,134.440002,132.440002,134.199997
134.490005,134.5,133.309998,134.139999
134.100006,134.940002,133.679993,134.190002
134.699997,134.699997,133.699997,134.050003
134.100006,134.229996,132.550003,133.850006
133.449997,133.699997,132.660004,133.440002
133.070007,133.869995,133.020004,133.839996
133.5,134.089996,133.169998,133.529999
133.5,133.910004,132.899994,133.720001
133.600006,136.789993,133.460007,136.119995
135.889999,136.119995,134.330002,135.360001
134.160004,135.619995,134.160004,135.440002
135.259995,137.179993,135.020004,136.410004
136.789993,136.809998,134.75,135.539993
136.470001,137.479996,136.300003,137.419998
137.089996,137.820007,136.309998,136.759995
136.630005,137.330002,136.080002,137.169998
136.880005,137.830002,136.509995,137.419998
137.029999,138.369995,136.990005,137.300003
137.149994,137.990005,137.050003,137.720001
137.720001,138.570007,137.399994,138.240005
138.910004,139.490005,138.220001,138.789993
138.710007,139.679993,138.669998,139.600006
139.460007,139.460007,138.520004,139.320007
139.289993,140.100006,138.490005,139.720001
140.199997,140.25,139.729996,139.990005
140.339996,140.339996,139.699997,139.839996
139.710007,140.190002,139.25,139.940002
141.149994,142.309998,138.399994,138.509995
137.929993,139.789993,137.600006,139.589996
139.479996,140.389999,139.089996,139.529999
140.080002,141.020004,139.759995,140.339996
139.050003,140.649994,138.770004,140.320007
140.360001,141.949997,140.009995,141.759995
141.990005,142.860001,141.429993,142.649994
142.399994,142.949997,141.850006,142.410004
142.309998,142.630005,141.889999,142.050003
141.929993,142.470001,140.820007,142.279999
141.860001,142.089996,141.270004,141.729996
142.259995,143.440002,141.289993,141.850006
142.110001,142.220001,140.910004,141.169998
141.199997,141.550003,140.240005,140.779999
141.0,141.429993,140.630005,141.039993
140.800003,141.029999,138.809998,139.919998
139.720001,140.399994,139.440002,139.580002
139.619995,140.580002,139.330002,139.389999
139.759995,141.550003,139.75,141.419998
141.270004,141.910004,140.610001,140.960007
141.350006,143.039993,141.270004,142.270004
142.949997,144.25,142.690002,143.800003
143.899994,144.169998,142.270004,143.679993
144.960007,145.669998,144.339996,145.470001
145.789993,147.149994,145.789993,146.490005
147.089996,147.589996,146.089996,146.559998
146.669998,147.75,146.139999,147.699997
149.5,151.529999,149.070007,150.25
151.740005,152.570007,151.419998,152.460007
153.339996,153.440002,151.660004,152.779999
153.600006,153.600006,151.339996,151.800003
150.169998,151.520004,148.720001,150.850006
151.449997,151.630005,149.789993,150.240005
150.710007,151.080002,149.740005,151.059998
151.490005,152.589996,150.210007,150.479996
150.229996,150.520004,148.860001,150.289993
150.309998,150.649994,149.410004,150.039993
150.399994,150.460007,149.630005,150.330002
150.169998,151.479996,149.770004,150.190002
150.110001,150.210007,149.029999,149.779999
148.0,148.669998,144.419998,144.850006
144.720001,148.149994,144.509995,147.660004
148.449997,149.389999,147.960007,148.059998
148.080002,148.589996,147.690002,148.240005
148.520004,148.809998,147.25,148.070007
148.509995,150.229996,148.419998,150.039993
150.300003,152.589996,149.949997,151.960007
152.229996,152.25,151.149994,152.130005
151.970001,152.899994,151.639999,152.380005
152.699997,153.350006,151.089996,151.460007
151.75,152.289993,150.300003,151.529999
151.850006,153.630005,151.300003,153.610001
153.639999,154.710007,153.410004,153.630005
153.410004,154.520004,152.479996,152.809998
153.270004,153.75,152.339996,153.119995
154.080002,154.729996,153.100006,154.710007
154.770004,155.589996,146.610001,149.600006
148.169998,149.199997,144.559998,148.440002
150.149994,151.179993,148.899994,150.679993
151.259995,152.399994,149.050003,150.25
147.669998,150.039993,146.369995,149.800003
149.589996,150.830002,148.600006,150.639999
151.710007,153.570007,151.710007,152.869995
152.880005,153.839996,152.210007,152.25
152.360001,154.080002,151.880005,153.910004
153.009995,154.550003,152.910004,153.399994
152.720001,155.199997,152.649994,155.070007
156.25,156.5,153.199997,153.589996
152.839996,153.309998,150.389999,150.580002
150.919998,153.470001,149.860001,153.240005
152.279999,152.5,148.919998,151.039993
151.899994,151.919998,150.059998,150.979996
151.720001,152.149994,147.800003,148.429993
149.0,150.850006,148.130005,150.339996
149.029999,150.039993,148.0,148.820007
149.25,151.990005,149.190002,151.440002
151.690002,153.979996,151.509995,153.5
153.369995,155.419998,152.910004,155.270004
156.490005,159.160004,156.199997,158.899994
158.740005,159.779999,158.419998,159.259995
160.130005,160.320007,159.330002,159.970001
160.25,160.779999,158.809998,159.729996
159.660004,163.729996,159.419998,162.860001
163.589996,165.699997,163.169998,164.139999
164.800003,165.0,162.809998,164.529999
164.160004,165.050003,163.75,164.429993
164.639999,166.169998,164.309998,166.0
165.009995,165.539993,163.860001,165.279999
166.009995,166.009995,164.100006,165.610001
174.699997,175.490005,167.5,170.440002
169.070007,173.429993,169.050003,172.449997
172.0,172.720001,168.550003,169.25
169.820007,170.470001,169.050003,169.860001
170.300003,170.550003,166.910004,169.300003
169.300003,169.699997,168.25,168.589996
168.970001,170.059998,168.690002,169.619995
169.949997,172.059998,169.660004,171.979996
171.880005,173.050003,170.619995,171.229996
169.979996,171.449997,169.559998,171.179993
170.059998,170.589996,166.850006,167.399994
167.949997,168.820007,166.850006,168.080002
170.089996,171.080002,169.289993,170.75
171.490005,171.5,170.009995,171.0
171.25,171.380005,169.240005,170.0
169.339996,169.860001,166.850006,166.910004
166.839996,168.669998,166.210007,167.410004
167.160004,168.0,165.820007,167.779999
168.279999,169.869995,167.149994,169.639999
168.839996,169.360001,168.199997,168.710007
168.880005,169.289993,166.410004,167.740005
167.860001,168.380005,166.179993,166.320007
166.910004,167.699997,166.330002,167.240005
165.25,168.429993,165.0,168.050003
168.169998,170.179993,167.630005,169.919998
170.399994,172.149994,170.059998,171.970001
172.399994,172.919998,171.309998,172.020004
171.270004,172.389999,169.550003,170.720001
170.910004,172.479996,169.570007,172.089996
171.940002,173.309998,170.270004,173.210007
173.089996,173.490005,170.800003,170.949997
172.399994,173.889999,172.199997,173.509995
173.759995,174.0,171.75,172.960007
173.009995,173.169998,172.059998,173.050003
172.259995,172.279999,170.5,170.960007
170.880005,172.339996,170.259995,171.639999
171.990005,172.070007,169.339996,170.009995
170.619995,172.559998,170.360001,172.520004
172.5,173.050003,170.699997,172.169998
171.690002,172.270004,170.009995,171.110001
170.210007,171.729996,169.220001,170.539993
169.240005,169.300003,161.559998,162.869995
164.5,165.5,162.779999,164.210007
165.899994,168.339996,165.570007,167.679993
167.940002,169.070007,167.160004,168.729996
168.830002,171.660004,168.809998,170.869995
171.389999,171.869995,168.75,169.470001
169.300003,170.729996,169.199997,169.960007
169.830002,170.669998,168.289993,168.419998
169.179993,171.309998,168.600006,171.240005
170.25,172.369995,169.75,172.229996
172.699997,174.880005,172.0,172.5
173.0,173.199997,170.800003,171.589996
171.949997,172.779999,171.399994,172.740005
172.610001,173.850006,172.289993,172.550003
173.449997,174.649994,173.199997,173.740005
174.490005,175.0,174.059998,174.520004
174.710007,176.130005,174.360001,176.110001
176.649994,176.740005,175.75,176.029999
174.929993,176.029999,172.630005,174.559998
175.5,175.880005,174.630005,174.979996
175.199997,175.339996,171.25,171.270004
172.300003,173.240005,171.5,171.800003
171.899994,172.25,168.889999,170.600006
171.380005,172.289993,170.389999,170.630005
174.149994,178.210007,173.899994,177.880005
179.259995,180.690002,177.610001,179.869995
180.570007,180.800003,178.940002,180.059998
182.360001,182.899994,180.570007,182.660004
180.630005,181.940002,177.339996,178.919998
179.289993,179.860001,176.710007,178.919998
178.559998,180.449997,178.309998,180.169998
180.5,180.75,178.960007,180.25
179.789993,180.350006,179.110001,179.559998
178.309998,179.399994,177.089996,179.300003
178.350006,179.100006,177.960007,178.460007
177.5,179.039993,177.300003,178.770004
178.130005,178.970001,177.179993,178.070007
176.660004,178.570007,176.399994,177.949997
178.759995,179.830002,178.5,179.589996
179.300003,179.979996,178.899994,179.0
178.869995,179.5,178.100006,178.740005
179.149994,181.889999,178.990005,181.860001
181.300003,181.729996,180.440002,180.869995
180.399994,183.149994,180.289993,182.779999
182.559998,183.729996,181.990005,183.029999
183.509995,184.25,182.089996,182.419998
181.889999,181.970001,174.0,175.130005
176.850006,178.279999,175.199997,177.179993
176.029999,177.479996,172.339996,175.100006
176.289993,176.570007,170.789993,171.470001
170.449997,175.380005,169.009995,172.830002
172.5,176.770004,171.899994,176.059998
175.800003,180.389999,175.800003,180.139999
181.529999,182.279999,178.740005,179.0
179.300003,180.220001,178.800003,179.039993
178.600006,179.179993,176.600006,176.960007
177.300003,179.160004,177.25,178.300003
178.289993,180.360001,177.679993,178.389999
179.020004,180.490005,178.360001,180.179993
181.009995,181.300003,179.75,180.820007
179.949997,180.080002,178.220001,179.509995
179.809998,179.809998,177.360001,177.889999
177.940002,178.679993,177.050003,177.449997
177.139999,177.529999,176.229996,177.199997
176.630005,177.0,174.669998,175.990005
176.550003,178.440002,176.259995,177.619995
177.949997,178.940002,177.679993,177.919998
178.0,178.850006,176.460007,176.460007
177.679993,181.580002,177.550003,181.419998
181.880005,184.779999,181.330002,184.669998
184.899994,186.210007,184.100006,184.330002
185.589996,186.899994,184.929993,186.850006
187.199997,188.899994,186.330002,188.279999
188.699997,188.800003,187.100006,187.869995
186.940002,187.889999,185.630005,187.839996
188.399994,188.399994,187.380005,187.770004
178.059998,181.479996,177.399994,179.369995
181.5,181.75,178.039993,178.389999
179.259995,179.320007,175.800003,177.600006
178.130005,180.979996,177.080002,179.800003
180.850006,182.369995,180.169998,181.289993
180.800003,185.389999,180.410004,185.369995
186.050003,189.550003,185.550003,189.350006
189.889999,190.660004,186.520004,186.550003
187.949997,188.619995,186.600006,187.479996
187.75,190.0,186.809998,190.0
188.75,188.839996,185.630005,185.979996
187.619995,188.179993,181.839996,187.119995
188.369995,189.830002,185.220001,186.889999
188.220001,195.320007,187.889999,193.089996
192.039993,194.210007,189.979996,190.279999
186.929993,190.610001,180.610001,181.259995
178.570007,185.770004,177.740005,185.309998
184.149994,185.080002,179.949997,180.179993
181.009995,181.839996,171.479996,171.580002
174.759995,176.899994,167.179993,176.110001
177.059998,177.550003,171.839996,176.410004
175.619995,175.970001,173.100006,173.149994
173.449997,179.809998,173.210007,179.520004
180.5,180.5,176.839996,179.960007
178.990005,179.880005,176.300003,177.360001
175.770004,177.949997,175.110001,176.009995
176.710007,181.270004,176.399994,177.910004
178.699997,180.210007,177.410004,178.990005
179.899994,183.389999,179.509995,183.289993
184.580002,185.660004,183.220001,184.929993
184.449997,184.699997,181.460007,181.460007
182.300003,182.880005,178.139999,178.320007
179.009995,180.119995,174.410004,175.940002
173.289993,177.110001,172.990005,176.619995
176.199997,181.149994,175.889999,180.399994
181.779999,182.380005,179.110001,179.779999
178.740005,183.820007,178.070007,183.710007
183.559998,184.399994,181.449997,182.339996
183.910004,185.509995,183.210007,185.229996
185.229996,186.100006,184.220001,184.759995
185.610001,185.990005,181.110001,181.880005
182.600006,184.25,181.850006,184.190002
183.240005,184.0,182.190002,183.860001
184.490005,185.330002,183.410004,185.089996
177.009995,177.169998,170.059998,172.559998
167.470001,170.199997,161.949997,168.149994
164.800003,173.399994,163.300003,169.389999
166.130005,170.270004,163.720001,164.889999
165.440002,166.600006,159.020004,159.389999
160.820007,161.100006,149.020004,160.059998
156.309998,162.850006,150.75,152.220001
151.649994,155.880005,150.800003,153.029999
155.149994,161.419998,154.139999,159.789993
157.809998,159.199997,154.110001,155.389999
156.550003,157.389999,150.809998,156.110001
152.029999,155.559998,150.509995,155.100006
161.559998,161.570007,156.649994,159.339996
157.729996,161.419998,156.809998,157.199997
157.820007,160.529999,156.039993,157.929993
157.929993,165.979996,157.009995,165.039993
165.360001,168.649994,163.25,166.320007
166.979996,167.449997,163.100006,163.869995
164.580002,165.699997,163.770004,164.520004
165.720001,165.779999,163.389999,164.830002
165.830002,169.0,165.660004,168.660004
166.880005,168.119995,165.770004,166.360001
166.199997,168.330002,165.199997,168.100006
167.789993,168.429993,165.809998,166.279999
167.270004,168.449997,165.089996,165.839996
165.429993,166.100006,158.190002,159.690002
160.139999,161.059998,156.190002,159.690002
173.220001,176.270004,170.800003,174.160004
176.809998,177.100006,172.600006,173.589996
173.789993,175.720001,171.710007,172.0
172.0,174.020004,170.229996,173.860001
174.25,178.080002,174.199997,176.070007
175.130005,176.119995,172.119995,174.020004
173.080002,176.979996,173.059998,176.610001
177.350006,179.5,177.169998,177.970001
178.25,179.039993,177.110001,178.919998
179.669998,183.009995,178.779999,182.660004
183.149994,186.130005,182.5,185.529999
184.850006,188.320007,184.179993,186.990005
187.710007,187.860001,186.199997,186.639999
184.880005,185.289993,183.199997,184.320007
183.699997,184.320007,182.660004,183.199997
182.679993,184.059998,182.220001,183.759995
183.490005,184.190002,182.610001,182.679993
183.770004,185.300003,183.130005,184.490005
184.929993,185.419998,183.429993,183.800003
182.5,186.910004,182.179993,186.899994
185.880005,186.800003,185.029999,185.929993
186.020004,186.330002,184.449997,184.919998
184.339996,186.809998,183.710007,185.740005
186.539993,188.0,185.25,187.669998
187.869995,192.720001,187.479996,191.779999
193.070007,194.550003,192.070007,193.990005
191.839996,193.979996,191.470001,193.279999
194.300003,195.0,192.619995,192.940002
191.029999,192.529999,189.110001,191.339996
190.75,190.970001,186.770004,188.179993
187.529999,189.479996,186.429993,189.100006
188.809998,192.600006,188.800003,191.539993
192.169998,193.279999,191.559998,192.399994
192.740005,194.5,191.910004,192.410004
193.100006,197.279999,192.910004,196.809998
195.789993,197.070007,194.639999,195.850006
194.800003,199.580002,194.130005,198.309998
196.240005,197.960007,193.789993,197.490005
199.100006,203.550003,198.809998,202.0
202.759995,203.389999,200.089996,201.5
201.160004,202.240005,199.309998,201.740005
200.0,200.0,193.110001,196.350006
197.600006,199.100006,196.229996,199.0
199.179993,200.75,195.800003,195.839996
195.179993,197.339996,193.259995,196.229996
197.320007,197.600006,193.960007,194.320007
193.369995,197.449997,192.220001,197.360001
194.550003,195.399994,192.520004,192.729996
194.740005,198.649994,194.029999,198.449997
198.449997,203.639999,197.699997,203.229996
204.929993,205.800003,202.119995,204.740005
204.5,204.910004,202.259995,203.539993
202.220001,204.5,201.75,202.539993
203.429993,207.080002,203.190002,206.919998
207.809998,208.429993,206.449997,207.320007
207.5,208.720001,206.839996,207.229996
204.899994,210.460007,204.839996,209.990005
209.820007,210.990005,208.440002,209.360001
208.770004,209.990005,207.759995,208.089996
208.850006,211.5,208.5,209.940002
210.580002,211.619995,208.800003,210.910004
215.110001,216.199997,212.600006,214.669998
215.720001,218.619995,214.270004,217.5
174.889999,180.130005,173.75,176.259995
179.869995,179.929993,173.0,174.889999
175.300003,175.300003,166.559998,171.059998
170.669998,174.240005,170.0,172.580002
173.929993,175.080002,170.899994,171.649994
170.679993,176.789993,170.270004,176.369995
177.690002,178.850006,176.149994,177.779999
178.970001,185.789993,178.380005,185.690002
186.5,188.300003,183.720001,183.809998
184.75,186.850006,183.759995,185.179993
185.850006,186.570007,182.479996,183.089996
182.039993,182.100006,179.419998,180.259995
180.100006,182.610001,178.899994,180.050003
180.710007,181.990005,178.619995,181.110001
179.339996,180.869995,174.779999,179.529999
180.419998,180.5,174.009995,174.699997
174.5,176.220001,172.039993,173.800003
174.039993,174.570007,170.910004,172.5
172.809998,174.169998,171.389999,172.619995
172.210007,174.240005,172.130005,173.639999
173.089996,175.550003,172.830002,172.899994
173.699997,174.820007,172.919998,174.649994
175.990005,178.669998,175.789993,177.460007
178.100006,178.240005,175.830002,176.259995
176.300003,176.789993,174.75,175.899994
175.899994,179.789993,175.699997,177.639999
177.149994,177.619995,174.979996,175.729996
173.5,173.889999,168.800003,171.160004
169.490005,171.130005,166.669998,167.179993
166.979996,166.979996,160.0,162.529999
160.309998,164.630005,160.160004,163.039993
163.509995,165.009995,162.160004,164.179993
163.940002,167.190002,163.720001,165.940002
163.25,164.490005,161.800003,162.0
162.0,163.320007,160.860001,161.360001
161.720001,162.839996,160.339996,162.320007
161.919998,162.059998,159.770004,160.580002
159.389999,161.759995,158.869995,160.300003
160.080002,163.440002,159.479996,163.059998
164.5,166.449997,164.470001,166.020004
166.639999,167.25,162.809998,162.929993
161.029999,165.699997,160.880005,165.410004
161.990005,165.589996,161.149994,164.910004
164.300003,169.300003,164.210007,166.949997
167.550003,171.770004,167.210007,168.839996
168.330002,168.789993,162.559998,164.460007
163.029999,165.880005,161.259995,162.440002
161.580002,162.279999,158.669998,159.330002
160.0,163.660004,159.529999,162.429993
161.460007,161.460007,157.350006,158.850006
159.210007,160.899994,156.199997,157.330002
155.539993,158.339996,154.389999,157.25
157.690002,160.589996,157.419998,157.899994
156.820007,157.690002,151.309998,151.380005
150.130005,154.809998,149.160004,153.350006
156.729996,156.889999,151.300003,153.740005
153.320007,155.570007,152.550003,153.520004
155.399994,159.460007,155.009995,158.779999
159.559998,160.490005,157.949997,159.419998
158.509995,158.660004,153.279999,154.919998
155.860001,157.350006,153.550003,154.050003
154.759995,157.339996,154.460007,154.779999
151.220001,154.770004,150.850006,154.389999
154.279999,154.649994,145.600006,146.039993
147.729996,152.210007,147.0,150.949997
145.820007,149.0,143.800003,145.369995
148.5,148.830002,139.029999,142.089996
139.940002,146.639999,139.740005,146.220001
155.0,156.399994,148.960007,151.789993
151.520004,152.75,149.350006,151.75
151.800003,154.130005,148.960007,150.350006
150.100006,150.190002,147.440002,148.679993
149.309998,150.970001,148.0,149.940002
151.570007,153.009995,149.830002,151.529999
150.490005,150.940002,146.740005,147.869995
146.75,147.759995,144.070007,144.960007
144.479996,145.039993,140.490005,141.550003
142.0,144.880005,141.619995,142.160004
143.699997,145.580002,141.550003,144.220001
142.330002,144.839996,140.830002,143.850006
141.070007,141.770004,137.770004,139.529999
137.610001,137.75,131.210007,131.550003
127.029999,134.160004,126.849998,132.429993
134.399994,137.190002,134.130005,134.820007
133.649994,134.5,131.259995,131.729996
133.0,137.0,132.779999,136.380005
135.75,136.610001,133.710007,135.0
136.279999,136.789993,131.850006,136.759995
135.919998,139.990005,135.660004,138.679993
138.259995,140.970001,137.360001,140.610001
143.0,143.679993,140.759995,141.089996
140.729996,143.389999,137.160004,137.929993
133.820007,139.699997,133.669998,139.630005
139.25,140.869995,136.660004,137.419998
139.600006,143.050003,139.009995,141.850006
143.880005,143.880005,141.100006,142.080002
143.080002,147.190002,142.509995,144.5
145.570007,145.850006,143.190002,145.009995
143.339996,146.009995,142.509995,144.059998
143.080002,144.919998,138.419998,140.190002
141.080002,145.929993,139.830002,143.660004
141.210007,144.910004,132.5,133.240005
130.699997,135.570007,130.0,133.399994
133.389999,134.899994,123.419998,124.949997
123.099998,129.740005,123.019997,124.059998
126.0,134.240005,125.889999,134.179993
132.440002,134.990005,129.669998,134.520004
135.339996,135.919998,132.199997,133.199997
134.449997,134.639999,129.949997,131.089996
128.990005,137.509995,128.559998,135.679993
134.690002,137.169998,131.119995,131.740005
134.009995,138.0,133.75,137.949997
137.559998,138.869995,135.910004,138.050003
139.889999,143.139999,139.539993,142.529999
142.949997,144.699997,141.270004,144.229996
143.080002,144.559998,140.839996,144.199997
143.149994,145.360001,142.570007,143.800003
142.0,146.570007,141.270004,145.389999
146.009995,150.679993,145.990005,148.949997
149.0,149.649994,147.0,147.539993
146.949997,149.0,146.5,148.300003
149.75,152.429993,148.550003,150.039993
149.199997,151.529999,146.369995,147.570007
148.279999,148.800003,143.059998,144.300003
144.639999,146.440002,142.520004,145.830002
147.479996,149.830002,146.539993,149.009995
148.050003,148.960007,146.210007,147.470001
148.089996,148.100006,143.429993,144.190002
146.220001,150.949997,145.699997,150.419998
165.600006,171.679993,165.0,166.690002
165.839996,169.100006,165.660004,165.710007
165.699997,169.300003,163.619995,169.25
169.149994,171.979996,168.690002,171.160004
171.199997,172.470001,169.270004,170.490005
168.199997,169.240005,165.25,166.380005
164.470001,167.369995,164.210007,167.330002
167.899994,168.300003,165.080002,165.789993
166.860001,168.339996,164.5,165.039993
165.380005,166.220001,163.729996,164.070007
163.190002,164.869995,162.25,163.949997
164.509995,164.699997,160.860001,162.5
160.5,164.149994,160.330002,162.289993
162.25,163.720001,161.25,162.559998
161.929993,162.240005,159.589996,160.039993
160.580002,162.410004,160.309998,161.889999
163.070007,166.070007,162.899994,164.619995
164.339996,166.240005,163.800003,164.130005
162.899994,163.929993,160.410004,162.809998
162.369995,163.5,160.860001,161.449997
162.600006,163.130005,161.690002,162.279999
163.899994,167.5,163.830002,167.369995
167.369995,171.880005,166.550003,171.259995
172.899994,173.570007,171.270004,172.509995
171.5,171.740005,167.610001,169.130005
166.199997,169.619995,165.970001,169.600006
171.600006,174.300003,171.580002,172.070007
172.089996,173.800003,171.220001,171.919998
172.320007,174.029999,172.119995,173.369995
169.759995,171.149994,168.160004,170.169998
167.160004,167.580002,162.509995,165.979996
163.570007,163.899994,159.279999,160.470001
161.479996,163.820007,160.820007,161.570007
161.5,166.119995,161.240005,165.440002
164.889999,166.389999,163.75,166.080002
165.649994,167.419998,164.089996,164.339996
163.0,166.539993,162.0,166.289993
167.350006,169.449997,166.350006,167.679993
167.850006,168.940002,164.789993,165.869995
164.570007,166.720001,163.330002,165.550003
166.389999,167.190002,164.809998,166.690002
167.830002,168.899994,167.279999,168.699997
170.139999,174.899994,169.550003,174.199997
174.5,177.960007,172.949997,173.539993
176.020004,178.0,175.529999,176.020004
176.880005,177.0,175.100006,175.720001
175.210007,175.5,174.229996,174.929993
175.619995,179.190002,175.550003,177.580002
178.179993,178.789993,176.539993,177.820007
178.240005,178.399994,177.0,177.509995
178.0,179.630005,177.949997,179.100006
178.5,180.5,176.869995,179.649994
179.0,180.169998,178.300003,178.869995
179.600006,180.740005,178.360001,178.779999
178.800003,178.880005,177.339996,178.279999
178.25,181.669998,178.25,181.440002
182.740005,184.220001,181.479996,183.779999
184.490005,185.139999,181.649994,182.580002
196.979996,198.479996,192.119995,193.259995
192.5,192.899994,189.089996,191.490005
190.949997,195.410004,190.649994,194.779999
194.190002,197.389999,192.279999,193.399994
194.779999,196.179993,193.009995,193.029999
193.0,194.0,189.75,192.529999
194.380005,196.160004,193.710007,195.470001
191.240005,194.279999,190.550003,193.880005
192.539993,192.899994,187.850006,189.770004
189.389999,190.720001,188.550003,189.539993
187.199997,189.770004,186.259995,188.649994
188.25,190.0,184.589996,188.339996
183.5,185.429993,180.839996,181.539993
182.520004,183.490005,178.100006,180.729996
180.419998,187.279999,180.020004,186.270004
185.050003,188.580002,185.050003,186.990005
184.839996,187.580002,184.279999,185.300003
181.880005,184.229996,181.369995,182.720001
184.570007,185.699997,183.889999,184.820007
184.729996,186.740005,183.610001,185.320007
182.419998,183.899994,179.669998,180.869995
182.330002,183.630005,180.830002,181.059998
181.539993,184.710007,181.449997,184.309998
183.5,184.559998,181.350006,182.190002
183.080002,183.479996,180.889999,183.009995
180.279999,180.539993,177.160004,177.470001
175.0,175.050003,161.009995,164.149994
163.710007,168.279999,160.839996,167.5
167.479996,168.720001,164.630005,168.169998
168.300003,169.699997,167.229996,168.330002
170.169998,173.869995,168.839996,173.350006
174.75,177.860001,173.800003,174.820007
178.479996,179.979996,176.789993,178.100006
178.380005,179.270004,172.880005,175.039993
175.529999,178.029999,174.610001,177.470001
180.509995,181.839996,180.0,181.330002
185.009995,189.5,184.410004,189.009995
194.0,194.529999,187.279999,188.470001
187.0,188.100006,184.550003,187.479996
190.949997,191.160004,187.639999,189.529999
188.75,192.0,188.75,191.139999
192.419998,193.979996,191.570007,192.600006
192.880005,193.139999,188.130005,188.839996
189.539993,190.759995,187.309998,187.660004
189.880005,198.880005,188.270004,189.5
190.550003,193.199997,189.940002,193.0
195.210007,195.279999,191.929993,193.0
193.0,195.0,192.710007,195.0
194.160004,197.399994,194.160004,197.199997
196.179993,197.070007,194.169998,196.399994
195.190002,196.679993,193.639999,195.759995
194.970001,199.460007,194.889999,199.210007
200.0,202.960007,199.669998,202.729996
203.259995,203.800003,200.210007,201.229996
199.679993,205.300003,199.160004,204.869995
204.25,205.330002,201.820007,203.910004
203.889999,205.470001,203.100006,203.839996
204.179993,204.360001,201.589996,201.800003
200.149994,202.470001,199.380005,200.779999
202.179993,202.330002,198.070007,198.360001
199.910004,202.570007,198.809998,202.320007
202.839996,204.240005,200.960007,202.360001
197.630005,204.809998,197.220001,204.660004
206.699997,208.660004,198.259995,200.710007
200.190002,202.880005,196.25,199.75
199.0,199.630005,195.300003,195.940002
195.389999,198.710007,193.5,197.039993
196.949997,198.759995,192.679993,194.229996
194.169998,198.470001,190.880005,192.729996
191.100006,192.619995,188.070007,189.020004
184.690002,185.669998,179.339996,181.729996
183.690002,185.789993,183.089996,184.509995
183.600006,186.369995,181.220001,185.149994
186.619995,190.339996,184.050003,190.160004
190.0,190.979996,187.119995,187.850006
186.850006,187.589996,184.460007,185.369995
185.520004,191.380005,185.369995,188.449997
185.800003,185.990005,179.309998,179.710007
180.949997,183.199997,180.029999,182.589996
183.75,185.100006,182.360001,183.699997
186.009995,187.5,184.850006,186.169998
185.449997,186.0,182.389999,183.809998
185.0,185.899994,183.139999,183.550003
183.429993,184.110001,179.910004,182.039993
180.839996,183.130005,176.660004,177.75
179.399994,180.5,178.240005,180.360001
181.929993,184.039993,181.009995,181.300003
180.529999,181.949997,178.919998,181.759995
183.770004,186.080002,183.470001,185.570007
186.779999,186.800003,183.460007,185.669998
184.0,185.669998,182.110001,182.389999
184.649994,187.75,183.889999,187.139999
188.529999,191.360001,187.940002,190.899994
190.210007,190.210007,186.350006,187.490005
187.729996,188.979996,185.850006,188.759995
187.440002,188.100006,184.550003,186.169998
186.460007,189.440002,186.080002,188.490005
189.860001,190.929993,187.229996,187.470001
187.330002,187.970001,186.539993,187.190002
186.929993,187.789993,185.770004,186.220001
186.660004,188.320007,185.539993,188.080002
188.089996,189.080002,186.009995,188.139999
188.660004,191.100006,188.149994,190.139999
190.660004,193.100006,188.119995,189.929993
189.339996,190.100006,185.210007,186.820007
187.979996,188.039993,180.389999,181.279999
181.449997,183.419998,177.869995,182.800003
181.330002,181.399994,177.669998,180.110001
180.490005,180.759995,175.660004,177.100006
177.869995,178.669998,176.850006,178.080002
179.149994,179.839996,174.880005,175.809998
174.839996,176.529999,173.089996,174.600006
175.570007,179.839996,173.630005,179.380005
179.550003,180.979996,178.100006,180.449997
180.0,181.179993,178.089996,179.679993
178.259995,180.369995,177.720001,177.75
179.160004,180.720001,177.940002,179.850006
180.320007,181.610001,179.169998,180.029999
182.149994,186.490005,182.139999,184.190002
184.199997,184.619995,182.570007,183.279999
183.800003,190.380005,183.660004,188.889999
188.320007,189.699997,186.899994,189.550003
190.300003,190.839996,188.770004,190.389999
190.229996,191.490005,183.919998,185.850006
187.039993,189.910004,186.75,189.759995
190.0,190.649994,181.5,182.339996
182.009995,186.380005,182.0,186.149994
184.619995,186.729996,182.800003,186.380005
185.830002,189.0,185.089996,187.889999
187.199997,189.529999,185.080002,189.399994
191.690002,192.529999,188.470001,189.309998
189.559998,190.449997,185.979996,188.25
196.699997,198.089996,188.25,191.649994
192.850006,194.110001,189.910004,193.619995
194.550003,197.369995,193.809998,194.720001
195.369995,195.75,193.600006,194.320007
194.029999,194.369995,191.350006,191.550003
191.910004,193.440002,189.470001,190.419998
190.0,192.339996,189.699997,190.839996
189.929993,190.080002,188.539993,189.610001
190.0,195.059998,189.740005,194.470001
194.699997,195.699997,192.740005,193.190002
192.929993,194.029999,191.449997,193.149994
194.259995,195.300003,193.380005,195.100006
194.559998,198.630005,193.050003,197.399994
197.399994,200.0,196.860001,199.320007
198.580002,199.589996,195.429993,197.509995
197.419998,199.089996,196.860001,197.929993
198.380005,199.300003,197.619995,198.820007
199.520004,200.970001,199.25,199.789993
200.0,200.149994,198.039993,198.970001
199.899994,203.139999,199.419998,202.0
201.600006,203.800003,201.210007,201.639999
202.130005,202.179993,198.050003,199.699997
197.600006,198.929993,195.080002,198.820007
200.0,200.029999,198.050003,198.710007
199.860001,201.289993,198.210007,199.360001
200.5,201.570007,200.059998,201.050003
200.649994,203.139999,200.210007,201.339996
201.660004,202.050003,200.149994,200.869995
200.279999,202.630005,200.279999,202.259995
202.350006,203.660004,194.100006,196.75
196.399994,196.800003,193.169998,194.110001
195.270004,199.119995,194.809998,197.919998
198.839996,199.0,196.130005,198.389999
200.089996,204.300003,200.089996,202.5
202.779999,206.300003,202.509995,206.059998
207.479996,207.710007,203.429993,206.300003
206.699997,208.589996,205.679993,206.179993
206.300003,206.789993,205.0,205.119995
205.570007,207.820007,205.309998,207.789993
208.669998,208.929993,206.589996,208.100006
207.860001,207.899994,203.899994,204.410004
204.0,205.559998,203.600006,205.25
206.75,209.789993,206.270004,209.779999
207.210007,210.399994,206.949997,208.669998
206.699997,212.779999,206.520004,212.600006
212.820007,214.580002,211.75,213.059998
213.0,216.240005,212.610001,215.220001
217.539993,218.380005,216.279999,218.300003
219.199997,219.880005,217.419998,218.059998
219.600006,221.970001,219.210007,221.910004
221.610001,222.380005,218.630005,219.059998
220.610001,221.679993,220.139999,221.149994
222.570007,222.630005,220.389999,221.770004
222.029999,222.289993,220.529999,222.139999
222.160004,222.369995,219.119995,221.440002
222.309998,222.75,221.279999,221.320007
220.75,221.490005,219.270004,219.759995
220.800003,221.779999,216.110001,217.940002
213.100006,216.059998,212.5,214.869995
216.139999,218.740005,213.520004,217.789993
221.440002,224.199997,218.449997,223.229996
206.529999,211.429993,204.75,209.529999
208.429993,208.690002,201.059998,201.910004
203.440002,205.139999,202.5,204.190002
206.619995,210.600006,205.199997,209.830002
212.509995,212.729996,208.710007,210.110001
210.470001,211.190002,209.339996,210.850006
210.300003,212.820007,209.929993,212.330002
211.520004,213.800003,210.660004,213.059998
210.190002,210.860001,206.509995,207.190002
207.850006,211.220001,207.399994,210.759995
209.520004,214.330002,209.179993,213.139999
214.0,214.929993,212.649994,214.179993
213.550003,217.979996,213.399994,217.800003
217.990005,218.320007,216.110001,217.490005
216.520004,218.770004,212.949997,214.580002
213.479996,214.240005,208.830002,210.179993
201.800003,203.649994,198.169998,200.720001
202.25,203.5,195.949997,196.770004
197.190002,201.210007,195.490005,197.199997
191.820007,195.880005,189.5,189.75
182.699997,192.740005,181.820007,192.470001
194.029999,196.570007,188.850006,196.440002
196.220001,197.240005,183.970001,185.889999
189.169998,191.830002,186.389999,191.759995
186.779999,188.990005,183.889999,185.169998
178.330002,183.779999,176.259995,181.089996
169.600006,175.0,165.190002,169.5
174.669998,178.289993,169.5,178.190002
174.009995,175.880005,167.660004,170.240005
159.539993,166.600006,154.339996,154.470001
163.529999,170.789993,157.600006,170.279999
152.320007,159.130005,143.100006,146.009995
150.740005,153.940002,140.0,149.419998
139.75,148.179993,137.100006,146.960007
146.619995,159.929993,144.800003,153.130005
156.020004,159.270004,148.0,149.729996
149.660004,152.309998,142.25,148.100006
155.210007,161.309998,152.570007,160.979996
158.919998,162.990005,153.059998,156.210007
158.25,164.0,157.020004,163.339996
158.199997,160.089996,154.75,156.789993
159.179993,166.75,158.059998,165.949997
165.479996,170.929993,164.199997,166.800003
161.619995,164.149994,158.039993,159.600006
159.100006,161.350006,155.919998,158.190002
157.149994,157.910004,150.830002,154.179993
160.149994,166.199997,158.509995,165.550003
171.789993,173.389999,166.009995,168.830002
171.25,175.0,167.740005,174.279999
175.899994,177.080002,171.570007,175.190002
173.669998,175.0,169.449997,174.789993
178.979996,181.229996,176.619995,178.169998
175.190002,178.190002,172.820007,176.970001
177.949997,178.050003,172.509995,176.25
179.199997,180.279999,176.660004,179.240005
177.410004,180.5,176.770004,178.240005
175.25,175.380005,168.339996,170.800003
178.449997,184.779999,178.139999,182.279999
184.080002,187.050003,183.149994,185.130005
183.229996,190.410004,180.830002,190.070007
192.660004,193.75,187.410004,187.5
188.660004,189.199997,182.559998,182.910004
190.929993,196.910004,190.0,194.190002
206.919998,209.690002,201.570007,204.710007
201.600006,207.279999,199.050003,202.270004
200.199997,205.910004,198.759995,205.259995
207.020004,210.380005,206.5,207.070007
208.119995,211.600006,206.660004,208.470001
211.160004,211.600006,209.039993,211.259995
212.240005,213.210007,210.850006,212.350006
210.889999,215.0,210.369995,213.179993
213.289993,215.279999,210.0,210.100006
209.429993,210.779999,202.110001,205.100006
202.559998,206.929993,200.690002,206.809998
205.270004,211.339996,204.119995,210.880005
212.149994,214.639999,210.940002,213.190002
213.270004,220.490005,212.830002,216.880005
223.5,231.339996,223.190002,229.970001
234.720001,237.199997,231.199997,231.389999
231.509995,235.990005,228.740005,234.910004
239.770004,240.899994,231.669998,232.199997
229.070007,230.559998,221.130005,229.139999
224.300003,231.630005,224.0,225.460007
225.199997,227.490005,222.880005,225.089996
224.589996,232.440002,223.5,231.910004
230.940002,233.0,226.559998,232.720001
232.110001,232.649994,228.529999,230.160004
229.559998,231.630005,224.610001,226.289993
226.710007,231.350006,225.309998,230.770004
229.029999,231.550003,227.410004,231.399994
231.520004,239.770004,230.410004,238.669998
240.960007,241.210007,235.279999,236.729996
229.940002,232.889999,223.550003,224.429993
229.899994,231.660004,224.5,228.580002
225.089996,233.770004,224.800003,232.5
237.139999,238.460007,233.0,235.649994
235.0,237.589996,231.729996,235.529999
234.990005,236.139999,232.149994,235.940002
237.789993,240.830002,235.550003,238.789993
238.559998,240.699997,236.910004,239.220001
241.279999,245.190002,239.860001,242.240005
241.199997,243.220001,232.679993,234.020004
234.619995,237.300003,232.740005,235.679993
232.639999,233.089996,215.399994,216.080002
209.75,220.75,207.110001,220.639999
220.589996,227.5,218.470001,227.070007
228.5,239.0,227.559998,237.550003
239.0,240.0,232.610001,233.419998
233.759995,240.399994,232.270004,240.279999
239.410004,247.649994,238.820007,240.860001
238.110001,246.990005,236.589996,243.580002
245.0,246.529999,239.240005,244.5
243.690002,245.490005,239.320007,245.070007
247.009995,250.149994,238.419998,239.0
236.759995,240.330002,232.029999,239.729996
241.550003,244.820007,238.050003,240.279999
238.0,241.759995,236.330002,240.929993
241.0,244.160004,237.860001,242.029999
240.059998,246.050003,235.639999,245.419998
246.220001,246.910004,240.080002,241.75
240.259995,241.899994,238.119995,239.869995
239.630005,242.419998,231.75,232.600006
230.190002,233.490005,226.899994,230.710007
231.460007,234.949997,230.830002,233.5
234.630005,234.960007,229.830002,230.119995
231.139999,233.699997,230.309998,233.289993
230.220001,234.889999,229.0,234.5
255.820007,255.850006,249.0,253.669998
252.649994,255.399994,250.330002,251.960007
251.559998,252.800003,247.429993,249.830002
250.190002,252.270004,247.770004,249.119995
249.039993,266.600006,248.669998,265.279999
264.079987,278.890015,263.429993,268.440002
268.040009,273.859985,259.690002,263.0
260.190002,265.920013,255.130005,256.130005
258.970001,263.899994,258.109985,259.890015
261.549988,265.160004,259.570007,261.299988
262.309998,262.649994,258.679993,261.23999
262.5,264.100006,259.399994,261.160004
260.950012,265.149994,259.26001,262.339996
261.390015,267.910004,261.350006,262.589996
261.5,269.630005,261.459991,269.01001
268.690002,270.48999,266.420013,267.01001
271.070007,277.25,268.769989,271.390015
272.410004,283.089996,270.26001,280.820007
284.0,304.670013,284.0,303.910004
300.160004,301.230011,292.019989,293.220001
295.0,297.230011,290.980011,293.660004
293.950012,296.880005,291.549988,293.200012
294.709991,301.48999,292.709991,295.440002
298.880005,303.600006,293.049988,302.5
295.98999,297.600006,283.630005,291.119995
287.25,289.0,271.140015,282.730011
271.279999,279.299988,269.420013,271.160004
275.769989,278.480011,271.350006,273.720001
275.51001,279.160004,267.029999,268.089996
270.059998,271.390015,262.640015,266.609985
270.950012,276.640015,265.700012,266.149994
270.670013,274.519989,269.299988,272.420013
267.290009,272.440002,261.790009,263.519989
258.279999,261.5,250.190002,254.820007
258.399994,259.200012,250.050003,252.529999
247.539993,249.949997,244.130005,248.149994
253.309998,255.320007,248.220001,254.75
255.259995,257.98999,248.149994,249.020004
246.5,252.240005,245.619995,249.529999
249.399994,255.75,246.610001,254.820007
259.399994,259.600006,254.820007,256.820007
257.809998,263.329987,256.899994,261.790009
261.980011,266.079987,260.100006,261.899994
265.350006,268.329987,264.799988,266.630005
261.209991,265.149994,259.179993,259.940002
262.200012,264.869995,260.839996,264.649994
261.779999,265.690002,258.23999,258.660004
259.209991,260.179993,254.820007,258.119995
259.75,264.619995,259.149994,263.76001
264.519989,264.75,262.170013,264.450012
270.200012,280.179993,267.869995,275.75
277.579987,279.100006,273.390015,276.140015
277.619995,278.75,271.5,271.820007
267.600006,269.040009,263.670013,266.720001
267.380005,271.369995,265.299988,265.929993
265.529999,268.549988,259.880005,261.399994
263.059998,269.700012,262.880005,267.559998
279.559998,283.049988,276.369995,278.730011
279.869995,282.450012,275.040009,278.119995
278.799988,285.23999,276.820007,284.790009
283.160004,285.230011,274.26001,277.109985
278.76001,284.51001,276.309998,283.290009
278.790009,278.790009,267.26001,267.670013
276.549988,283.600006,273.779999,280.829987
274.5,276.700012,259.100006,263.109985
264.600006,270.470001,257.339996,261.359985
263.160004,270.049988,260.880005,265.299988
281.0,288.940002,278.619995,287.380005
291.899994,297.380005,288.950012,294.679993
293.950012,294.600006,288.059998,293.410004
289.869995,292.579987,278.529999,278.769989
273.100006,274.0,264.0,272.429993
273.470001,278.399994,272.480011,276.480011
277.179993,279.75,274.429993,275.079987
277.720001,277.76001,273.100006,276.950012
275.049988,279.410004,274.630005,278.959991
277.679993,277.679993,273.290009,275.0
274.519989,277.390015,271.839996,271.970001
271.019989,273.470001,269.190002,272.940002
272.559998,273.0,269.410004,269.700012
270.890015,270.950012,264.529999,268.429993
268.48999,277.820007,267.869995,276.920013
278.140015,280.179993,272.649994,275.589996
277.390015,279.130005,274.820007,277.809998
276.029999,277.700012,271.01001,276.970001
279.160004,289.299988,278.959991,286.549988
285.359985,291.779999,280.829987,287.519989
286.25,286.649994,281.070007,281.850006
280.299988,283.459991,279.299988,279.700012
279.190002,288.48999,278.200012,285.579987
286.01001,286.429993,281.549988,283.399994
283.660004,287.630005,271.75,277.920013
275.540009,278.730011,271.859985,277.119995
274.529999,276.480011,270.25,273.549988
273.369995,277.220001,271.559998,274.190002
274.829987,276.079987,267.470001,275.549988
274.76001,277.859985,272.51001,275.670013
277.070007,280.440002,273.609985,274.480011
275.769989,278.0,271.140015,276.399994
272.980011,274.670013,267.790009,272.790009
271.5,271.5,264.630005,267.089996
266.890015,272.170013,266.230011,268.109985
268.880005,270.399994,266.200012,267.399994
268.73999,277.299988,265.660004,277.0
276.950012,280.51001,276.279999,276.779999
277.950012,278.079987,271.709991,271.869995
272.0,277.089996,269.809998,273.160004
274.779999,275.0,265.200012,268.940002
268.290009,272.399994,268.209991,270.970001
262.0,267.75,260.01001,263.309998
265.899994,271.609985,264.779999,268.73999
268.309998,268.950012,263.179993,267.570007
260.480011,263.470001,255.899994,256.839996
256.630005,259.720001,250.300003,251.089996
251.550003,253.949997,249.199997,251.639999
253.399994,255.029999,244.610001,245.639999
247.899994,253.860001,247.160004,251.360001
256.899994,262.200012,252.720001,261.100006
268.929993,270.320007,263.600006,267.480011
269.26001,273.600006,267.48999,272.869995
272.01001,278.470001,272.0,274.5
278.140015,280.100006,271.51001,278.01001
278.140015,285.390015,277.809998,282.049988
282.529999,283.450012,268.119995,272.140015
277.179993,286.790009,264.700012,265.0
265.299988,266.559998,254.850006,258.329987
259.519989,264.170013,254.910004,262.01001
264.0,268.850006,263.269989,267.079987
265.619995,269.200012,263.839996,266.649994
267.01001,268.160004,264.0,266.48999
266.799988,269.170013,265.670013,268.100006
268.75,269.859985,265.0,266.579987
266.440002,273.390015,265.75,269.450012
272.450012,273.799988,267.720001,271.869995
271.890015,273.579987,268.48999,270.390015
270.519989,271.179993,268.339996,270.5
270.799988,276.600006,270.049988,273.970001
271.23999,273.970001,269.579987,273.570007
269.570007,271.950012,266.029999,269.390015
269.859985,270.269989,260.149994,261.559998
257.950012,263.070007,257.529999,260.329987
259.5,267.459991,254.960007,265.859985
262.329987,266.380005,258.390015,264.309998
262.299988,266.940002,254.039993,254.690002
256.470001,265.549988,256.470001,257.619995
260.820007,266.649994,257.899994,264.910004
265.779999,266.709991,258.649994,259.0
260.290009,260.98999,255.100006,255.410004
256.470001,266.48999,253.5,257.640015
260.670013,265.450012,255.610001,264.279999
265.549988,265.579987,255.050003,255.309998
261.179993,268.529999,259.809998,265.73999
268.640015,268.970001,262.869995,264.899994
268.109985,277.899994,267.820007,273.880005
269.140015,269.73999,264.019989,268.399994
269.079987,275.959991,268.5,273.75
276.079987,282.140015,274.799988,279.279999
275.709991,286.230011,275.410004,284.01001
279.869995,285.190002,278.279999,278.619995
281.220001,292.799988,281.200012,290.109985
290.450012,299.709991,286.75,293.540009
293.149994,298.0,289.809998,290.630005
291.0,291.720001,281.160004,282.140015
280.980011,288.059998,277.75,278.73999
278.299988,284.5,277.769989,283.019989
285.769989,293.179993,284.700012,290.820007
289.829987,292.470001,286.700012,288.0
289.98999,296.5,288.609985,294.529999
298.399994,302.399994,296.600006,298.660004
300.890015,310.769989,300.679993,308.910004
308.839996,311.350006,305.25,306.26001
306.339996,314.25,305.5,313.089996
314.850006,315.880005,310.049988,313.019989
311.399994,314.73999,310.329987,312.459991
311.049988,312.149994,307.929993,311.540009
312.209991,314.429993,309.320007,309.76001
307.299988,308.029999,301.950012,302.820007
306.339996,310.140015,304.100006,307.820007
308.170013,308.950012,304.609985,306.179993
305.01001,307.700012,300.559998,302.23999
301.98999,305.100006,297.209991,302.649994
301.950012,301.980011,297.390015,301.470001
301.329987,302.920013,296.040009,296.519989
298.76001,302.589996,297.149994,301.130005
303.339996,305.799988,301.559998,303.040009
304.279999,305.339996,301.109985,303.570007
307.359985,310.920013,305.369995,307.100006
330.119995,331.809998,321.609985,329.51001
326.140015,329.820007,324.5,325.079987
326.170013,328.549988,321.839996,322.579987
320.019989,322.190002,313.119995,318.359985
318.190002,321.059998,314.48999,315.019989
314.519989,320.23999,313.269989,320.019989
322.380005,322.940002,318.75,319.079987
314.350006,314.579987,304.829987,305.970001
300.75,306.839996,299.690002,306.529999
301.130005,304.959991,298.190002,302.549988
306.079987,308.859985,302.769989,305.26001
309.540009,316.850006,309.079987,315.940002
313.549988,315.679993,311.579987,315.459991
315.589996,316.5,309.809998,309.959991
304.190002,314.660004,303.570007,313.589996
313.579987,319.25,313.160004,318.609985
319.290009,319.929993,315.809998,316.230011
318.209991,325.950012,318.029999,324.630005
327.079987,329.179993,324.799988,327.790009
328.350006,329.829987,325.820007,327.660004
328.0,333.779999,326.76001,332.75
331.0,332.869995,328.329987,328.730011
330.149994,331.420013,326.640015,329.130005
330.380005,331.869995,327.119995,329.149994
325.779999,327.380005,323.480011,326.040009
325.899994,332.459991,325.179993,330.350006
329.480011,337.690002,328.929993,336.579987
336.700012,338.299988,332.23999,333.679993
335.73999,336.799988,330.0,330.25
330.790009,333.940002,328.549988,332.459991
332.579987,332.829987,328.929993,331.26001
331.899994,336.820007,329.809998,336.769989
336.98999,339.920013,335.029999,336.75
336.700012,337.549988,328.720001,331.079987
330.48999,337.980011,330.149994,336.51001
334.529999,336.149994,329.0,329.660004
331.089996,332.920013,327.649994,332.290009
332.690002,339.920013,332.600006,339.029999
339.350006,343.420013,338.200012,340.589996
341.850006,344.899994,341.790009,343.179993
342.589996,344.119995,339.679993,341.369995
342.459991,358.140015,341.769989,355.640015
356.269989,356.73999,349.049988,351.890015
352.170013,352.920013,347.170013,347.709991
346.820007,354.670013,346.5,354.390015
355.100006,356.440002,352.619995,354.700012
356.5,358.790009,349.179993,352.779999
355.26001,356.48999,350.0,350.48999
345.730011,348.329987,342.559998,345.649994
345.320007,350.709991,345.269989,350.420013
351.230011,354.190002,349.640015,353.160004
351.5,358.48999,348.799988,352.089996
354.559998,355.200012,346.730011,347.630005
349.230011,349.230011,340.220001,344.459991
344.910004,345.98999,340.140015,341.160004
337.570007,339.790009,334.540009,336.950012
338.799988,343.450012,334.5,341.660004
341.5,346.519989,341.25,346.230011
346.679993,351.540009,345.209991,351.190002
360.910004,375.329987,357.190002,369.790009
369.579987,374.440002,368.220001,372.459991
371.910004,373.149994,364.549988,367.809998
374.559998,377.549988,366.929993,373.279999
361.0,365.519989,356.73999,358.320007
354.0,360.730011,352.940002,356.299988
358.100006,359.399994,350.73999,351.950012
352.730011,353.769989,347.700012,351.23999
352.420013,360.480011,351.51001,358.920013
359.640015,363.899994,356.899994,362.970001
361.399994,365.149994,361.399994,363.51001
363.76001,365.779999,360.75,361.609985
361.829987,364.100006,359.040009,361.130005
362.100006,362.359985,357.809998,359.959991
358.450012,363.0,357.109985,362.649994
362.970001,364.660004,361.480011,363.179993
362.519989,366.950012,357.380005,366.559998
362.980011,364.670013,355.070007,358.450012
356.25,359.859985,355.149994,355.450012
351.350006,357.570007,351.0,355.119995
354.600006,359.98999,353.309998,359.369995
359.440002,365.690002,359.100006,363.350006
363.660004,367.959991,361.839996,365.51001
365.600006,370.859985,365.399994,368.390015
368.380005,369.440002,364.130005,364.380005
365.100006,373.73999,364.079987,372.630005
372.559998,381.48999,370.519989,380.660004
379.950012,382.76001,378.799988,379.380005
379.589996,384.329987,378.809998,382.049988
381.5,381.75,374.059998,375.279999
374.75,377.160004,373.109985,376.26001
375.880005,382.959991,373.149994,382.179993
380.160004,380.869995,374.790009,377.570007
377.640015,379.829987,376.570007,378.0
381.359985,383.790009,378.26001,378.690002
381.679993,381.75,374.350006,376.51001
377.399994,378.589996,375.109985,376.529999
377.0,377.559998,367.670013,373.920013
372.790009,373.559998,369.709991,373.059998
371.410004,371.410004,361.589996,364.720001
359.299988,361.029999,349.799988,355.700012
358.5,360.040009,355.190002,357.480011
347.230011,349.839996,340.690002,343.209991
345.359985,349.670013,343.0,345.959991
343.23999,354.350006,342.369995,352.959991
349.809998,355.149994,347.079987,353.579987
347.970001,349.600006,338.920013,340.649994
343.149994,345.230011,338.880005,339.609985
340.450012,342.799988,338.149994,339.390015
341.609985,345.019989,338.640015,343.01001
335.529999,335.940002,322.700012,326.230011
328.579987,335.179993,326.160004,332.959991
329.73999,334.380005,325.799988,333.640015
337.0,338.839996,328.980011,329.220001
331.51001,333.399994,328.709991,330.049988
327.630005,330.459991,325.309998,325.450012
323.029999,324.380005,317.369995,323.769989
326.970001,327.0,322.660004,324.540009
328.359985,330.519989,327.100006,328.529999
328.679993,329.070007,322.51001,324.76001
328.950012,335.890015,327.5,335.339996
339.649994,342.459991,337.279999,339.98999
343.450012,343.980011,339.450012,340.779999
340.279999,342.309998,337.799988,341.880005
326.350006,329.630005,321.109985,324.609985
320.299988,329.559998,319.720001,328.690002
328.26001,330.209991,309.600006,315.809998
314.190002,319.25,312.059998,312.220001
312.98999,325.519989,308.109985,316.920013
320.190002,326.0,319.600006,323.570007
326.040009,333.450012,326.0,329.980011
331.380005,334.790009,323.799988,328.079987
327.48999,332.149994,323.200012,331.619995
334.01001,337.269989,332.649994,335.850006
340.309998,346.790009,339.640015,341.130005
344.420013,344.790009,338.339996,338.619995
340.0,341.309998,334.470001,335.369995
332.48999,333.190002,325.51001,327.640015
329.820007,332.459991,327.0,327.73999
330.179993,341.859985,329.779999,340.890015
344.339996,353.649994,343.200012,347.559998
343.829987,346.649994,340.869995,342.959991
344.23999,347.299988,340.100006,340.769989
339.720001,342.459991,335.299988,338.690002
342.200012,352.100006,339.899994,345.299988
349.049988,353.829987,340.51001,341.01001
338.929993,341.399994,333.5,337.25
336.0,341.779999,332.809998,341.059998
335.799988,337.75,331.899994,333.119995
336.890015,340.670013,335.309998,338.029999
335.0,335.809998,323.429993,324.459991
330.290009,330.5,310.290009,310.600006
311.399994,314.600006,307.200012,310.390015
313.730011,313.75,299.5,306.839996
308.130005,320.100006,306.339996,317.869995
321.570007,326.540009,321.0,322.809998
325.0,332.75,323.070007,330.559998
329.540009,336.130005,328.0,329.820007
332.559998,335.029999,326.369995,329.75
330.950012,341.089996,329.589996,334.48999
328.049988,335.700012,327.649994,333.73999
332.48999,342.109985,323.980011,341.660004
338.980011,344.459991,333.73999,334.899994
332.799988,337.109985,330.75,333.790009
329.779999,329.899994,322.529999,325.450012
326.410004,336.0,323.75,334.200012
333.799988,334.51001,328.26001,330.450012
330.100006,336.670013,328.359985,335.23999
338.850006,347.869995,338.01001,346.179993
346.630005,352.709991,345.200012,346.220001
346.910004,349.690002,341.640015,342.940002
344.0,347.230011,343.220001,344.359985
343.019989,343.440002,336.269989,336.350006
338.299988,341.079987,337.190002,338.540009
339.950012,343.089996,331.869995,336.529999
333.019989,335.76001,323.839996,324.170013
322.820007,339.170013,322.720001,332.459991
332.73999,337.0,328.880005,331.790009
325.309998,328.339996,315.429993,328.070007
326.779999,334.630005,325.279999,334.369995
335.179993,336.369995,330.029999,333.26001
334.980011,335.630005,325.76001,326.480011
321.790009,332.730011,321.209991,331.899994
323.290009,324.209991,317.640015,318.149994
319.579987,327.100006,319.329987,319.589996
323.899994,327.820007,315.980011,316.559998
314.809998,318.309998,303.040009,303.170013
297.839996,309.529999,289.01001,308.709991
299.950012,306.230011,297.579987,300.149994
307.01001,307.51001,290.850006,294.630005
297.75,301.709991,294.26001,294.640015
295.619995,301.899994,293.029999,301.709991
300.679993,313.790009,299.320007,313.26001
314.559998,319.660004,312.119995,319.0
327.820007,328.0,316.869995,323.0
244.649994,248.0,235.75,237.759995
234.970001,242.610001,230.110001,237.089996
237.699997,238.300003,224.009995,224.910004
220.850006,225.770004,216.149994,220.179993
224.199997,233.369995,222.210007,232.0
228.270004,235.0,226.699997,228.070007
228.460007,230.419998,218.770004,219.550003
219.309998,221.0,214.779999,217.699997
220.470001,221.149994,215.059998,221.0
212.410004,217.460007,212.360001,216.539993
214.020004,217.5,207.160004,207.710007
209.389999,210.75,205.179993,206.160004
202.339996,207.479996,200.059998,202.080002
204.160004,206.940002,198.050003,198.449997
191.059998,208.350006,190.220001,207.600006
204.940002,211.320007,203.179993,210.479996
207.679993,213.149994,206.830002,211.029999
209.869995,211.75,202.220001,203.490005
204.779999,209.149994,202.020004,208.110001
209.020004,209.080002,201.419998,202.970001
202.369995,205.889999,198.789993,200.059998
200.789993,200.889999,187.279999,187.470001
187.850006,196.699997,186.110001,190.289993
195.740005,199.100006,193.919998,198.5
194.839996,196.279999,191.070007,195.210007
192.639999,193.559998,186.669998,187.610001
187.029999,192.289993,185.820007,186.630005
190.800003,192.279999,185.910004,192.029999
194.699997,203.729996,194.520004,203.630005
201.699997,208.039993,201.110001,207.839996
206.699997,216.800003,206.0,216.490005
214.5,214.710007,207.630005,211.490005
211.369995,219.460007,210.179993,216.649994
213.330002,216.800003,212.160004,213.460007
215.0,220.669998,214.789993,219.570007
220.509995,225.5,218.889999,221.820007
222.130005,224.039993,219.539993,223.589996
226.070007,230.889999,225.289993,229.860001
228.910004,231.149994,226.710007,227.850006
228.449997,228.490005,222.259995,222.360001
224.550003,227.279999,222.699997,224.850006
225.979996,234.350006,225.860001,233.889999
234.080002,236.860001,231.020004,231.839996
226.910004,228.990005,221.410004,223.300003
223.929993,225.520004,218.559998,222.949997
222.380005,225.130005,220.029999,222.330002
218.419998,220.610001,215.220001,216.460007
220.240005,222.029999,213.130005,214.139999
211.820007,216.610001,211.330002,214.990005
214.889999,214.990005,210.0,210.179993
210.0,213.380005,208.300003,210.770004
210.520004,218.429993,209.0,217.309998
213.610001,214.160004,198.919998,200.419998
201.600006,202.970001,185.580002,188.070007
190.369995,192.720001,183.270004,184.110001
182.729996,187.179993,181.660004,186.990005
186.630005,187.190002,179.5,180.949997
174.429993,181.210007,169.0,174.949997
202.919998,208.529999,192.899994,205.729996
204.460007,212.479996,199.899994,200.470001
201.169998,211.880005,200.990005,211.130005
210.449997,214.899994,208.089996,212.029999
210.649994,224.300003,206.960007,223.410004
218.740005,220.169998,206.160004,208.279999
207.339996,209.380005,201.020004,203.770004
199.839996,202.570007,195.580002,196.210007
199.509995,202.960007,194.190002,197.649994
196.330002,200.669998,188.270004,188.740005
187.059998,198.050003,184.779999,191.240005
192.580002,199.889999,191.279999,198.619995
197.050003,205.369995,195.929993,200.039993
202.119995,205.460007,198.360001,202.619995
200.0,201.0,191.630005,192.240005
191.199997,195.289993,189.600006,191.289993
194.970001,197.910004,187.869995,193.539993
195.190002,196.990005,191.240005,196.229996
180.550003,183.679993,176.110001,181.279999
180.399994,185.449997,179.320007,183.830002
182.880005,192.830002,182.259995,191.630005
191.360001,195.330002,189.800003,195.130005
194.889999,197.600006,192.009995,193.639999
196.509995,199.529999,185.0,188.639999
188.449997,200.940002,187.729996,198.860001
195.979996,196.610001,189.779999,190.779999
193.990005,196.919998,188.399994,194.25
191.929993,196.529999,191.490005,195.649994
194.669998,202.029999,194.410004,196.639999
194.279999,199.449997,183.679993,184.0
183.039993,183.100006,175.020004,175.570007
170.589996,172.580002,164.029999,164.259995
166.029999,166.75,161.360001,163.729996
167.199997,172.160004,163.979996,169.350006
163.720001,165.080002,159.610001,160.869995
161.679993,165.899994,159.899994,163.740005
165.929993,167.759995,155.970001,157.050003
158.380005,160.789993,155.440002,155.850006
156.270004,159.75,154.25,158.75
161.729996,170.25,161.300003,170.160004
171.320007,171.75,168.009995,169.490005
169.899994,171.300003,160.610001,160.679993
163.570007,166.330002,160.320007,163.940002
162.149994,165.229996,158.490005,161.25
160.309998,160.619995,155.0,160.029999
158.139999,168.25,157.020004,168.190002
168.199997,171.589996,165.460007,169.770004
169.449997,172.720001,167.779999,172.190002
169.979996,172.399994,168.149994,170.880005
167.070007,167.490005,161.910004,162.880005
164.800003,165.910004,162.100006,163.270004
160.160004,164.979996,159.610001,163.490005
161.220001,162.589996,157.279999,158.050003
160.539993,164.979996,159.820007,164.699997
166.75,171.690002,165.639999,167.229996
170.369995,176.490005,169.509995,175.779999
177.490005,183.600006,176.699997,183.089996
180.630005,183.850006,178.869995,183.169998
173.070007,175.600006,168.410004,169.270004
169.0,170.570007,164.809998,166.649994
165.940002,166.0,157.949997,159.149994
162.589996,170.869995,162.020004,169.580002
161.059998,161.509995,154.850006,160.720001
157.690002,160.139999,155.169998,159.100006
157.25,165.190002,155.229996,159.929993
158.309998,162.240005,158.009995,160.190002
162.690002,169.539993,161.570007,168.800003
168.300003,172.149994,166.800003,170.570007
166.990005,171.610001,165.800003,167.110001
168.0,177.509995,167.130005,170.25
168.949997,169.529999,166.600006,168.529999
175.990005,180.479996,173.949997,178.339996
179.710007,183.100006,176.369995,177.490005
180.809998,181.460007,178.910004,180.5
178.960007,181.440002,178.199997,180.889999
179.440002,180.990005,177.039993,179.470001
176.759995,178.139999,174.169998,174.850006
174.339996,175.759995,171.860001,174.660004
170.199997,172.320007,167.050003,167.960007
165.490005,165.490005,162.259995,163.050003
162.479996,165.050003,160.699997,161.110001
160.600006,165.460007,159.770004,163.259995
165.179993,168.880005,164.020004,168.779999
168.479996,170.919998,161.669998,161.779999
160.660004,163.050003,159.009995,159.169998
160.350006,161.660004,155.910004,157.160004
167.070007,167.839996,162.139999,162.929993
163.580002,167.360001,160.350006,165.360001
167.449997,167.929993,159.220001,160.320007
160.100006,161.690002,157.690002,158.539993
157.759995,160.960007,156.809998,160.389999
158.710007,162.229996,157.740005,162.059998
163.25,169.539993,163.020004,169.149994
167.389999,171.389999,167.279999,168.960007
161.539993,161.630005,152.669998,153.130005
153.330002,153.539993,149.050003,151.470001
149.800003,154.199997,148.699997,149.550003
148.050003,148.580002,144.289993,146.289993
145.240005,148.580002,145.100006,148.020004
145.779999,148.839996,145.220001,146.089996
146.389999,149.600006,142.0,142.119995
141.550003,144.580002,140.869995,142.820007
141.419998,142.619995,138.889999,140.410004
140.119995,142.240005,136.190002,136.369995
137.919998,139.419998,134.119995,134.399994
134.619995,142.029999,134.270004,141.610001
139.360001,139.839996,135.199997,136.410004
136.050003,140.990005,135.5,135.679993
137.139999,139.619995,136.100006,138.610001
140.490005,142.389999,139.339996,140.279999
138.240005,140.210007,134.779999,138.979996
137.720001,141.449997,136.600006,139.070007
136.759995,138.289993,132.440002,133.449997
133.550003,136.110001,131.869995,133.789993
131.619995,132.660004,126.989998,128.539993
128.320007,129.669998,126.25,127.5
123.529999,131.139999,122.529999,130.289993
131.0,131.789993,126.519997,126.760002
130.300003,134.789993,130.179993,134.039993
137.089996,137.839996,131.399994,132.800003
132.889999,137.0,132.220001,133.229996
132.929993,136.770004,131.309998,131.529999
126.309998,130.119995,125.440002,130.009995
127.25,133.479996,124.57,129.720001
130.880005,138.350006,130.589996,137.509995
131.679993,135.550003,128.529999,129.820007
97.980003,102.5,96.379997,97.940002
99.580002,100.849998,97.510002,99.199997
98.220001,99.32,92.599998,93.160004
94.330002,97.489998,93.550003,95.199997
94.209999,95.199997,90.480003,90.540001
90.080002,90.459999,88.410004,88.910004
90.349998,91.389999,88.089996,90.790001
94.779999,96.879997,93.099998,96.720001
95.919998,97.800003,94.790001,96.470001
101.720001,104.900002,100.739998,101.470001
107.120003,112.75,104.610001,111.870003
109.230003,114.900002,108.809998,113.019997
110.989998,116.269997,110.800003,114.220001
116.07,118.739998,114.410004,117.080002
114.5,116.080002,112.660004,113.230003
110.410004,112.330002,109.800003,111.449997
113.800003,114.32,110.620003,112.050003
111.519997,112.370003,109.190002,109.860001
109.860001,111.620003,108.32,111.440002
111.720001,112.669998,110.730003,112.239998
111.300003,112.730003,111.019997,111.410004
110.779999,112.040001,108.379997,108.779999
109.540001,110.940002,108.540001,109.459999
109.510002,118.160004,109.379997,118.099998
119.199997,121.199997,118.400002,120.440002
117.830002,124.040001,117.610001,123.489998
121.75,124.669998,121.349998,122.43
119.910004,120.550003,113.739998,114.120003
113.760002,115.879997,112.879997,113.93
116.389999,117.339996,114.589996,115.330002
115.300003,117.540001,113.870003,115.900002
115.18,115.720001,113.139999,114.709999
122.129997,123.300003,118.639999,120.150002
119.389999,124.139999,119.389999,121.589996
118.330002,118.629997,114.010002,116.150002
120.230003,123.309998,118.82,119.43
116.830002,117.800003,114.330002,114.480003
113.260002,117.330002,112.459999,117.089996
116.699997,120.339996,115.620003,119.760002
117.199997,118.620003,114.379997,117.120003
116.029999,118.18,115.540001,118.040001
117.93,118.599998,116.050003,116.879997
116.25,118.150002,115.510002,115.620003
116.400002,121.029999,115.769997,120.260002
118.160004,120.419998,117.739998,120.339996
122.82,126.370003,122.279999,124.739998
127.379997,129.050003,125.849998,127.370003
126.129997,128.520004,124.540001,126.940002
128.970001,130.330002,126.040001,130.020004
131.160004,132.949997,129.279999,129.470001
127.269997,133.440002,127.150002,132.990005
130.960007,133.850006,130.339996,132.889999
133.440002,137.679993,131.759995,136.710007
134.970001,137.389999,134.839996,136.979996
136.179993,136.75,134.25,135.360001
135.809998,137.25,132.800003,133.020004
132.490005,137.449997,132.139999,136.149994
135.889999,139.940002,134.610001,139.369995
139.289993,143.759995,138.660004,143.270004
141.690002,145.0,141.360001,143.139999
141.220001,143.169998,140.309998,141.5
144.399994,147.509995,143.300003,147.300003
148.240005,153.190002,147.389999,151.740005
149.410004,151.119995,146.949997,147.059998
147.949997,149.880005,147.520004,148.970001
148.029999,153.580002,147.059998,153.119995
183.380005,197.160004,180.160004,188.770004
183.470001,196.770004,182.889999,186.529999
186.529999,190.699997,185.520004,186.059998
185.580002,193.779999,184.399994,191.619995
190.0,190.830002,182.919998,183.429993
186.130005,186.649994,177.270004,177.919998
176.350006,178.889999,173.350006,174.149994
178.220001,181.0,175.820007,179.429993
177.160004,181.509995,175.880005,179.479996
176.419998,178.190002,175.330002,177.160004
172.75,175.850006,171.789993,172.440002
170.220001,173.179993,169.699997,172.880005
174.309998,178.169998,171.880005,172.080002
171.070007,172.759995,169.690002,171.119995
172.0,173.690002,169.380005,172.039993
168.639999,170.720001,167.660004,170.389999
171.880005,173.119995,169.059998,169.539993
171.899994,177.550003,171.869995,174.940002
174.589996,177.850006,173.050003,173.419998
172.380005,175.009995,171.429993,174.529999
178.919998,186.619995,177.050003,185.25
188.0,189.660004,184.639999,184.899994
189.0,190.360001,184.009995,184.509995
182.869995,185.259995,181.339996,184.970001
186.350006,188.929993,180.300003,181.690002
181.009995,184.770004,178.800003,179.509995
177.960007,183.779999,174.820007,180.899994
187.580002,194.320007,186.559998,194.020004
192.949997,197.779999,190.839996,197.75
198.259995,205.759995,196.089996,204.929993
200.559998,201.899994,195.429993,195.610001
198.479996,199.360001,193.639999,197.809998
203.199997,203.550003,197.949997,202.160004
202.5,207.369995,199.669998,199.809998
202.839996,207.880005,202.149994,204.279999
205.179993,207.580002,203.550003,206.009995
204.809998,205.860001,201.360001,202.839996
200.149994,201.029999,197.899994,200.679993
203.559998,205.720001,202.539993,205.350006
203.380005,208.089996,202.820007,207.839996
207.240005,212.169998,206.770004,211.940002
208.839996,213.490005,208.199997,213.070007
213.389999,216.240005,212.539993,214.720001
214.149994,215.190002,209.940002,211.479996
209.25,216.940002,208.649994,216.100006
214.710007,215.660004,210.660004,214.75
215.479996,216.020004,213.410004,213.850006
214.839996,216.839996,212.580002,214.0
215.729996,221.149994,215.690002,220.350006
217.880005,222.110001,217.550003,221.490005
219.789993,220.979996,217.130005,218.860001
219.910004,220.440002,216.210007,217.889999
213.470001,217.330002,212.929993,215.699997
213.479996,216.75,212.770004,213.070007
210.210007,213.410004,209.580002,212.889999
213.679993,213.919998,210.710007,212.789993
210.820007,211.259995,207.130005,207.550003
212.5,214.110001,208.880005,209.399994
239.889999,241.690002,236.770004,238.559998
239.009995,240.429993,235.75,240.320007
238.619995,244.0,236.460007,243.179993
243.179993,244.919998,238.990005,239.240005
239.470001,241.75,232.75,237.029999
236.059998,238.199997,232.929993,233.520004
232.240005,234.679993,229.850006,232.779999
231.419998,235.619995,230.270004,233.270004
231.460007,235.880005,231.080002,233.369995
236.169998,236.75,230.720001,233.080002
233.050003,238.210007,232.300003,235.789993
236.740005,236.960007,231.449997,233.809998
236.919998,240.259995,235.330002,238.860001
235.789993,239.639999,235.520004,238.820007
238.449997,243.839996,238.139999,242.490005
241.300003,247.089996,241.190002,246.850006
247.470001,248.690002,243.410004,245.639999
245.410004,253.570007,245.119995,248.320007
246.809998,251.610001,246.649994,246.740005
245.279999,249.589996,244.949997,249.210007
253.399994,255.619995,249.169998,252.690002
252.929993,262.309998,252.710007,262.040009
265.25,268.649994,261.290009,262.519989
260.0,265.0,258.450012,264.720001
265.899994,274.0,265.890015,272.609985
272.660004,275.350006,271.119995,272.609985
270.299988,275.570007,269.559998,271.390015
270.140015,276.570007,269.690002,271.119995
271.670013,274.25,262.799988,263.600006
260.619995,267.649994,258.880005,264.579987
262.480011,267.950012,261.700012,264.950012
267.170013,271.75,265.329987,271.049988
274.880005,275.720001,269.089996,271.320007
271.890015,274.98999,268.320007,273.350006
272.299988,283.98999,271.420013,281.829987
284.75,287.850006,280.130005,281.0
278.730011,284.799988,276.220001,284.329987
283.529999,284.0,278.359985,281.640015
279.079987,285.26001,277.790009,284.880005
281.51001,289.670013,278.950012,288.730011
288.700012,289.790009,277.600006,278.470001
282.01001,289.350006,280.649994,287.049988
284.820007,289.549988,284.059998,285.290009
284.5,286.570007,280.690002,281.529999
284.76001,289.049988,284.420013,286.980011
286.700012,289.399994,284.850006,286.019989
287.649994,298.119995,286.359985,294.369995
295.890015,298.119995,291.309998,291.98999
292.179993,296.200012,288.660004,290.529999
295.549988,298.130005,287.049988,294.100006
293.899994,300.179993,291.899994,298.290009
301.75,309.450012,300.100006,309.339996
313.619995,316.23999,310.290009,313.410004
311.790009,314.880005,307.359985,308.869995
307.540009,311.709991,304.709991,310.619995
310.880005,314.200012,307.619995,312.049988
313.029999,318.679993,310.519989,316.01001
313.5,315.540009,302.220001,302.519989
304.570007,305.459991,291.200012,294.26001
295.779999,297.519989,288.299988,291.609985
295.190002,298.299988,291.859985,294.470001
301.190002,301.769989,291.899994,298.570007
325.119995,325.350006,309.839996,311.709991
316.880005,326.200012,314.25,325.480011
323.690002,325.660004,317.589996,318.600006
317.540009,324.140015,314.660004,322.709991
318.0,318.390015,310.649994,314.309998
309.929993,315.950012,309.929993,313.190002
314.959991,318.410004,310.200012,310.730011
313.230011,317.070007,310.459991,316.559998
314.399994,317.890015,310.109985,312.640015
312.880005,313.630005,302.850006,305.209991
307.940002,312.339996,303.869995,305.73999
302.570007,304.720001,300.359985,301.640015
300.980011,306.209991,298.25,306.190002
306.140015,307.230011,300.029999,301.950012
300.200012,301.079987,294.279999,294.290009
293.049988,296.049988,284.950012,285.089996
279.029999,285.690002,274.380005,283.25
283.450012,290.5,281.850006,289.899994
292.549988,292.899994,286.75,287.600006
288.5,297.399994,287.670013,294.23999
298.5,299.459991,286.640015,286.75
286.130005,288.390015,276.029999,285.5
288.0,291.450012,285.799988,290.26001
288.579987,299.149994,288.179993,297.98999
297.170013,298.290009,293.429993,295.100006
295.799988,301.100006,295.660004,295.890015
299.369995,301.73999,294.470001,296.380005
297.019989,301.390015,295.51001,300.149994
301.709991,303.299988,295.660004,299.170013
298.0,307.049988,292.220001,298.670013
299.220001,305.25,296.779999,297.890015
301.410004,309.040009,301.279999,307.559998
306.329987,308.660004,300.230011,301.660004
302.359985,307.179993,301.320007,305.059998
306.73999,312.869995,305.029999,311.720001
311.609985,312.0,298.75,300.309998
298.190002,303.600006,297.799988,302.549988
302.480011,306.170013,299.809998,305.070007
305.049988,308.059998,299.429993,299.670013
295.700012,300.26001,293.269989,295.730011
299.299988,305.380005,298.269989,299.079987
295.640015,300.950012,293.700012,300.829987
297.660004,300.299988,296.01001,298.959991
300.450012,301.299988,286.790009,297.73999
298.940002,306.329987,296.700012,303.959991
307.380005,310.640015,299.359985,300.209991
302.73999,307.179993,301.630005,306.820007
304.26001,306.769989,299.640015,300.940002
298.730011,306.899994,298.5,305.579987
304.630005,306.209991,299.5,304.790009
301.440002,316.309998,300.910004,315.429993
312.5,320.329987,311.820007,318.359985
319.119995,324.660004,318.160004,321.839996
323.01001,328.839996,322.950012,327.820007
328.0,330.540009,322.690002,324.160004
323.529999,325.049988,312.369995,314.690002
318.640015,321.820007,315.519989,321.149994
318.179993,324.399994,317.299988,324.0
321.390015,325.940002,315.559998,316.970001
319.880005,321.890015,311.75,312.809998
314.140015,315.299988,306.470001,308.649994
309.5,317.359985,307.26001,314.01001
316.779999,318.350006,310.630005,312.549988
310.0,310.880005,298.839996,299.529999
295.0,295.0,279.399994,288.350006
294.480011,299.309998,292.970001,296.730011
299.089996,309.399994,299.049988,302.660004
303.309998,303.679993,296.859985,301.269989
301.850006,312.73999,301.850006,311.850006
317.299988,318.820007,308.329987,310.869995
312.549988,315.549988,311.019989,314.600006
315.980011,318.329987,314.450012,315.799988
317.059998,321.0,315.119995,318.820007
318.140015,321.329987,314.880005,319.779999
319.420013,324.179993,318.799988,320.549988
319.940002,329.100006,319.459991,328.769989
326.200012,332.329987,325.700012,329.190002
334.540009,338.100006,333.329987,336.309998
337.929993,338.399994,330.019989,332.709991
329.369995,334.579987,326.380005,334.190002
330.26001,335.5,329.350006,335.040009
334.890015,341.869995,334.190002,339.970001
338.329987,339.899994,335.899994,336.980011
339.209991,342.920013,338.579987,341.48999
340.130005,341.859985,336.769989,338.230011
336.179993,339.899994,334.200012,334.700012
333.399994,339.380005,333.399994,338.98999
339.690002,339.899994,330.779999,332.200012
331.890015,333.5,322.399994,327.149994
325.480011,326.859985,320.76001,324.820007
317.290009,320.859985,313.660004,320.019989
318.980011,321.880005,315.390015,318.290009
321.929993,322.25,317.040009,317.450012
317.769989,328.23999,317.769989,326.589996
323.089996,333.170013,323.0,332.75
329.399994,329.890015,320.0,325.279999
324.600006,334.470001,324.559998,334.220001
333.929993,338.369995,332.640015,334.73999
333.850006,334.700012,328.640015,333.170013
331.98999,338.660004,331.220001,334.920013
337.480011,347.559998,337.019989,344.619995
345.579987,353.600006,345.119995,350.359985
348.649994,354.959991,347.790009,349.279999
352.980011,356.410004,349.209991,354.089996
355.579987,357.200012,351.220001,353.390015
354.98999,356.980011,353.450012,354.829987
356.070007,359.0,355.309998,357.829987
359.700012,361.899994,357.809998,358.320007
358.98999,360.0,351.820007,353.959991
351.320007,353.160004,340.01001,346.290009
344.980011,347.950012,343.179993,344.470001
344.5,348.149994,343.399994,347.119995
346.98999,353.5,346.26001,351.950012
354.700012,358.980011,352.049988,358.660004
356.399994,360.640015,355.359985,357.429993
360.170013,372.940002,359.079987,370.470001
372.130005,372.779999,362.929993,369.670013
370.160004,377.059998,369.540009,374.48999
373.649994,375.609985,367.230011,367.459991
366.299988,368.540009,358.609985,368.369995
371.48999,376.850006,370.950012,376.130005
379.0,384.359985,377.970001,383.450012
387.950012,390.350006,381.160004,381.779999
384.619995,388.380005,382.079987,385.200012
390.0,396.149994,387.809998,390.700012
390.170013,395.48999,385.660004,393.179993
394.350006,396.790009,391.589996,394.140015
394.98999,402.929993,393.100006,401.019989
403.589996,406.359985,399.570007,400.059998
389.0,398.0,387.100006,390.140015
393.940002,400.5,393.049988,394.779999
459.600006,485.959991,453.01001,474.98999
469.880005,471.899994,459.220001,459.410004
464.0,467.119995,453.0,454.720001
458.0,471.519989,456.179993,469.589996
468.320007,470.589996,465.029999,470.0
472.950012,473.589996,467.470001,468.109985
468.190002,479.149994,466.579987,468.899994
456.869995,467.890015,455.089996,460.119995
467.929993,474.109985,466.089996,473.279999
475.279999,488.619995,472.220001,484.029999
478.109985,478.959991,469.209991,473.320007
469.720001,476.179993,466.559998,471.75
466.5,469.0,461.790009,468.029999
480.23999,489.98999,476.059998,486.130005
488.049988,494.359985,482.350006,484.029999
483.470001,486.140015,480.600006,481.73999
479.980011,487.269989,479.920013,487.049988
485.0,491.049988,482.75,484.019989
488.440002,491.700012,482.609985,490.130005
492.109985,504.25,491.850006,502.299988
503.0,504.420013,496.420013,498.190002
495.0,495.579987,487.890015,490.220001
497.630005,502.970001,494.290009,496.089996
503.279999,519.849976,501.380005,512.190002
514.190002,523.570007,499.350006,505.950012
497.01001,497.320007,476.0,483.589996
493.26001,502.309998,484.730011,499.75
495.390015,500.980011,491.029999,495.570007
500.26001,501.350006,488.160004,491.829987
489.01001,491.829987,481.299988,484.100006
491.910004,497.420013,486.809998,496.980011
488.170013,496.630005,481.279999,496.23999
499.5,508.200012,495.170013,505.519989
514.710022,515.039978,506.01001,507.76001
507.0,509.970001,504.339996,509.579987
505.790009,507.220001,500.23999,503.019989
505.130005,510.0,495.209991,495.890015
499.299988,499.890015,488.070007,493.859985
492.839996,492.890015,485.149994,485.579987
487.200012,497.429993,481.779999,491.350006
485.100006,497.529999,484.649994,497.369995
498.929993,507.23999,498.75,506.73999
516.419983,530.0,510.579987,510.920013
516.859985,530.700012,514.409973,527.340027
529.280029,531.48999,518.890015,519.25
522.22998,525.869995,506.73999,516.900024
509.290009,522.559998,505.799988,519.830017
521.109985,523.859985,517.289978,523.159973
517.75,520.190002,509.329987,511.899994
516.719971,518.530029,497.279999,500.230011
498.109985,504.769989,497.109985,499.76001
503.100006,503.160004,487.140015,494.170013
499.820007,512.210022,499.040009,501.799988
502.799988,502.799988,475.730011,481.070007
489.720001,492.01001,473.399994,481.730011
491.25,498.76001,488.970001,496.100006
508.059998,510.0,484.579987,493.5
421.399994,445.769989,414.5,441.380005
441.459991,446.440002,431.959991,443.290009
439.559998,439.76001,428.559998,432.619995
431.049988,439.619995,429.720001,430.170013
428.600006,449.959991,427.109985,439.190002
438.839996,443.959991,432.279999,441.679993
445.929993,454.170013,443.850006,451.959991
455.579987,466.160004,453.339996,465.679993
466.290009,471.529999,461.309998,468.23999
463.5,475.579987,463.0,472.600006
470.0,476.079987,467.630005,475.420013
477.089996,477.5,469.600006,476.200012
472.75,473.350006,462.850006,468.01001
463.369995,472.540009,460.079987,471.850006
474.980011,482.5,471.200012,481.540009
475.0,477.690002,472.75,473.230011
470.829987,472.799988,468.420013,471.910004
469.950012,473.200012,467.040009,468.839996
467.119995,470.700012,462.269989,464.630005
467.869995,473.720001,465.649994,467.779999
472.880005,474.359985,461.540009,465.779999
467.619995,479.850006,466.299988,478.220001
476.579987,480.859985,474.839996,479.920013
474.660004,479.850006,473.700012,474.359985
471.670013,471.730011,464.709991,467.049988
465.799988,469.119995,454.459991,466.829987
470.859985,479.600006,468.23999,477.48999
477.0,478.890015,473.230011,476.98999
484.450012,496.649994,483.910004,495.059998
492.980011,502.820007,490.890015,493.76001
495.910004,498.910004,490.170013,492.959991
493.859985,502.660004,493.410004,502.600006
500.160004,507.600006,498.269989,507.470001
513.98999,514.01001,504.470001,508.839996
505.709991,509.359985,501.359985,504.100006
502.649994,507.149994,500.75,504.160004
501.670013,510.75,496.01001,506.630005
504.559998,506.0,495.019989,499.48999
502.0,503.670013,496.769989,501.700012
503.450012,503.450012,492.390015,494.779999
499.200012,507.799988,494.290009,498.910004
497.049988,510.709991,495.5,510.600006
506.649994,513.809998,504.679993,513.119995
514.25,522.880005,513.900024,519.559998
517.150024,521.880005,503.839996,504.220001
504.950012,506.579987,493.170013,504.679993
500.76001,510.5,499.450012,509.5
506.369995,511.279999,506.019989,509.959991
511.600006,540.869995,511.600006,539.909973
542.349976,542.809998,526.650024,529.320007
533.75,537.47998,528.190002,530.0
530.789978,538.880005,528.359985,534.690002
530.890015,535.460022,508.369995,512.700012
497.76001,508.089996,494.230011,498.869995
498.630005,506.679993,493.369995,496.160004
501.5,503.950012,485.790009,489.790009
479.170013,479.170013,459.119995,461.98999
475.0,479.23999,464.540009,475.850006
476.059998,486.709991,475.709991,476.790009
486.579987,492.059998,483.899994,487.399994
489.839996,495.220001,487.720001,488.690002
472.309998,476.299988,460.579987,461.269989
463.26001,463.549988,442.649994,453.410004
464.200012,469.769989,459.420013,465.700012
469.880005,473.959991,465.019989,465.709991
467.0,472.730011,456.700012,463.190002
471.019989,476.5,466.75,474.829987
521.0,527.169983,492.100006,497.73999
489.0,501.149994,476.149994,488.140015
451.350006,483.480011,450.799988,475.730011
479.0,502.559998,478.649994,494.089996
503.130005,510.149994,486.859985,488.920013
497.5,509.959991,494.720001,509.630005
507.709991,518.340027,505.700012,517.77002
516.859985,518.02002,509.100006,515.950012
520.01001,531.5,518.150024,528.539978
528.059998,534.0,523.130005,526.76001
531.789978,539.77002,526.700012,537.330017
531.900024,533.659973,524.659973,527.419983
526.869995,531.659973,522.76001,529.280029
528.349976,531.090027,525.880005,526.72998
527.150024,539.400024,526.929993,535.159973
537.0,544.22998,528.590027,531.929993
536.919983,539.869995,525.059998,528.0
527.599976,528.0,514.950012,521.119995
518.97998,524.01001,515.309998,519.099976
517.669983,521.090027,512.450012,516.780029
519.049988,527.200012,515.679993,518.219971
521.349976,523.539978,515.200012,521.309998
519.640015,525.48999,508.619995,511.76001
506.070007,516.590027,504.070007,512.73999
511.720001,521.630005,511.149994,516.859985
521.880005,524.580017,498.25,500.269989
506.160004,511.329987,502.079987,504.790009
508.160004,514.179993,500.029999,504.790009
507.01001,513.119995,495.600006,511.829987
517.049988,526.710022,515.219971,525.599976
520.340027,527.580017,517.109985,524.619995
524.539978,534.099976,517.400024,533.280029
537.599976,542.099976,530.570007,536.320007
537.070007,544.200012,533.900024,537.950012
550.0,562.070007,546.52002,559.099976
560.0,564.5,556.299988,561.349976
569.5,573.97998,562.409973,564.409973
566.679993,567.75,554.190002,563.330017
564.049988,576.880005,563.719971,568.309998
575.72998,577.400024,562.349976,567.840027
570.099976,570.840027,564.51001,567.359985
567.700012,574.679993,564.799988,572.440002
577.97998,583.039978,570.099976,576.469971
574.859985,576.0,569.340027,572.809998
570.150024,583.359985,568.72998,582.77002
583.72998,596.849976,581.429993,595.940002
598.219971,602.950012,584.039978,584.780029
589.690002,593.559998,585.969971,592.890015
593.98999,594.390015,581.609985,590.51001
587.570007,590.22998,582.52002,583.830017
584.830017,591.210022,582.710022,589.950012
594.219971,600.099976,589.960022,590.419983
590.159973,590.609985,580.140015,586.27002
581.400024,582.080017,574.030029,576.789978
583.330017,584.969971,575.200012,576.929993
581.099976,583.969971,575.25,576.469971
576.030029,577.23999,569.109985,575.159973
574.289978,583.530029,572.119995,582.01001
579.969971,585.0,562.5,563.690002
567.130005,568.880005,561.52002,567.780029
573.929993,581.289978,571.719971,573.25
582.0,583.75,574.119995,578.159973
580.150024,593.669983,575.400024,593.280029
600.97998,601.200012,589.380005,591.799988
585.0,589.900024,563.01001,567.580017
567.609985,573.669983,562.559998,567.159973
564.099976,568.690002,557.890015,560.679993
567.299988,573.47998,566.669983,572.429993
562.75,573.0,555.169983,572.049988
576.890015,594.799988,575.210022,591.700012
591.539978,593.099976,584.52002,589.340027
586.359985,587.0,576.51001,583.169983
588.539978,599.659973,580.380005,584.820007
582.609985,585.640015,575.169983,580.0
577.0,580.76001,573.01001,577.159973
571.219971,572.570007,551.5,554.080017
557.039978,559.900024,550.090027,554.400024
551.859985,561.429993,550.599976,561.090027
562.929993,566.349976,554.200012,565.52002
569.52002,570.0,549.049988,563.090027
563.549988,563.830017,554.590027,559.140015
562.099976,572.590027,556.390015,565.109985
566.0,577.5,565.200012,573.539978
574.890015,574.97998,564.099976,569.200012
569.0,578.460022,566.900024,574.320007
577.5,594.5,575.570007,592.830017
595.0,614.200012,591.25,613.650024
612.960022,617.780029,605.099976,613.780029
617.080017,619.900024,607.049988,608.929993
610.099976,629.789978,608.530029,623.77002
623.919983,626.400024,606.169983,613.570007
617.559998,625.590027,612.73999,619.320007
623.369995,638.400024,621.530029,632.679993
631.5,636.659973,627.210022,630.789978
627.219971,631.080017,616.890015,620.349976
629.97998,631.150024,618.580017,624.23999
626.169983,632.369995,616.539978,619.440002
621.0,627.359985,596.320007,597.190002
610.390015,611.52002,595.0,595.570007
590.580017,603.109985,580.0,585.25
589.599976,601.090027,586.25,599.849976
602.719971,607.98999,599.280029,607.75
605.47998,606.299988,598.940002,603.349976
599.409973,601.849976,589.799988,599.809998
588.75,596.940002,585.580017,591.23999
592.27002,593.969971,583.849976,585.51001
589.719971,604.909973,587.820007,599.23999
604.76001,609.5,596.409973,604.630005
611.830017,630.98999,605.619995,630.200012
631.700012,632.099976,608.22998,617.890015
613.400024,616.440002,602.789978,610.719971
610.030029,629.909973,597.340027,615.859985
607.099976,608.969971,598.450012,608.330017
605.070007,605.48999,588.549988,594.25
610.210022,622.460022,606.5,617.119995
611.5,616.25,609.710022,611.299988
624.049988,624.969971,603.669983,612.77002
617.830017,621.5,609.01001,616.460022
623.299988,633.700012,619.429993,623.5
627.359985,636.599976,621.150024,636.450012
636.400024,652.0,634.200012,647.48999
626.609985,663.869995,625.099976,659.880005
666.0,682.580017,659.469971,674.330017
675.0,681.049988,665.669983,676.48999
696.820007,710.789978,676.099976,687.0
691.0,705.299988,685.580017,689.179993
675.909973,704.0,675.25,697.460022
702.5,707.710022,691.609985,704.190002
703.549988,718.140015,699.01001,704.869995
705.880005,718.900024,703.5,711.98999
716.799988,725.01001,711.75,714.52002
718.559998,721.200012,711.330017,717.400024
713.320007,723.659973,710.039978,719.799988
715.299988,727.099976,712.599976,725.380005
721.52002,729.0,718.039978,728.559998
726.140015,740.909973,725.619995,736.669983
736.0,737.0,706.440002,716.369995
704.099976,707.0,695.390015,703.77002
697.280029,705.630005,693.640015,694.840027
696.580017,703.869995,682.359985,683.549988
686.280029,687.27002,662.450012,668.130005
665.969971,668.0,641.859985,657.5
659.650024,683.01001,658.0,673.700012
682.450012,688.650024,657.570007,658.23999
658.039978,669.630005,642.599976,668.200012
673.679993,681.25,650.840027,655.049988
645.51001,649.75,623.650024,640.0
641.0,659.5,637.659973,656.469971
648.0,650.559998,624.109985,627.929993
625.369995,634.789978,600.609985,625.659973
608.070007,610.109985,586.869995,597.98999
595.049988,614.929993,593.330017,605.710022
629.900024,633.330017,609.349976,619.559998
620.25,620.5,586.51001,590.640015
602.799988,608.859985,594.780029,607.599976
607.460022,613.099976,598.0,604.900024
600.049988,600.25,574.659973,582.359985
584.280029,592.320007,574.77002,584.059998
582.76001,610.200012,579.51001,586.0
583.419983,597.539978,580.950012,596.25
614.969971,622.539978,612.200012,618.849976
626.76001,633.880005,621.179993,626.309998
624.890015,626.75,606.609985,610.97998
602.0,614.25,600.099976,602.580017
600.309998,601.75,573.919983,576.73999
563.5,578.700012,553.299988,576.359985
570.840027,589.909973,570.0,586.0
574.909973,592.659973,573.359985,583.929993
546.219971,552.559998,530.299988,531.619995
506.619995,518.0,494.200012,504.730011
485.100006,539.369995,481.899994,516.25
543.25,547.429993,502.859985,510.450012
509.269989,587.890015,502.109985,585.77002
575.48999,581.299988,535.299988,546.289978
535.51001,547.400024,528.590027,543.570007
556.169983,557.77002,528.280029,531.47998
532.109985,537.940002,517.5,521.52002
508.51001,513.369995,495.630005,502.309998
505.25,507.299988,498.01001,501.480011
491.329987,493.5,479.799988,484.660004
491.869995,506.880005,486.359985,500.279999
528.530029,535.340027,516.52002,520.27002
518.72998,533.900024,517.5,533.150024
546.799988,549.859985,536.25,547.27002
555.640015,558.48999,540.590027,549.73999
546.0,556.570007,544.119995,554.440002
538.400024,549.099976,529.5,549.0
592.080017,592.950012,570.5,572.210022
583.460022,604.340027,578.330017,597.02002
591.219971,603.210022,588.049988,599.27002
592.530029,596.030029,586.580017,587.309998
590.359985,603.080017,586.669983,596.809998
606.289978,611.299988,596.619995,598.01001
603.719971,606.969971,591.710022,592.48999
630.919983,640.390015,621.030029,639.429993
645.539978,660.919983,642.830017,656.030029
661.210022,662.669983,654.309998,659.359985
654.280029,657.309998,638.580017,643.880005
637.960022,640.440002,626.150024,640.340027
628.25,643.0,627.799988,640.429993
636.01001,639.349976,632.26001,637.099976
631.789978,646.609985,630.169983,635.5
634.049988,643.25,630.710022,636.570007
624.0,632.450012,622.650024,627.059998
635.409973,643.080017,632.75,642.320007
642.599976,650.880005,642.549988,643.580017
651.650024,653.320007,639.5,645.049988
642.5,649.409973,632.780029,647.48999
644.390015,673.26001,644.26001,670.900024
671.450012,675.580017,665.030029,666.849976
669.320007,689.0,668.570007,687.950012
691.659973,694.380005,682.25,684.619995
696.169983,702.809998,691.869995,697.710022
698.460022,705.190002,693.940002,694.059998
701.349976,703.22998,691.559998,702.400024
703.710022,708.869995,691.98999,694.140015
693.299988,695.380005,687.0,693.359985
687.950012,694.570007,681.01001,682.869995
699.330017,707.150024,693.51001,702.119995
702.0,705.969971,696.059998,697.22998
698.179993,701.590027,694.900024,695.77002
700.75,701.820007,678.669983,682.349976
683.690002,699.049988,678.75,698.530029
704.890015,713.190002,702.109985,712.200012
713.320007,716.580017,705.380005,708.679993
714.359985,728.219971,711.049988,726.090027
726.52002,735.429993,725.859985,733.630005
744.549988,747.900024,734.25,738.090027
736.880005,737.75,715.369995,719.219971
715.330017,720.299988,712.799988,713.570007
726.609985,729.030029,714.419983,719.01001
717.599976,727.0,713.51001,718.349976
721.570007,722.909973,714.809998,720.669983
722.719971,737.530029,722.719971,732.780029
731.549988,735.799988,719.599976,727.23999
722.5,725.159973,709.700012,717.51001
717.599976,728.0,716.549988,720.919983
723.900024,724.469971,709.820007,710.390015
713.369995,713.969971,699.27002,702.909973
704.390015,705.900024,697.109985,701.409973
702.190002,704.710022,691.650024,704.280029
706.799988,717.0,705.76001,712.969971
716.190002,716.599976,701.409973,704.809998
706.369995,714.630005,704.929993,713.580017
717.049988,723.619995,714.0,714.799988
716.919983,720.650024,711.900024,712.679993
715.200012,724.73999,712.679993,717.630005
720.0,724.469971,699.909973,700.0
708.090027,708.5,691.200012,695.210022
775.200012,784.75,765.51001,773.440002
760.72998,766.0,745.309998,750.01001
760.0,776.849976,758.409973,776.369995
776.450012,783.130005,763.0,763.460022
770.0,773.640015,760.460022,771.98999
773.48999,775.0,759.549988,761.830017
762.75,769.900024,758.580017,769.299988
770.080017,773.460022,764.669983,765.869995
773.0,793.669983,772.429993,790.0
791.150024,795.460022,778.22998,780.080017
777.880005,787.809998,772.51001,782.130005
784.150024,796.25,780.820007,785.22998
775.090027,775.809998,756.559998,767.369995
767.119995,767.169983,749.359985,751.47998
747.570007,750.200012,731.0,747.719971
744.710022,745.5,733.109985,739.099976
739.22998,756.900024,734.390015,754.789978
754.820007,758.880005,750.130005,753.299988
750.799988,754.869995,747.940002,754.099976
752.299988,754.150024,742.840027,747.380005
744.0,753.049988,740.799988,751.109985
745.280029,747.140015,735.349976,738.700012
726.039978,736.0,721.72998,735.109985
736.0,740.25,733.98999,737.049988
748.570007,761.159973,745.820007,748.650024
752.619995,757.950012,745.030029,752.450012
756.0,766.51001,752.02002,752.299988
757.48999,766.299988,753.429993,765.700012
765.130005,765.700012,751.0,751.97998
754.650024,757.099976,748.369995,750.900024
748.72998,757.570007,743.76001,755.590027
757.469971,774.070007,751.98999,764.700012
767.0,781.359985,765.099976,779.0
779.98999,783.289978,766.309998,775.719971
780.75,788.780029,773.359985,780.25
786.419983,790.799988,769.190002,778.380005
781.849976,785.72998,764.469971,765.159973
769.25,770.599976,751.070007,755.400024
757.5,761.109985,752.530029,760.659973
753.450012,756.77002,744.549988,748.909973
750.0,751.929993,737.349976,743.75
748.719971,750.780029,739.150024,743.400024
742.25,742.969971,726.299988,734.380005
721.48999,721.849976,710.200012,717.340027
722.580017,727.77002,718.140015,727.049988
729.630005,731.0,710.179993,710.559998
705.190002,716.880005,690.51001,715.659973
717.719971,718.5,705.75,713.080017
713.450012,719.650024,707.809998,717.840027
718.280029,733.51001,712.440002,733.51001
730.919983,735.27002,704.51001,705.299988
713.01001,719.940002,707.640015,715.700012
707.780029,715.549988,699.330017,708.650024
717.059998,723.900024,709.51001,717.549988
717.549988,725.48999,703.880005,712.070007
707.080017,718.539978,706.119995,716.919983
721.190002,733.77002,720.179993,732.169983
736.02002,738.5,728.75,733.27002
733.830017,740.599976,724.030029,733.409973
734.700012,742.409973,733.099976,734.0
736.789978,741.210022,731.150024,738.359985
749.72998,755.75,748.01001,750.820007
752.630005,758.400024,745.52002,751.440002
754.75,759.159973,742.51001,751.669983
669.150024,680.960022,650.169983,666.469971
674.51001,674.890015,645.570007,648.349976
656.0,659.330017,636.179993,637.710022
628.039978,641.73999,626.01001,627.320007
632.309998,642.22998,626.539978,635.950012
635.849976,636.0,618.0,618.940002
616.48999,622.130005,601.200012,621.710022
631.090027,635.0,618.109985,631.76001
628.0,629.559998,619.390015,627.080017
628.130005,628.98999,607.77002,609.01001
613.070007,617.650024,603.0,609.890015
601.789978,613.679993,595.200012,609.460022
609.039978,611.690002,595.400024,602.01001
591.599976,603.659973,583.780029,597.690002
593.719971,595.330017,581.25,590.320007
603.5,606.719971,583.349976,589.150024
588.5,598.119995,581.859985,594.25
598.719971,616.700012,597.630005,613.049988
624.0,637.049988,618.299988,636.219971
637.690002,638.359985,631.630005,633.609985
636.080017,648.049988,635.5,647.950012
639.549988,645.320007,637.76001,640.869995
642.340027,647.869995,638.070007,647.099976
644.409973,648.849976,637.549988,639.599976
676.0,676.099976,660.049988,661.530029
664.0,674.690002,662.390015,673.419983
669.340027,676.710022,665.070007,666.799988
663.77002,664.47998,653.340027,656.960022
649.950012,654.51001,643.400024,650.130005
643.289978,655.280029,640.799988,652.710022
649.799988,711.0,638.609985,644.22998
645.700012,653.0,638.700012,647.51001
643.5,662.539978,643.200012,657.150024
655.609985,661.22998,649.200012,649.5
657.030029,670.559998,656.460022,664.450012
666.419983,671.0,658.179993,658.77002
661.650024,673.580017,656.650024,661.5
660.049988,666.0,658.25,664.940002
662.530029,668.179993,662.200012,667.549988
668.059998,668.950012,661.320007,663.289978
658.01001,660.25,654.390015,658.690002
658.690002,672.219971,657.840027,665.950012
664.75,665.0,659.440002,660.090027
662.72998,664.390015,643.5,650.409973
651.01001,664.539978,647.75,658.789978
659.570007,665.52002,651.900024,660.619995
655.640015,659.150024,644.809998,648.690002
645.880005,647.099976,635.719971,646.059998
645.440002,654.950012,642.849976,653.059998
652.530029,653.969971,641.22998,641.969971
642.27002,642.27002,624.099976,631.090027
626.5,628.450012,614.820007,615.52002
618.47998,624.169983,614.22998,620.799988
624.179993,629.080017,620.080017,620.25
607.880005,611.400024,600.0,604.119995
606.73999,618.27002,600.080017,612.960022
629.349976,660.570007,626.549988,647.630005
644.77002,666.48999,644.450012,658.76001
665.130005,675.280029,661.289978,672.359985
674.590027,676.820007,664.659973,672.969971
674.5,677.679993,666.099976,668.72998
737.429993,744.0,712.549988,738.309998
727.5,732.169983,713.590027,716.5
714.599976,721.299988,703.52002,706.409973
707.369995,717.0,686.409973,691.700012
687.72998,688.830017,667.460022,668.98999
663.580017,681.5,653.5,670.210022
665.48999,671.98999,646.5,661.460022
663.179993,683.309998,658.780029,677.219971
677.599976,680.650024,669.789978,670.719971
674.0,679.27002,657.099976,668.690002
669.969971,676.0,645.280029,649.809998
645.099976,651.429993,634.570007,639.77002
639.5,642.599976,628.799988,639.289978
633.799988,645.0,628.150024,643.219971
638.570007,647.190002,636.719971,644.780029
639.690002,663.349976,638.780029,655.659973
652.539978,657.700012,636.0,637.25
633.080017,641.109985,628.97998,639.299988
642.530029,653.880005,642.140015,653.690002
650.549988,661.0,647.5,657.01001
643.450012,649.440002,638.119995,648.179993
637.159973,659.940002,634.5,653.559998
648.289978,659.039978,638.840027,655.080017
657.960022,672.77002,657.669983,667.72998
661.929993,670.700012,650.309998,660.570007
647.900024,649.469971,636.109985,644.859985
634.780029,647.75,626.780029,647.390015
653.559998,660.299988,649.0,654.070007
654.76001,659.119995,648.359985,654.859985
648.75,653.5,636.900024,638.179993
623.890015,629.169983,609.549988,613.710022
632.0,634.75,623.099976,627.450012
627.98999,636.549988,621.700012,622.659973
616.340027,622.650024,614.609985,615.679993
612.150024,613.0,602.26001,606.700012
603.530029,603.960022,587.25,593.659973
605.789978,608.640015,599.01001,604.059998
599.099976,601.0,591.0,592.919983
598.73999,603.669983,593.400024,594.890015
582.48999,583.0,543.349976,547.539978
540.099976,543.599976,520.26001,525.719971
536.380005,539.549988,528.539978,536.380005
549.97998,573.690002,546.77002,572.130005
580.130005,592.549988,573.820007,579.22998
566.039978,578.5,559.700012,574.460022
577.690002,582.789978,572.0,573.02002
572.47998,575.22998,564.76001,575.049988
606.0,629.950012,591.830017,612.419983
626.969971,637.5,623.0,628.390015
634.469971,638.580017,624.330017,629.859985
629.5,635.0,624.400024,634.530029
643.219971,666.26001,639.369995,662.48999
667.0,678.5,664.219971,671.580017
675.98999,677.580017,667.75,676.869995
678.599976,691.52002,675.130005,688.549988
681.359985,683.380005,668.0,670.909973
671.0,676.200012,667.330017,668.840027
674.359985,678.380005,669.75,674.719971
663.700012,669.559998,653.049988,659.150024
660.320007,680.669983,653.840027,675.030029
671.0,682.5,670.840027,678.619995
674.23999,678.179993,665.630005,671.340027
668.909973,674.25,663.809998,669.119995
619.320007,620.849976,600.0,611.909973
614.690002,618.880005,606.109985,608.75
607.940002,614.0,602.75,610.409973
613.309998,614.349976,600.359985,604.960022
601.049988,619.950012,598.099976,612.880005
614.719971,624.97998,613.539978,616.809998
615.200012,616.77002,606.059998,609.630005
604.570007,604.909973,598.080017,598.859985
594.820007,603.75,592.599976,603.0
598.830017,619.900024,596.659973,616.630005
616.0,623.72998,615.0,618.429993
613.98999,621.200012,609.309998,614.22998
609.109985,615.590027,603.690002,611.210022
608.919983,613.929993,600.549988,602.609985
600.76001,608.0,597.809998,605.059998
600.0,609.599976,594.809998,607.380005
607.880005,614.809998,606.950012,610.26001
608.890015,614.469971,605.299988,612.340027
609.400024,638.5,609.0,635.26001
639.5,643.0,629.309998,635.289978
633.5,634.5,623.349976,632.51001
630.400024,635.75,599.530029,600.469971
603.23999,608.880005,596.679993,597.630005
603.0,624.150024,600.27002,622.97998
623.669983,642.330017,622.599976,627.570007
