open,high,low,close
51.990002,52.349998,51.889999,52.130001
52.240002,52.73,52.099998,52.099998
52.02,52.439999,51.869999,52.040001
52.0,52.0,51.490002,51.619999
51.049999,52.049999,51.040001,51.48
49.580002,50.720001,49.060001,50.139999
49.900002,50.099998,49.57,49.830002
49.779999,50.119999,49.689999,49.689999
49.52,50.470001,49.509998,50.389999
50.41,50.43,49.82,50.130001
50.639999,50.830002,50.029999,50.07
50.200001,51.43,50.16,51.189999
51.080002,51.459999,50.950001,50.990002
51.279999,52.060001,51.150002,51.91
49.810001,50.939999,49.52,49.830002
49.099998,49.150002,48.040001,48.43
48.919998,49.470001,48.669998,49.439999
49.91,50.720001,49.799999,50.540001
50.720001,51.299999,50.5,51.169998
51.130001,51.720001,51.07,51.16
50.830002,51.279999,50.740002,51.169998
50.779999,51.540001,50.389999,51.380001
51.419998,51.610001,51.07,51.380001
51.73,52.360001,51.549999,52.299999
52.5,52.830002,52.470001,52.59
52.939999,53.400002,52.790001,53.209999
53.560001,53.860001,53.18,53.509998
53.84,53.990002,53.580002,53.740002
53.950001,54.0,53.209999,53.700001
53.700001,54.34,53.549999,53.959999
53.709999,53.900002,52.93,53.09
56.150002,56.84,55.529999,55.91
55.98,56.23,55.759998,55.799999
56.080002,56.630001,55.779999,56.57
56.470001,56.740002,56.259998,56.73
56.52,57.290001,56.509998,56.759998
56.610001,56.799999,56.110001,56.189999
56.0,56.369999,55.720001,56.209999
56.259998,56.759998,56.049999,56.68
56.599998,56.75,56.139999,56.580002
56.849998,56.900002,56.310001,56.580002
56.68,57.110001,56.490002,56.970001
56.799999,57.52,56.669998,57.389999
57.650002,58.209999,57.450001,57.959999
58.060001,58.09,57.779999,58.060001
58.169998,58.5,58.02,58.200001
58.16,58.32,57.82,58.02
58.029999,58.450001,58.029999,58.299999
58.029999,58.189999,57.619999,57.939999
58.009998,58.5,57.959999,58.119999
57.610001,57.619999,57.27,57.439999
57.540001,57.68,57.23,57.560001
57.419998,57.700001,57.27,57.599998
57.43,57.73,57.200001,57.619999
57.599998,57.75,57.259998,57.669998
57.900002,58.18,57.849998,57.889999
57.799999,58.040001,57.720001,57.950001
57.880001,58.290001,57.779999,58.169998
58.279999,58.700001,57.689999,58.029999
58.18,58.599998,58.099998,58.099998
57.98,58.189999,57.610001,57.889999
57.650002,57.799999,57.299999,57.459999
57.009998,57.82,57.009998,57.59
57.669998,58.189999,57.419998,57.669998
57.779999,57.799999,57.209999,57.610001
57.470001,57.84,57.41,57.66
57.630001,57.790001,57.18,57.43
56.790001,57.52,56.209999,56.209999
56.0,57.209999,55.610001,57.049999
56.5,56.650002,56.049999,56.529999
56.389999,56.630001,56.029999,56.259998
56.150002,57.349998,55.98,57.189999
57.630001,57.630001,56.75,57.25
57.27,57.75,56.849998,56.93
57.349998,57.349998,56.75,56.810001
57.509998,57.849998,57.080002,57.759998
57.919998,58.0,57.630001,57.82
57.869999,57.91,57.380001,57.43
57.080002,57.139999,56.830002,56.900002
56.93,58.060001,56.68,57.950001
57.880001,58.060001,57.669998,58.029999
57.810001,58.169998,57.209999,57.400002
57.57,57.77,57.34,57.599998
57.41,57.549999,57.060001,57.419998
57.27,57.599998,56.970001,57.240002
57.290001,57.959999,57.259998,57.639999
57.740002,57.860001,57.279999,57.740002
57.849998,57.98,57.419998,57.799999
57.91,58.389999,57.869999,58.040001
57.889999,58.02,56.889999,57.189999
57.110001,57.27,56.400002,57.110001
56.700001,57.299999,56.32,56.919998
57.119999,57.740002,57.119999,57.419998
57.360001,57.459999,56.869999,57.220001
57.529999,57.950001,57.41,57.66
57.470001,57.84,57.400002,57.529999
57.5,57.52,56.66,57.25
60.279999,60.450001,59.490002,59.66
59.939999,61.0,59.93,61.0
60.849998,61.369999,60.799999,60.990002
60.810001,61.200001,60.470001,60.630001
60.610001,60.830002,60.09,60.099998
60.009998,60.52,59.580002,59.869999
60.16,60.419998,59.919998,59.919998
59.970001,60.02,59.25,59.799999
59.82,59.93,59.299999,59.43
59.529999,59.639999,59.110001,59.209999
58.650002,59.279999,58.52,58.709999
59.779999,60.52,59.779999,60.419998
60.549999,60.779999,60.150002,60.470001
60.0,60.59,59.200001,60.169998
60.48,60.490002,57.630001,58.700001
58.23,59.119999,58.009998,59.02
59.02,59.080002,57.279999,58.119999
58.330002,59.490002,58.32,58.869999
58.939999,59.66,58.810001,59.650002
60.41,60.950001,59.970001,60.639999
60.779999,61.139999,60.299999,60.349998
60.5,60.970001,60.419998,60.860001
60.98,61.259998,60.810001,61.119999
61.009998,61.099998,60.25,60.400002
60.299999,60.529999,60.130001,60.529999
60.34,61.02,60.209999,60.610001
60.650002,61.41,60.52,61.09
60.860001,61.18,60.220001,60.259998
60.110001,60.150002,58.939999,59.200001
59.080002,59.470001,58.799999,59.25
59.700001,60.59,59.560001,60.220001
60.43,60.459999,59.799999,59.950001
60.009998,61.380001,59.799999,61.369999
61.299999,61.580002,60.84,61.009998
61.18,61.990002,61.130001,61.970001
61.82,62.299999,61.720001,62.169998
62.5,63.419998,62.240002,62.98
63.0,63.450001,62.529999,62.68
62.700001,63.150002,62.299999,62.580002
62.950001,62.950001,62.119999,62.299999
62.560001,63.77,62.419998,63.619999
63.689999,63.799999,63.029999,63.540001
63.43,63.700001,63.119999,63.540001
63.84,64.099998,63.41,63.549999
63.450001,63.540001,62.799999,63.240002
63.209999,64.07,63.209999,63.279999
63.400002,63.400002,62.830002,62.990002
62.860001,63.200001,62.73,62.900002
62.959999,62.990002,62.029999,62.139999
62.790001,62.84,62.130001,62.580002
62.48,62.75,62.119999,62.299999
62.189999,62.66,62.029999,62.299999
62.299999,63.150002,62.040001,62.84
62.759998,63.080002,62.540001,62.639999
62.73,63.07,62.279999,62.619999
62.610001,63.23,62.43,63.189999
63.060001,63.400002,61.950001,62.610001
62.619999,62.869999,62.349998,62.700001
62.68,62.700001,62.029999,62.529999
62.669998,62.700001,62.119999,62.5
62.240002,62.98,62.200001,62.299999
62.669998,62.82,62.369999,62.740002
62.700001,63.119999,62.57,62.959999
63.200001,63.740002,62.939999,63.52
63.950001,64.099998,63.450001,63.68
64.120003,64.540001,63.549999,64.269997
65.389999,65.910004,64.889999,65.779999
65.690002,65.790001,64.800003,65.129997
64.860001,65.150002,64.260002,64.650002
64.360001,64.620003,63.470001,63.580002
63.25,63.41,62.75,63.169998
63.5,63.700001,63.07,63.68
63.5,63.650002,63.139999,63.639999
63.740002,63.779999,63.23,63.43
63.57,63.810001,63.220001,63.34
63.52,64.440002,63.32,64.059998
64.25,64.300003,63.98,64.0
64.239998,64.860001,64.129997,64.720001
64.410004,64.720001,64.019997,64.57
64.5,64.57,64.160004,64.529999
64.739998,65.239998,64.440002,64.519997
64.470001,64.690002,64.300003,64.620003
64.610001,64.949997,64.449997,64.489998
64.330002,64.389999,64.050003,64.360001
64.419998,64.730003,64.190002,64.620003
64.529999,64.800003,64.139999,64.620003
64.540001,64.540001,64.050003,64.230003
64.080002,64.199997,63.759998,63.98
64.129997,64.989998,64.019997,64.940002
64.690002,64.75,63.880001,64.010002
63.990002,64.279999,63.619999,64.25
63.970001,64.559998,63.810001,64.269997
64.190002,64.779999,64.190002,64.400002
64.260002,65.080002,64.25,64.989998
65.190002,65.199997,64.480003,64.730003
65.110001,65.260002,64.75,64.93
65.010002,65.190002,64.57,64.709999
64.529999,64.550003,64.150002,64.410004
64.550003,64.919998,64.25,64.75
64.75,64.760002,64.300003,64.639999
64.910004,65.239998,64.68,64.870003
64.910004,65.18,64.720001,64.93
65.190002,65.5,64.129997,64.209999
64.120003,65.139999,64.120003,65.029999
64.940002,65.239998,64.769997,64.870003
65.360001,65.449997,64.760002,64.980003
64.629997,65.220001,64.349998,65.099998
64.959999,65.470001,64.650002,65.290001
65.120003,65.5,64.949997,65.470001
65.419998,65.980003,65.360001,65.709999
65.650002,66.190002,65.449997,65.860001
65.809998,65.940002,65.190002,65.550003
65.389999,65.809998,65.279999,65.730003
66.300003,66.349998,65.440002,65.559998
65.599998,66.059998,65.480003,65.730003
65.849998,65.959999,65.440002,65.68
65.610001,65.82,65.360001,65.529999
65.599998,65.610001,64.849998,65.480003
65.419998,65.510002,65.110001,65.230003
65.290001,65.860001,64.949997,64.949997
65.040001,65.489998,65.010002,65.480003
65.330002,65.709999,65.160004,65.389999
65.650002,65.75,64.889999,65.040001
65.459999,65.75,65.139999,65.5
65.669998,66.699997,65.449997,66.400002
67.480003,67.660004,67.099998,67.529999
67.900002,68.040001,67.599998,67.919998
68.080002,68.309998,67.620003,67.830002
68.150002,68.379997,67.580002,68.269997
68.910004,69.139999,67.690002,68.459999
68.68,69.550003,68.5,69.410004
69.709999,69.709999,69.129997,69.300003
69.379997,69.379997,68.709999,69.080002
69.029999,69.080002,68.639999,68.809998
68.900002,69.029999,68.489998,69.0
68.970001,69.050003,68.419998,68.940002
68.860001,69.279999,68.68,69.040001
68.989998,69.559998,68.919998,69.309998
68.360001,68.730003,68.120003,68.459999
68.610001,68.610001,68.040001,68.379997
68.139999,68.480003,67.57,68.43
68.230003,69.440002,68.160004,69.410004
68.889999,69.099998,67.43,67.480003
67.400002,68.129997,67.139999,67.709999
67.5,68.099998,67.43,67.690002
67.889999,68.5,67.5,68.449997
68.720001,68.75,68.379997,68.68
68.870003,68.879997,68.449997,68.769997
68.970001,69.879997,68.910004,69.620003
69.800003,70.220001,69.519997,69.959999
69.790001,70.410004,69.769997,70.410004
70.529999,70.739998,69.809998,69.839996
70.239998,70.610001,69.449997,70.099998
70.440002,71.860001,70.239998,71.760002
71.970001,72.889999,71.809998,72.279999
72.300003,72.620003,72.269997,72.519997
72.639999,72.769997,71.949997,72.389999
72.510002,72.519997,71.5,71.949997
72.040001,72.080002,68.589996,70.32
69.25,69.940002,68.129997,69.779999
70.019997,70.82,69.959999,70.650002
70.910004,71.099998,69.43,70.269997
69.269997,70.209999,68.800003,69.900002
69.730003,70.029999,69.220001,70.0
70.5,70.940002,70.349998,70.870003
70.82,70.870003,69.870003,69.910004
70.209999,70.620003,69.940002,70.269997
70.540001,70.589996,69.709999,70.260002
70.089996,71.25,69.919998,71.209999
71.400002,71.709999,70.440002,70.529999
70.110001,70.18,69.18,69.209999
69.209999,69.839996,68.790001,69.800003
69.379997,69.489998,68.089996,68.489998
68.779999,69.379997,68.739998,68.93
69.330002,69.599998,68.019997,68.169998
68.260002,69.440002,68.220001,69.080002
68.269997,68.779999,68.120003,68.57
68.699997,69.839996,68.699997,69.459999
69.459999,70.25,69.199997,69.980003
70.0,70.68,69.75,69.989998
70.690002,71.279999,70.550003,71.150002
71.5,72.040001,71.309998,71.769997
72.239998,73.269997,71.959999,72.779999
72.800003,73.449997,72.720001,73.349998
73.089996,73.389999,72.660004,73.300003
73.5,74.040001,73.449997,73.860001
74.18,74.300003,73.279999,74.220001
73.449997,74.290001,73.169998,73.790001
73.529999,73.75,73.129997,73.599998
73.800003,74.309998,73.5,74.190002
74.339996,74.379997,73.809998,74.050003
73.760002,74.419998,72.32,73.160004
72.669998,73.309998,72.540001,73.040001
73.300003,73.440002,72.410004,72.699997
73.099998,73.419998,72.489998,72.580002
72.550003,72.559998,71.440002,72.260002
72.190002,72.440002,71.849998,72.150002
72.400002,73.040001,72.239998,72.68
72.800003,72.900002,72.260002,72.400002
72.089996,73.129997,71.75,72.790001
72.25,72.510002,72.050003,72.470001
71.900002,72.190002,71.349998,71.410004
71.610001,72.699997,71.279999,72.5
73.059998,73.720001,72.949997,73.589996
73.589996,73.589996,73.040001,73.220001
73.339996,74.099998,73.169998,73.650002
73.580002,73.870003,72.400002,72.400002
72.269997,72.839996,71.93,72.489998
72.470001,72.480003,71.699997,72.150002
72.349998,73.239998,72.349998,73.160004
72.959999,73.150002,72.529999,72.720001
72.739998,72.860001,72.07,72.690002
72.860001,73.349998,72.480003,72.82
73.059998,73.089996,72.550003,72.830002
72.25,73.160004,72.050003,73.050003
73.010002,74.209999,72.830002,74.010002
74.029999,74.959999,73.800003,74.769997
74.709999,74.739998,73.639999,73.940002
73.339996,73.889999,72.980003,73.610001
73.739998,74.040001,73.349998,73.400002
73.68,74.599998,73.599998,74.339996
74.330002,74.440002,73.839996,73.980003
74.309998,74.940002,74.309998,74.760002
74.760002,75.239998,74.370003,74.68
74.93,75.230003,74.550003,75.209999
75.0,75.489998,74.519997,74.769997
74.830002,75.389999,74.07,75.309998
75.230003,75.970001,75.040001,75.160004
75.209999,75.709999,75.010002,75.440002
75.349998,75.550003,74.309998,74.940002
75.110001,75.239998,74.110001,74.209999
73.989998,74.510002,73.849998,74.410004
74.089996,74.25,72.919998,73.260002
73.669998,73.809998,72.989998,73.260002
73.550003,74.169998,73.169998,73.849998
73.540001,73.970001,73.309998,73.870003
73.940002,74.540001,73.879997,74.489998
74.709999,75.010002,74.300003,74.610001
74.669998,74.879997,74.190002,74.260002
74.089996,74.720001,73.709999,74.690002
75.220001,76.120003,74.959999,75.970001
75.669998,76.029999,75.540001,76.0
75.970001,76.550003,75.860001,76.290001
76.330002,76.629997,76.139999,76.290001
76.360001,76.459999,75.949997,76.419998
76.489998,77.290001,76.370003,77.120003
77.589996,77.870003,77.290001,77.489998
77.419998,77.809998,77.349998,77.650002
77.470001,77.620003,77.25,77.589996
77.669998,77.849998,77.370003,77.610001
77.57,77.93,77.349998,77.910004
78.32,78.970001,78.220001,78.809998
78.989998,79.339996,78.760002,78.830002
78.900002,79.199997,78.459999,78.860001
78.580002,79.099998,78.010002,78.629997
79.199997,79.419998,78.75,78.760002
84.370003,86.199997,83.610001,83.809998
83.699997,84.330002,83.110001,83.889999
84.360001,84.360001,83.110001,83.18
83.68,83.760002,82.879997,83.18
83.349998,84.459999,83.120003,84.050003
84.080002,84.540001,83.400002,84.139999
84.199997,84.699997,84.080002,84.470001
84.769997,84.900002,83.93,84.269997
84.139999,84.610001,83.830002,84.559998
84.110001,84.269997,82.900002,84.089996
83.790001,84.099998,83.230003,83.870003
83.660004,83.940002,83.459999,83.93
83.5,84.099998,82.980003,84.050003
83.470001,83.690002,82.690002,82.980003
83.099998,83.419998,82.940002,83.199997
83.120003,83.120003,82.239998,82.400002
82.400002,82.589996,82.25,82.529999
82.739998,83.839996,82.739998,83.720001
83.830002,83.900002,83.040001,83.110001
83.010002,83.43,82.779999,83.260002
83.309998,83.980003,83.300003,83.870003
84.07,85.059998,84.019997,84.879997
84.709999,84.919998,83.18,83.339996
83.510002,84.519997,83.339996,84.169998
83.599998,84.809998,83.220001,84.260002
84.419998,84.43,80.699997,81.080002
81.339996,82.68,80.980003,81.589996
81.550003,83.139999,81.43,82.779999
82.540001,82.800003,82.0,82.489998
83.629997,84.580002,83.330002,84.160004
84.290001,85.370003,84.120003,85.230003
85.309998,86.050003,85.080002,85.580002
85.739998,86.0,85.169998,85.349998
85.43,85.870003,84.529999,84.690002
85.260002,87.089996,84.879997,86.849998
87.120003,87.5,86.230003,86.379997
86.349998,86.349998,85.269997,85.830002
86.199997,86.300003,84.709999,85.519997
86.050003,86.099998,85.400002,85.5
85.400002,85.629997,84.919998,85.510002
85.309998,85.529999,85.029999,85.400002
85.650002,85.980003,85.220001,85.709999
85.900002,85.93,85.550003,85.720001
85.629997,86.050003,85.5,85.540001
86.129997,86.309998,85.5,85.949997
86.059998,86.510002,85.970001,86.349998
86.589996,87.660004,86.57,87.110001
87.660004,88.410004,87.43,88.190002
88.199997,88.580002,87.599998,88.279999
88.650002,88.730003,87.860001,88.220001
87.860001,88.190002,87.410004,87.82
88.129997,88.129997,87.239998,88.080002
88.669998,89.779999,88.449997,89.599998
90.099998,90.790001,88.010002,88.349998
89.080002,90.279999,88.75,90.139999
89.800003,90.669998,89.660004,90.099998
90.139999,90.610001,89.660004,90.0
90.0,91.620003,89.739998,91.610001
91.900002,92.300003,91.540001,91.900002
92.550003,93.43,91.580002,91.82
92.470001,93.239998,91.93,92.330002
93.120003,94.059998,92.580002,94.059998
95.139999,95.449997,93.720001,93.919998
93.300003,93.660004,92.099998,92.739998
93.75,95.400002,93.510002,95.010002
94.790001,96.07,93.580002,94.260002
93.639999,93.970001,91.5,91.779999
90.559998,93.239998,88.0,88.0
86.889999,91.480003,85.25,91.330002
90.489998,91.769997,89.199997,89.610001
89.709999,89.879997,84.760002,85.010002
86.300003,88.93,83.830002,88.18
88.739998,89.779999,87.93,89.129997
88.93,90.0,87.800003,89.830002
88.510002,90.989998,88.410004,90.809998
91.209999,92.720001,90.620003,92.660004
92.449997,93.5,91.800003,92.0
91.480003,93.059998,91.010002,92.720001
92.980003,93.360001,91.489998,91.489998
92.050003,92.730003,91.360001,91.730003
93.599998,94.07,92.360001,94.059998
94.400002,95.449997,94.25,95.419998
95.739998,95.839996,94.199997,94.199997
94.839996,95.709999,93.629997,93.769997
93.989998,94.57,91.839996,92.849998
91.580002,93.150002,90.860001,93.050003
92.339996,94.269997,92.260002,93.639999
94.339996,94.489998,92.940002,93.32
93.160004,93.940002,92.43,93.860001
94.269997,95.099998,93.769997,94.43
95.290001,96.540001,95.0,96.540001
96.5,97.209999,96.040001,96.769997
97.0,97.239998,93.970001,94.410004
95.120003,95.410004,93.5,93.849998
93.529999,94.580002,92.830002,94.18
94.68,95.379997,93.919998,94.599998
93.739998,93.900002,92.110001,92.889999
93.050003,93.769997,93.0,93.129997
92.93,94.050003,92.209999,92.480003
91.269997,91.75,89.660004,89.790001
89.5,90.459999,87.080002,87.18
90.610001,94.0,90.400002,93.779999
94.940002,95.139999,88.510002,89.470001
89.82,91.230003,88.870003,89.389999
90.18,92.290001,88.400002,91.269997
90.470001,90.879997,87.510002,88.519997
89.580002,90.050003,87.889999,89.709999
87.849998,92.760002,87.730003,92.330002
92.440002,93.07,91.400002,92.379997
91.489998,92.459999,89.480003,90.230003
91.040001,93.169998,90.620003,90.769997
92.389999,93.279999,91.639999,92.879997
92.010002,93.290001,91.480003,91.860001
92.43,94.160004,92.43,93.580002
94.050003,94.18,92.440002,93.080002
94.07,94.660004,93.419998,94.169998
95.0,96.540001,94.879997,96.07
96.220001,96.720001,95.519997,96.440002
96.440002,97.07,95.339996,96.110001
95.910004,96.110001,94.050003,95.0
95.739998,96.290001,94.629997,95.349998
96.239998,96.470001,92.410004,93.120003
93.300003,93.300003,90.279999,92.309998
93.550003,95.150002,93.099998,94.260002
97.599998,97.900002,93.910004,95.82
96.330002,96.400002,93.150002,93.519997
93.209999,95.290001,92.790001,95.0
94.989998,95.169998,93.190002,93.510002
92.959999,94.93,92.449997,94.07
93.32,95.370003,92.919998,95.160004
95.169998,96.709999,95.099998,96.220001
95.849998,96.160004,95.059998,95.809998
96.010002,96.970001,95.050003,96.940002
97.459999,97.949997,97.050003,97.910004
97.800003,97.870003,97.040001,97.699997
97.919998,98.690002,97.309998,98.029999
97.239998,97.849998,96.339996,97.32
97.360001,97.400002,96.620003,97.150002
96.760002,97.540001,95.830002,96.18
96.010002,96.93,96.010002,96.360001
97.0,98.010002,96.800003,97.599998
97.68,98.169998,97.199997,97.5
96.709999,98.730003,96.32,98.660004
98.730003,98.940002,96.809998,98.309998
98.300003,98.980003,97.860001,98.360001
97.839996,98.879997,97.230003,98.010002
98.309998,99.25,97.910004,98.949997
99.290001,99.989998,98.610001,98.839996
99.279999,100.860001,99.169998,100.790001
101.260002,101.860001,100.849998,101.669998
102.0,102.330002,101.529999,102.190002
102.480003,102.599998,101.900002,102.489998
102.650002,102.690002,100.379997,100.879997
101.089996,101.949997,100.540001,101.629997
101.010002,101.589996,100.669998,101.050003
101.099998,101.449997,100.75,101.309998
101.720001,102.010002,100.559998,100.849998
101.650002,102.029999,101.0,101.419998
101.510002,101.529999,100.07,100.129997
100.010002,101.110001,99.419998,100.860001
99.650002,101.0,99.5,100.860001
101.370003,102.519997,101.120003,101.870003
102.080002,102.459999,100.879997,101.139999
100.410004,100.769997,99.629997,100.410004
100.0,100.110001,97.300003,98.389999
98.82,100.080002,98.75,99.080002
99.580002,100.019997,97.400002,97.540001
97.379997,99.110001,97.260002,98.629997
98.93,99.910004,98.330002,98.610001
98.099998,100.059998,98.0,100.010002
100.480003,100.629997,98.940002,99.050003
99.5,99.919998,99.029999,99.760002
99.889999,101.43,99.669998,101.160004
101.650002,102.25,101.25,101.849998
102.0,102.510002,101.860001,102.120003
101.150002,102.339996,101.099998,101.980003
102.769997,104.410004,102.730003,104.190002
104.370003,105.599998,104.089996,105.43
105.400002,105.82,104.519997,104.910004
104.610001,106.5,104.32,105.949997
105.940002,106.050003,104.720001,105.120003
104.93,105.309998,103.889999,104.400002
108.080002,108.199997,106.080002,106.269997
106.300003,108.139999,106.129997,107.970001
108.57,108.82,107.260002,107.660004
107.959999,111.150002,107.599998,110.830002
110.739998,111.0,109.5,109.620003
110.18,110.18,106.139999,107.68
107.190002,107.529999,104.760002,105.370003
106.489998,106.720001,105.379997,106.080002
106.029999,106.449997,105.419998,106.279999
105.400002,108.089996,104.839996,107.57
107.800003,108.050003,106.82,108.040001
108.120003,108.419998,107.559998,108.129997
108.559998,109.099998,108.169998,108.879997
109.330002,109.75,108.760002,109.489998
109.709999,110.160004,109.599998,109.669998
109.419998,109.690002,108.379997,109.0
109.239998,109.580002,108.099998,108.209999
108.559998,109.75,108.040001,109.559998
108.489998,108.989998,106.82,107.660004
108.300003,108.860001,107.300003,107.639999
107.360001,107.900002,106.690002,107.580002
107.510002,107.900002,106.480003,106.870003
106.919998,107.349998,105.849998,105.980003
105.849998,107.339996,105.779999,107.059998
107.150002,108.18,106.870003,107.559998
107.669998,108.559998,107.559998,108.400002
109.269997,109.639999,108.510002,109.599998
109.940002,110.5,109.790001,110.260002
110.449997,112.029999,110.269997,112.019997
111.669998,112.610001,111.440002,111.949997
111.690002,112.779999,111.519997,112.330002
110.849998,111.959999,110.220001,111.709999
111.010002,111.419998,108.099998,108.489998
108.25,108.989998,107.510002,108.739998
108.230003,108.720001,107.230003,108.209999
108.839996,109.639999,108.360001,109.379997
108.900002,111.589996,108.889999,111.239998
111.43,111.849998,110.510002,111.709999
112.120003,113.730003,112.120003,112.910004
113.360001,113.730003,112.440002,113.370003
113.690002,113.699997,111.860001,112.139999
112.190002,113.699997,111.720001,113.209999
113.050003,113.32,111.040001,111.699997
112.279999,113.800003,111.93,113.57
114.0,115.290001,113.510002,114.260002
113.029999,114.900002,112.220001,114.669998
114.800003,115.099998,113.75,114.449997
114.470001,115.059998,113.739998,113.980003
114.779999,114.910004,114.199997,114.410004
114.190002,114.57,113.68,114.370003
114.75,115.68,114.730003,115.610001
115.300003,115.839996,114.440002,115.150002
115.419998,116.18,114.93,115.169998
114.610001,114.760002,111.629997,112.790001
112.629997,113.169998,110.639999,112.129997
111.660004,112.029999,109.339996,110.849998
111.139999,113.080002,110.800003,112.260002
111.239998,111.5,105.790001,106.160004
105.349998,108.93,104.199997,105.910004
109.010002,111.239998,107.120003,109.57
108.910004,109.480003,106.949997,107.599998
109.540001,111.410004,108.949997,111.0
111.68,111.809998,109.550003,110.709999
110.099998,110.529999,107.830002,108.5
108.93,110.860001,108.209999,108.660004
109.32,110.540001,108.239998,109.629997
107.769997,108.970001,105.110001,108.099998
108.410004,108.489998,101.589996,102.32
106.550003,109.269997,106.150002,108.300003
105.690002,108.75,104.760002,106.959999
108.110001,108.699997,101.629997,103.849998
103.660004,104.379997,100.110001,103.730003
105.440002,108.139999,105.389999,106.809998
107.050003,107.32,105.529999,105.919998
106.480003,107.32,104.980003,106.160004
106.370003,107.739998,105.900002,107.510002
107.379997,108.839996,106.279999,107.720001
109.440002,112.239998,109.400002,111.959999
111.800003,112.209999,110.910004,111.75
110.849998,111.449997,108.760002,109.57
109.419998,109.959999,106.099998,106.870003
107.550003,108.739998,106.639999,106.940002
108.099998,108.260002,104.470001,104.970001
104.989998,107.800003,103.910004,107.279999
107.080002,108.879997,106.800003,108.290001
108.269997,108.559998,103.550003,104.620003
101.800003,102.970001,99.349998,101.709999
103.599998,104.43,102.239998,103.110001
102.169998,103.809998,102.0,103.07
104.790001,106.629997,104.580002,106.470001
106.269997,107.330002,105.360001,107.139999
107.889999,111.330002,107.860001,111.120003
110.330002,111.120003,109.029999,110.190002
110.699997,110.970001,109.360001,110.889999
113.0,113.419998,110.730003,112.089996
111.940002,112.639999,108.209999,108.519997
105.82,109.239998,105.0,109.190002
108.379997,109.449997,104.300003,104.82
104.800003,107.980003,103.889999,107.589996
109.800003,110.949997,107.440002,108.589996
110.889999,111.269997,109.040001,109.080002
109.580002,110.870003,108.629997,109.449997
108.25,109.260002,105.5,106.029999
105.410004,105.800003,101.709999,102.889999
103.75,104.510002,102.519997,103.970001
103.650002,106.879997,101.349998,103.690002
103.050003,104.309998,98.779999,101.510002
101.629997,103.0,97.459999,98.230003
97.68,97.970001,93.980003,94.129997
95.139999,100.690002,93.959999,100.559998
99.300003,101.190002,96.400002,101.18
102.089996,102.410004,99.519997,100.389999
101.290001,102.400002,100.440002,101.57
99.550003,101.75,98.940002,101.120003
100.099998,100.190002,97.199997,97.400002
99.720001,102.510002,98.93,101.93
101.639999,103.269997,100.980003,102.059998
103.040001,103.970001,101.709999,102.800003
103.860001,104.879997,103.239998,104.269997
103.220001,103.75,102.379997,103.599998
103.190002,103.440002,101.639999,102.800003
101.900002,102.870003,101.260002,102.050003
102.510002,105.050003,101.879997,105.010002
105.260002,106.260002,104.959999,105.379997
105.0,106.629997,104.760002,106.120003
107.459999,107.900002,105.910004,107.709999
106.75,107.099998,104.860001,105.68
106.120003,107.040001,105.339996,106.709999
106.860001,107.0,105.339996,106.199997
107.239998,107.879997,106.199997,107.169998
106.260002,106.480003,104.660004,105.080002
104.879997,104.970001,102.169998,102.940002
104.620003,106.379997,104.330002,106.379997
103.800003,105.220001,103.18,104.43
103.779999,104.099998,102.349998,102.779999
102.870003,105.800003,102.769997,105.739998
106.059998,107.269997,105.959999,107.220001
107.0,107.0,105.529999,106.029999
105.190002,105.589996,104.290001,105.269997
104.389999,105.779999,104.260002,105.669998
106.199997,106.580002,104.970001,105.25
106.139999,107.139999,105.480003,106.889999
107.5,107.779999,106.709999,106.809998
106.309998,107.290001,105.660004,106.900002
107.910004,108.300003,107.360001,108.220001
107.790001,108.660004,107.779999,108.169998
107.860001,107.940002,106.290001,107.150002
106.900002,109.480003,106.870003,109.410004
110.050003,111.199997,109.82,110.970001
111.760002,112.18,111.260002,111.589996
111.260002,113.239998,111.169998,112.360001
111.690002,112.360001,110.879997,112.169998
112.040001,112.879997,111.730003,112.029999
112.889999,113.019997,111.669998,112.529999
113.019997,113.25,110.800003,112.260002
112.25,112.389999,111.230003,111.699997
111.870003,112.660004,111.43,111.75
111.400002,111.550003,109.870003,110.389999
109.160004,110.709999,108.800003,110.510002
110.989998,112.949997,110.980003,112.830002
112.82,113.989998,112.650002,113.620003
114.129997,115.0,113.779999,114.5
114.540001,115.199997,114.330002,114.589996
115.339996,117.25,114.589996,115.910004
116.169998,117.610001,116.050003,117.57
118.089996,118.440002,116.989998,117.650002
117.389999,118.75,116.709999,117.519997
117.139999,120.82,117.089996,120.220001
119.5,119.589996,117.040001,117.050003
116.559998,118.010002,116.32,117.660004
118.620003,118.709999,116.849998,117.910004
117.879997,118.209999,115.519997,116.769997
117.440002,117.580002,116.129997,116.93
118.07,118.32,116.959999,117.940002
118.949997,119.110001,118.099998,119.019997
119.059998,119.480003,118.519997,119.190002
119.860001,120.43,119.150002,119.970001
120.099998,120.230003,118.379997,119.360001
119.389999,120.230003,119.370003,119.889999
119.809998,120.019997,118.639999,119.93
118.629997,119.540001,118.580002,119.279999
119.760002,120.349998,119.540001,120.190002
120.540001,120.849998,119.919998,120.330002
120.639999,120.980003,120.370003,120.949997
120.940002,121.580002,120.57,121.050003
121.639999,121.650002,120.099998,120.769997
121.239998,121.849998,120.540001,121.769997
122.190002,123.519997,121.300003,123.370003
122.620003,124.0,122.57,123.760002
124.099998,125.580002,123.830002,125.440002
125.790001,125.849998,124.519997,125.010002
130.059998,131.369995,128.830002,129.149994
129.699997,130.520004,129.020004,129.889999
129.899994,130.179993,129.350006,129.770004
129.809998,130.699997,129.389999,130.600006
130.529999,130.649994,127.699997,127.879997
127.980003,128.0,125.519997,126.209999
127.360001,129.429993,127.25,128.899994
126.389999,128.559998,126.110001,128.149994
126.459999,127.18,124.220001,125.519997
125.440002,126.370003,124.75,125.510002
124.290001,125.790001,123.57,125.5
124.910004,127.93,123.82,127.129997
124.110001,125.550003,123.040001,123.349998
123.870003,125.879997,123.699997,124.730003
124.260002,126.709999,123.699997,126.019997
126.75,129.380005,126.459999,128.929993
128.309998,130.460007,127.919998,128.070007
126.519997,127.589996,125.760002,126.220001
127.43,127.529999,126.580002,126.900002
126.620003,128.240005,126.519997,127.669998
126.199997,126.290001,124.739998,126.18
126.910004,127.419998,125.970001,126.239998
126.980003,128.0,126.050003,126.160004
125.379997,125.389999,124.040001,124.940002
125.260002,125.760002,124.779999,125.730003
124.230003,124.620003,123.32,123.68
123.849998,124.370003,119.010002,119.839996
121.279999,123.279999,120.650002,123.160004
124.949997,125.870003,124.209999,125.830002
126.440002,127.970001,125.599998,127.82
129.190002,132.25,128.259995,131.399994
132.399994,134.080002,132.0,132.600006
133.880005,134.240005,131.279999,132.100006
131.399994,131.970001,130.710007,131.490005
131.979996,133.0,131.559998,132.320007
132.259995,133.789993,131.639999,132.449997
132.630005,133.729996,132.529999,132.850006
134.190002,135.240005,133.570007,135.160004
135.0,135.929993,133.809998,135.690002
137.449997,137.660004,135.720001,136.949997
136.580002,137.729996,136.460007,136.970001
137.0,138.399994,137.0,137.779999
137.25,137.589996,132.729996,133.429993
134.350006,135.740005,133.600006,133.929993
134.139999,134.710007,133.509995,134.149994
134.570007,134.600006,133.160004,133.960007
136.630005,136.699997,134.970001,135.679993
136.119995,136.589996,135.339996,136.580002
136.800003,137.740005,136.289993,137.460007
135.940002,137.330002,135.720001,137.059998
136.399994,137.100006,135.369995,136.960007
136.0,136.970001,135.800003,136.460007
137.130005,138.580002,137.020004,137.850006
138.199997,139.220001,137.869995,138.399994
138.850006,139.130005,138.009995,138.899994
139.440002,139.539993,138.460007,138.899994
138.960007,139.050003,136.520004,137.080002
137.699997,137.929993,136.220001,136.270004
135.550003,136.619995,134.669998,136.419998
140.220001,140.669998,136.449997,136.619995
137.410004,139.190002,137.330002,138.429993
139.759995,139.990005,138.029999,139.289993
138.899994,140.740005,138.850006,140.720001
140.429993,140.610001,139.320007,140.190002
140.369995,141.679993,140.300003,141.339996
141.5,141.509995,139.369995,141.029999
140.139999,141.220001,139.800003,140.350006
140.330002,140.490005,135.080002,136.270004
137.0,140.940002,136.929993,138.059998
138.089996,138.320007,135.259995,136.899994
133.300003,133.929993,130.779999,132.210007
133.800003,135.679993,133.210007,134.690002
133.789993,135.649994,131.830002,135.279999
136.600006,138.990005,135.929993,138.889999
138.610001,139.380005,136.460007,137.710007
137.070007,137.860001,135.240005,135.789993
136.050003,138.800003,135.0,138.600006
136.360001,136.919998,133.669998,133.979996
134.389999,134.580002,132.25,133.679993
134.880005,136.460007,134.720001,136.130005
137.850006,138.550003,136.889999,138.410004
138.210007,138.710007,137.240005,137.259995
138.550003,139.490005,138.0,138.789993
138.660004,139.199997,136.289993,137.779999
137.190002,138.350006,132.800003,133.389999
134.990005,135.559998,133.899994,135.449997
136.389999,136.720001,134.660004,135.740005
134.880005,135.759995,133.550003,135.559998
137.25,138.440002,136.910004,138.119995
139.149994,139.179993,136.270004,137.860001
136.610001,137.199997,135.699997,136.039993
137.300003,137.690002,136.479996,137.630005
139.110001,140.380005,138.759995,140.050003
140.029999,140.179993,138.199997,139.100006
139.589996,139.75,136.460007,137.520004
136.800003,136.889999,134.509995,136.080002
135.910004,136.270004,135.089996,136.119995
137.850006,138.419998,136.869995,137.520004
137.779999,138.059998,136.570007,137.320007
135.830002,136.699997,135.660004,136.330002
136.960007,137.520004,136.429993,137.389999
137.360001,138.669998,136.529999,138.520004
140.300003,142.369995,140.070007,141.070007
141.009995,141.649994,138.25,139.440002
139.229996,139.630005,138.440002,139.139999
140.360001,140.690002,136.880005,137.380005
137.5,139.960007,136.029999,139.360001
139.440002,140.179993,138.440002,139.539993
140.149994,140.360001,136.649994,137.729996
138.050003,139.220001,137.779999,139.029999
139.660004,140.25,137.0,137.070007
136.25,136.369995,133.580002,134.649994
134.949997,136.75,133.220001,136.279999
136.75,138.25,136.419998,138.119995
137.139999,138.179993,137.020004,137.119995
137.080002,137.759995,135.619995,135.669998
137.460007,138.699997,136.970001,138.240005
138.490005,139.669998,138.25,139.100006
140.119995,141.029999,139.5,139.679993
139.690002,140.289993,139.520004,139.550003
140.059998,141.789993,139.809998,141.570007
140.789993,140.990005,139.529999,140.410004
140.949997,141.419998,139.020004,139.690002
139.759995,140.0,136.559998,137.410004
138.449997,138.5,137.009995,138.429993
138.970001,140.009995,136.259995,136.369995
136.880005,137.449997,135.610001,137.240005
139.389999,140.419998,138.669998,139.940002
139.339996,141.139999,139.199997,140.729996
144.399994,145.669998,143.509995,144.190002
144.080002,144.5,142.649994,142.830002
143.520004,145.0,142.789993,144.610001
144.899994,144.929993,142.990005,143.369995
144.259995,144.419998,142.970001,143.720001
144.830002,145.0,144.160004,144.550003
144.970001,145.020004,143.910004,144.460007
144.369995,144.520004,143.199997,144.059998
143.839996,144.880005,143.770004,144.259995
143.979996,145.990005,143.759995,145.960007
145.339996,146.419998,144.729996,146.110001
146.279999,147.570007,146.059998,147.070007
146.740005,147.460007,146.279999,147.309998
147.020004,148.410004,147.0,148.059998
148.929993,149.990005,148.270004,149.970001
150.070007,150.550003,148.979996,150.339996
150.880005,151.330002,150.199997,150.389999
150.309998,150.839996,148.460007,149.619995
149.399994,149.800003,148.5,149.479996
150.070007,150.300003,148.820007,149.589996
150.0,151.350006,149.919998,151.229996
151.360001,152.419998,151.320007,152.029999
152.330002,152.5,151.520004,152.320007
152.100006,152.300003,151.279999,151.380005
151.809998,151.830002,148.320007,149.550003
147.490005,149.429993,146.649994,149.309998
150.139999,150.179993,149.199997,149.850006
150.050003,150.320007,149.479996,149.929993
150.990005,151.869995,150.270004,151.75
151.070007,152.210007,150.910004,151.360001
151.289993,151.889999,150.759995,151.130005
151.539993,151.869995,150.330002,151.699997
151.649994,153.440002,151.020004,153.240005
153.0,154.889999,152.830002,154.529999
155.110001,155.899994,154.820007,155.529999
155.449997,155.710007,154.449997,154.690002
154.300003,155.479996,154.179993,154.369995
154.0,155.770004,153.75,155.710007
157.350006,158.490005,156.289993,157.410004
158.119995,158.119995,157.270004,157.410004
157.479996,157.710007,157.119995,157.380005
157.559998,158.729996,157.399994,158.669998
159.449997,159.550003,158.220001,158.960007
158.990005,159.020004,156.729996,157.589996
156.770004,157.770004,156.449997,157.699997
158.779999,160.729996,158.330002,160.619995
158.320007,159.949997,158.059998,158.619995
157.080002,159.100006,156.509995,159.029999
159.320007,159.669998,157.320007,157.580002
158.929993,160.800003,157.949997,160.089996
161.839996,162.220001,161.029999,162.089996
162.820007,163.220001,161.179993,161.339996
161.759995,163.309998,161.259995,163.279999
163.389999,163.600006,161.720001,162.130005
162.619995,163.940002,162.570007,163.179993
164.350006,166.240005,164.029999,166.169998
167.419998,167.470001,165.429993,167.100006
166.679993,168.190002,166.429993,166.5
167.399994,167.490005,165.679993,165.699997
166.190002,166.800003,165.270004,166.720001
167.509995,167.529999,164.449997,165.039993
161.149994,163.380005,160.199997,162.279999
163.779999,165.759995,163.070007,165.460007
167.839996,168.75,165.690002,168.039993
174.050003,174.050003,170.789993,172.779999
172.210007,172.399994,169.580002,170.229996
170.429993,174.5,170.399994,174.380005
177.139999,180.639999,176.309998,180.119995
184.029999,184.199997,178.410004,179.899994
180.970001,183.820007,180.059998,183.630005
182.850006,185.630005,182.479996,183.889999
183.580002,188.839996,183.25,188.699997
190.649994,190.699997,183.5,184.440002
185.580002,185.850006,181.850006,184.710007
183.080002,186.229996,182.869995,183.710007
183.25,185.410004,182.649994,185.350006
185.610001,187.699997,185.5,187.229996
188.059998,188.179993,186.470001,187.279999
186.949997,187.25,181.100006,184.419998
183.169998,183.5,177.25,178.589996
167.770004,174.550003,163.229996,170.889999
174.199997,174.839996,167.649994,168.070007
169.710007,173.259995,168.210007,170.169998
163.320007,167.029999,157.979996,158.179993
152.410004,163.710007,152.0,162.009995
165.309998,172.919998,162.309998,172.789993
173.800003,175.0,162.259995,164.509995
168.490005,170.699997,165.619995,170.550003
166.050003,170.869995,165.690002,166.270004
162.610001,163.110001,156.0,161.570007
151.0,157.75,150.0,150.619995
158.160004,161.029999,152.580002,160.919998
157.130005,157.699997,151.149994,153.630005
145.300003,153.470001,138.580002,139.059998
147.5,161.910004,140.729996,158.830002
140.0,149.350006,135.0,135.419998
140.0,147.5,135.0,146.570007
138.0,146.0,135.020004,140.399994
142.770004,150.149994,139.0,142.710007
146.0,147.100006,135.860001,137.350006
137.009995,140.570007,132.520004,135.979996
143.75,149.600006,141.270004,148.339996
148.910004,154.330002,144.440002,146.919998
148.399994,156.660004,148.369995,156.110001
151.75,154.889999,149.199997,149.699997
152.440002,160.600006,150.009995,160.229996
159.399994,164.779999,156.559998,157.710007
153.0,157.75,150.820007,152.110001
151.860001,155.479996,150.360001,155.259995
155.100006,157.380005,152.190002,153.830002
160.320007,166.5,157.580002,165.270004
169.589996,170.0,163.259995,163.490005
165.669998,166.669998,163.5,165.130005
166.360001,167.369995,163.330002,165.139999
164.350006,165.570007,162.300003,165.509995
169.0,173.75,168.0,173.699997
171.199997,173.570007,169.240005,171.880005
174.300003,177.279999,172.899994,177.039993
179.5,180.0,175.869995,178.600006
176.630005,178.75,174.990005,175.059998
173.5,173.669998,166.110001,167.820007
171.389999,174.0,170.820007,173.520004
174.110001,175.059998,170.910004,171.419998
172.059998,174.559998,170.710007,174.550003
176.589996,176.899994,173.300003,174.050003
175.589996,175.669998,169.389999,169.809998
173.220001,177.679993,171.880005,177.429993
180.0,180.399994,176.229996,179.210007
175.800003,178.639999,174.009995,174.570007
174.490005,179.0,173.800003,178.839996
180.619995,183.649994,179.899994,180.759995
182.080002,184.199997,181.630005,182.539993
184.169998,184.550003,182.580002,183.600006
184.979996,185.0,183.360001,184.679993
183.149994,187.509995,182.850006,186.740005
186.800003,187.039993,182.300003,182.509995
182.550003,184.050003,176.539993,179.75
177.539993,180.690002,175.679993,180.529999
179.059998,187.059998,177.0,183.160004
185.75,186.199997,183.960007,184.910004
185.029999,186.600006,183.490005,183.630005
184.809998,185.850006,183.940002,185.660004
185.399994,186.669998,183.289993,183.429993
183.190002,184.460007,182.539993,183.509995
186.339996,186.5,181.100006,181.570007
180.199997,181.990005,176.600006,181.809998
180.740005,184.149994,180.380005,181.399994
182.729996,184.270004,180.410004,183.25
182.539993,183.0,181.460007,182.830002
184.25,185.0,181.350006,184.910004
184.820007,185.940002,183.580002,185.360001
184.300003,185.839996,182.300003,182.919998
182.619995,187.729996,182.009995,187.199997
185.940002,188.550003,184.440002,188.360001
188.0,190.699997,187.259995,189.800003
191.130005,198.520004,191.009995,196.839996
193.130005,195.759995,186.070007,186.270004
190.539993,191.720001,185.179993,187.740005
184.580002,190.820007,184.009995,188.940002
192.889999,195.580002,191.460007,193.570007
195.029999,196.320007,193.690002,194.240005
194.0,196.490005,194.0,196.320007
198.589996,199.289993,194.369995,195.149994
195.789993,200.759995,195.229996,200.570007
202.089996,203.949997,201.429993,201.910004
201.600006,203.25,196.559998,197.839996
197.800003,200.610001,195.470001,200.339996
199.729996,199.889999,194.880005,196.330002
195.779999,198.529999,193.550003,198.440002
197.880005,204.399994,197.740005,203.509995
203.139999,206.350006,201.770004,204.699997
205.679993,208.020004,205.0,206.259995
208.830002,211.130005,208.089996,210.699997
210.449997,214.669998,207.990005,208.25
210.070007,213.259995,208.690002,212.830002
216.330002,216.380005,211.470001,214.320007
213.619995,214.080002,211.080002,213.669998
214.479996,215.800003,206.5,207.070007
206.130005,208.850006,202.029999,208.350006
209.559998,211.330002,205.029999,208.039993
205.399994,205.699997,202.309998,203.919998
204.470001,205.039993,201.389999,202.880005
205.0,212.300003,203.009995,211.600006
213.660004,213.940002,208.029999,208.75
209.199997,212.300003,208.389999,211.75
207.190002,210.919998,202.149994,202.539993
200.419998,202.860001,197.509995,201.300003
201.470001,203.970001,200.860001,203.850006
203.610001,204.699997,201.740005,202.020004
202.5,204.649994,202.009995,204.059998
201.0,204.460007,199.570007,203.899994
204.399994,205.100006,199.009995,205.009995
211.520004,217.639999,210.440002,216.539993
214.169998,214.770004,210.309998,213.289993
214.899994,215.0,211.570007,212.940002
212.339996,216.369995,211.550003,216.350006
214.850006,215.699997,210.929993,212.479996
211.669998,211.880005,206.350006,208.25
207.160004,207.649994,203.139999,203.380005
205.289993,210.279999,204.75,209.190002
209.440002,211.350006,208.149994,208.699997
208.759995,209.589996,207.509995,208.899994
209.600006,211.190002,208.919998,210.279999
210.529999,212.360001,209.210007,211.490005
211.490005,212.100006,209.25,209.699997
209.539993,215.0,208.910004,214.580002
213.860001,216.25,212.850006,213.020004
214.789993,215.520004,212.429993,213.690002
213.100006,216.610001,213.100006,216.470001
217.880005,222.089996,217.360001,221.149994
222.889999,231.149994,219.399994,226.580002
228.179993,230.639999,226.580002,228.910004
227.0,228.699997,224.309998,225.529999
225.509995,227.449997,224.429993,227.270004
227.970001,232.860001,227.350006,231.649994
229.270004,229.309998,214.960007,217.300003
215.100006,218.360001,205.190002,214.25
206.5,210.029999,202.199997,202.660004
207.600006,214.839996,206.699997,211.289993
213.399994,214.740005,204.110001,205.369995
207.199997,208.630005,201.240005,204.029999
204.240005,209.199997,204.029999,205.410004
208.419998,209.779999,206.929993,208.779999
210.619995,210.649994,204.639999,205.050003
200.050003,204.330002,199.960007,202.910004
202.800003,203.649994,196.25,200.389999
197.190002,202.710007,196.380005,202.539993
205.059998,208.100006,202.080002,207.419998
207.899994,208.100006,200.029999,200.589996
199.850006,205.570007,199.199997,203.190002
203.550003,209.039993,202.539993,207.820007
210.880005,212.570007,208.059998,209.440002
209.350006,210.070007,206.809998,207.259995
207.729996,211.979996,206.539993,210.330002
213.490005,213.990005,211.320007,212.460007
208.0,210.990005,205.539993,206.190002
207.220001,210.410004,206.979996,210.380005
208.820007,210.179993,204.820007,205.910004
207.059998,210.110001,206.720001,209.830002
210.509995,211.190002,208.320007,210.580002
211.229996,215.860001,211.229996,215.809998
218.789993,223.860001,216.809998,221.399994
222.720001,225.210007,220.429993,222.860001
223.0,224.220001,219.130005,220.860001
217.100006,220.360001,216.009995,219.660004
220.149994,222.289993,219.320007,219.660004
220.419998,222.300003,213.720001,214.220001
215.800003,217.369995,213.089996,214.649994
213.119995,216.919998,213.119995,214.800003
213.929993,216.059998,211.699997,214.889999
215.029999,216.279999,213.160004,216.229996
213.850006,216.339996,208.100006,210.080002
211.589996,214.669998,210.330002,213.25
207.669998,208.839996,202.100006,202.679993
204.070007,207.360001,203.369995,204.720001
203.5,204.289993,199.619995,202.470001
204.289993,205.279999,200.119995,202.330002
203.889999,208.119995,203.119995,206.429993
214.020004,218.320007,212.419998,216.389999
222.039993,224.119995,221.149994,223.289993
222.259995,224.360001,218.029999,223.720001
224.440002,228.119995,217.880005,218.389999
214.5,216.5,209.720001,211.009995
212.389999,218.039993,212.199997,216.550003
217.210007,219.110001,214.460007,215.440002
216.360001,217.419998,214.160004,216.509995
214.869995,217.740005,214.520004,217.229996
216.100006,217.679993,214.080002,214.460007
213.649994,215.169998,210.929993,211.080002
211.380005,213.029999,209.929993,212.419998
212.199997,213.289993,210.0,210.389999
210.949997,212.289993,208.160004,210.110001
209.589996,214.25,208.860001,213.860001
215.110001,215.289993,212.460007,213.869995
214.850006,216.270004,214.039993,215.229996
214.100006,214.759995,210.839996,214.070007
214.509995,217.320007,213.350006,216.210007
214.880005,215.470001,212.800003,215.369995
214.610001,216.380005,213.649994,214.240005
214.220001,215.380005,213.179993,214.360001
214.369995,215.539993,212.990005,214.289993
213.970001,216.949997,212.889999,216.009995
215.160004,215.229996,211.210007,211.800003
211.770004,213.080002,210.360001,210.520004
210.050003,213.320007,209.110001,213.259995
213.100006,216.210007,212.880005,214.199997
215.169998,215.419998,212.240005,214.130005
214.75,220.110001,214.720001,219.279999
219.869995,220.889999,217.919998,219.419998
218.589996,219.690002,216.020004,218.589996
217.550003,224.0,217.279999,222.589996
222.690002,225.630005,221.850006,223.940002
223.110001,223.559998,220.800003,221.020004
221.419998,223.610001,221.199997,222.75
224.449997,226.029999,223.020004,224.960007
226.309998,227.179993,223.580002,224.149994
225.229996,225.630005,221.470001,221.679993
221.699997,223.0,219.679993,222.419998
222.529999,223.0,214.809998,217.690002
217.259995,218.520004,215.699997,217.899994
212.169998,216.490005,211.940002,212.25
214.039993,219.339996,213.710007,218.289993
218.679993,220.580002,217.029999,219.619995
218.470001,218.910004,216.729996,217.490005
216.5,217.100006,213.320007,214.929993
214.020004,216.759995,213.929993,216.339996
215.910004,217.460007,212.740005,213.020004
213.520004,214.509995,212.029999,212.649994
213.75,216.979996,212.630005,216.440002
217.699997,225.789993,217.289993,224.339996
224.699997,226.300003,222.419998,224.970001
227.080002,230.070007,225.800003,225.949997
229.119995,229.779999,224.220001,229.529999
231.860001,234.179993,230.080002,232.330002
238.0,240.440002,230.139999,232.899994
235.610001,242.639999,235.089996,238.929993
235.990005,238.020004,231.350006,231.960007
235.059998,242.5,232.429993,239.649994
241.300003,242.309998,238.690002,239.509995
239.570007,245.089996,239.259995,243.0
242.660004,243.240005,240.369995,242.009995
242.229996,243.279999,240.419998,242.199997
243.149994,243.679993,240.809998,242.470001
241.869995,244.759995,241.380005,243.770004
245.0,245.919998,240.889999,242.820007
244.779999,245.149994,242.149994,244.490005
243.929993,245.300003,242.729996,244.990005
245.029999,246.130005,242.919998,243.699997
241.320007,244.309998,240.940002,244.199997
241.800003,243.929993,240.860001,243.789993
243.75,243.860001,240.179993,240.970001
237.419998,237.929993,232.399994,234.509995
230.330002,234.830002,228.729996,233.270004
230.009995,235.199997,229.0,234.550003
232.080002,234.589996,227.880005,228.990005
231.529999,235.369995,229.539993,232.380005
235.899994,237.470001,233.149994,236.940002
237.009995,237.300003,233.449997,233.869995
232.160004,233.580002,227.259995,227.559998
226.740005,232.490005,224.259995,226.729996
229.520004,233.270004,226.460007,231.600006
231.369995,233.369995,227.130005,227.389999
232.880005,235.380005,231.669998,233.779999
237.0,237.0,232.039993,232.419998
234.960007,239.169998,234.309998,237.130005
234.009995,235.820007,233.229996,235.75
234.960007,235.190002,231.809998,234.809998
236.279999,240.059998,235.940002,237.710007
236.149994,238.550003,233.229996,237.039993
232.559998,234.190002,230.330002,230.720001
231.020004,232.470001,229.350006,230.350006
230.270004,236.899994,230.139999,235.990005
237.490005,241.050003,237.070007,237.580002
237.850006,238.0,235.320007,235.460007
235.300003,236.940002,231.570007,232.339996
231.550003,236.710007,231.550003,236.479996
236.589996,236.800003,231.880005,235.240005
233.529999,233.850006,231.100006,231.850006
232.910004,239.100006,232.389999,235.770004
238.470001,242.839996,238.050003,242.350006
242.759995,249.960007,242.699997,249.070007
247.610001,249.399994,246.880005,247.860001
247.809998,250.929993,247.190002,249.899994
252.770004,254.139999,252.0,253.25
252.869995,255.990005,252.440002,255.850006
254.710007,257.670013,254.619995,255.910004
257.26001,259.190002,256.829987,258.48999
257.480011,258.829987,255.160004,255.589996
257.929993,259.929993,257.730011,259.5
259.470001,261.0,257.600006,260.73999
260.190002,261.480011,257.820007,258.73999
257.820007,260.200012,256.839996,258.26001
258.940002,260.679993,257.25,260.579987
260.209991,261.779999,255.639999,257.170013
257.880005,261.51001,257.269989,261.149994
261.660004,262.440002,260.170013,261.549988
261.579987,263.190002,260.119995,261.970001
256.079987,256.540009,252.949997,254.559998
255.460007,256.100006,249.0,252.509995
249.740005,253.080002,249.600006,252.179993
253.399994,254.350006,251.119995,251.860001
250.970001,251.210007,245.759995,247.789993
249.059998,249.5,245.820007,246.470001
246.449997,249.860001,244.690002,249.729996
252.149994,254.300003,251.169998,252.460007
250.869995,251.729996,247.119995,247.179993
244.550003,246.600006,242.570007,246.229996
242.169998,244.380005,238.070007,239.0
241.800003,245.600006,241.419998,243.029999
245.580002,249.179993,245.490005,248.149994
246.550003,246.589996,243.520004,245.179993
246.270004,246.410004,242.899994,243.080002
239.309998,243.229996,238.600006,243.119995
243.960007,247.949997,243.860001,246.479996
247.570007,248.330002,244.740005,245.169998
247.789993,251.160004,247.509995,250.779999
251.770004,252.75,250.820007,251.720001
251.429993,252.940002,250.75,251.490005
251.169998,251.479996,249.25,249.309998
251.0,252.080002,249.559998,249.679993
251.229996,251.289993,246.960007,247.399994
248.130005,249.270004,245.839996,247.300003
245.220001,246.339996,243.0,245.710007
247.759995,251.649994,247.509995,250.789993
249.979996,254.089996,249.809998,253.809998
255.160004,256.01001,252.509995,252.570007
253.809998,255.529999,253.210007,253.589996
254.289993,257.459991,253.669998,257.23999
257.98999,258.48999,256.609985,257.890015
257.899994,259.950012,256.799988,259.890015
259.769989,259.98999,257.679993,258.359985
259.399994,260.579987,254.419998,257.380005
256.070007,261.75,256.01001,260.899994
259.630005,262.299988,258.75,259.429993
259.820007,263.519989,257.920013,262.630005
262.720001,265.790009,262.399994,265.51001
265.98999,266.829987,264.429993,265.269989
266.160004,267.850006,265.470001,266.690002
266.230011,267.25,264.76001,265.019989
266.190002,268.899994,265.910004,268.720001
268.869995,271.649994,267.980011,271.399994
270.690002,271.359985,269.600006,270.899994
269.609985,271.839996,269.600006,271.600006
272.820007,278.0,272.5,277.649994
278.029999,279.369995,274.299988,277.660004
279.399994,280.690002,277.149994,279.929993
276.899994,278.730011,274.869995,277.420013
275.720001,278.049988,275.320007,277.940002
279.160004,279.769989,276.579987,277.320007
277.519989,282.850006,277.390015,280.980011
282.350006,283.660004,280.549988,282.51001
282.0,282.51001,279.829987,281.029999
282.070007,284.100006,279.459991,280.75
278.929993,280.369995,274.450012,277.01001
278.029999,280.970001,276.26001,279.320007
278.899994,281.519989,277.290009,281.399994
283.839996,286.420013,283.420013,286.140015
287.369995,289.98999,286.5,289.670013
289.0,289.690002,286.640015,289.049988
289.429993,289.579987,282.950012,286.540009
288.98999,290.149994,283.829987,286.220001
286.23999,288.619995,286.079987,286.5
285.170013,286.660004,283.910004,284.910004
286.359985,286.769989,283.73999,284.820007
285.420013,287.230011,284.0,287.119995
286.220001,287.589996,284.649994,286.51001
286.880005,289.630005,286.100006,289.519989
288.51001,289.5,287.619995,289.459991
289.75,291.549988,287.809998,288.329987
288.799988,289.25,285.200012,286.440002
287.209991,288.660004,285.859985,286.950012
286.630005,289.970001,286.339996,289.809998
289.480011,292.899994,289.299988,292.850006
293.190002,294.820007,290.019989,294.600006
292.390015,293.429993,291.079987,293.079987
292.040009,294.820007,290.269989,290.730011
288.690002,297.470001,288.640015,296.769989
299.720001,305.839996,298.059998,304.359985
303.25,305.399994,301.850006,304.649994
305.019989,305.649994,302.0,302.619995
304.299988,304.589996,300.420013,302.01001
300.98999,302.429993,298.950012,299.089996
298.98999,300.869995,296.829987,299.720001
301.119995,304.220001,301.059998,303.589996
304.420013,304.5,301.5,301.880005
302.869995,305.190002,301.48999,301.829987
302.200012,303.359985,300.179993,301.149994
300.98999,302.600006,300.26001,301.140015
301.01001,301.089996,298.200012,300.179993
299.779999,300.609985,297.470001,300.209991
300.820007,302.140015,297.0,297.25
298.420013,299.920013,295.380005,295.709991
297.549988,298.540009,294.079987,296.98999
299.559998,301.390015,298.100006,299.790009
303.26001,305.320007,301.820007,304.820007
303.76001,305.309998,300.76001,305.220001
304.170013,304.5,299.529999,299.869995
296.329987,298.720001,289.519989,294.299988
295.690002,297.540009,294.070007,294.799988
296.730011,300.220001,294.51001,298.579987
298.850006,300.899994,297.529999,299.559998
298.230011,299.799988,296.929993,299.350006
296.140015,296.470001,292.940002,294.170013
289.799988,290.779999,282.75,283.519989
285.100006,286.769989,283.01001,284.0
285.709991,287.829987,281.619995,281.920013
282.119995,289.980011,281.290009,289.100006
287.399994,287.75,280.25,283.109985
284.049988,290.399994,284.049988,288.76001
285.779999,293.630005,285.51001,293.109985
295.179993,296.640015,293.920013,294.850006
296.220001,296.640015,293.76001,294.850006
292.920013,297.970001,292.75,294.230011
295.339996,295.440002,292.350006,292.880005
294.910004,297.279999,293.48999,296.309998
299.209991,303.269989,297.829987,302.75
302.339996,304.450012,300.519989,304.209991
303.570007,308.209991,302.690002,307.290009
308.350006,309.299988,307.220001,308.230011
309.209991,309.700012,306.109985,307.410004
307.170013,311.019989,306.359985,310.76001
310.399994,311.089996,307.799988,309.160004
309.359985,309.399994,306.459991,308.130005
311.0,312.399994,308.600006,310.109985
316.0,326.100006,316.0,323.170013
324.329987,324.869995,321.359985,324.350006
324.130005,332.0,323.899994,331.619995
331.359985,331.48999,326.369995,329.369995
330.309998,333.450012,330.0,333.130005
333.899994,334.899994,330.649994,334.0
332.890015,336.540009,329.51001,336.440002
338.51001,338.790009,334.420013,336.059998
337.299988,337.649994,334.440002,336.98999
337.109985,338.720001,334.529999,335.950012
334.570007,334.630005,329.920013,330.799988
331.25,333.769989,330.51001,332.429993
333.920013,337.230011,333.790009,336.720001
337.540009,337.880005,334.029999,336.070007
335.679993,340.670013,335.51001,339.51001
338.940002,342.190002,338.0,339.119995
338.179993,342.450012,337.119995,341.269989
342.640015,345.100006,342.200012,343.109985
344.619995,349.670013,339.549988,339.829987
337.049988,339.450012,333.559998,337.679993
336.279999,338.160004,333.910004,337.910004
334.350006,337.929993,328.119995,329.679993
334.940002,339.029999,334.73999,336.630005
335.320007,337.779999,328.98999,330.589996
335.130005,339.279999,329.390015,330.079987
330.299988,333.48999,327.799988,329.48999
331.98999,332.700012,318.029999,323.01001
323.950012,327.450012,319.230011,326.190002
331.640015,335.799988,330.100006,334.920013
335.309998,335.5,330.799988,334.970001
334.410004,336.48999,332.119995,333.100006
334.980011,343.0,334.790009,342.540009
340.679993,343.790009,339.079987,339.399994
333.220001,334.640015,324.109985,328.339996
328.609985,335.190002,324.5,334.649994
335.709991,336.76001,323.019989,324.899994
320.880005,324.920013,317.25,323.799988
320.049988,322.799988,317.570007,319.910004
323.290009,327.730011,319.799988,327.290009
328.299988,333.609985,325.75,333.200012
332.75,336.390015,332.730011,334.690002
335.459991,342.480011,335.429993,342.450012
343.149994,343.809998,340.320007,341.25
341.299988,344.299988,339.679993,341.950012
341.910004,343.130005,338.820007,339.320007
338.51001,339.359985,335.850006,336.320007
335.350006,338.0,329.779999,334.75
334.829987,335.200012,326.119995,329.01001
325.859985,326.070007,315.980011,316.380005
313.149994,318.700012,311.48999,313.880005
314.149994,316.5,310.089996,314.040009
309.48999,314.720001,304.690002,314.269989
313.380005,316.609985,309.890015,314.980011
319.670013,323.410004,317.079987,318.269989
320.470001,320.880005,304.0,304.799988
304.25,310.820007,303.75,310.200012
304.070007,309.799988,301.73999,302.649994
306.290009,313.910004,302.700012,303.329987
309.070007,311.649994,301.140015,301.600006
302.690002,304.109985,295.609985,296.029999
292.200012,297.109985,276.049988,296.369995
291.519989,294.98999,285.170013,288.48999
307.98999,308.5,293.029999,296.709991
302.660004,307.299988,297.929993,299.839996
300.230011,308.480011,294.450012,308.26001
308.950012,312.380005,306.369995,310.980011
310.410004,310.630005,305.130005,308.76001
309.630005,315.119995,308.880005,313.459991
309.48999,311.230011,299.959991,301.25
300.209991,308.799988,299.970001,305.940002
306.170013,307.839996,299.899994,300.950012
301.25,305.559998,299.950012,304.559998
309.869995,311.929993,307.390015,311.209991
304.040009,309.119995,300.700012,302.380005
303.190002,304.290009,294.220001,295.040009
293.769989,296.76001,291.350006,295.0
300.01001,300.799988,297.019989,300.470001
298.369995,300.869995,293.679993,299.5
296.359985,296.799988,290.0,290.730011
293.049988,293.859985,286.309998,287.929993
285.0,291.540009,284.5,287.720001
290.179993,291.700012,280.100006,280.269989
272.51001,295.160004,271.519989,294.589996
295.140015,297.630005,291.649994,297.309998
294.309998,299.140015,293.0,298.790009
296.399994,299.970001,292.149994,294.950012
295.359985,301.470001,293.700012,300.190002
302.890015,303.130005,294.049988,295.920013
294.290009,295.660004,287.170013,289.859985
288.529999,289.690002,278.529999,278.910004
277.799988,283.959991,270.0,275.850006
283.440002,289.600006,280.779999,288.5
283.019989,286.600006,280.579987,285.589996
287.959991,289.51001,279.429993,280.070007
280.339996,285.399994,275.820007,276.440002
280.350006,287.820007,278.730011,287.149994
289.109985,294.570007,283.200012,294.390015
293.290009,295.609985,289.369995,295.220001
295.369995,301.0,292.730011,300.429993
298.890015,300.140015,294.899994,299.160004
299.799988,305.0,298.769989,304.059998
300.51001,303.230011,297.720001,299.48999
299.140015,304.200012,298.320007,304.100006
305.230011,305.5,299.290009,303.679993
304.329987,310.799988,304.329987,310.700012
313.910004,315.820007,309.049988,315.410004
313.76001,315.950012,311.579987,313.859985
313.899994,315.140015,307.890015,308.309998
309.369995,310.130005,305.540009,309.420013
310.089996,315.109985,309.709991,314.970001
313.269989,314.869995,309.869995,310.880005
305.190002,307.0,296.709991,299.5
296.660004,303.649994,296.350006,301.369995
300.440002,301.119995,296.279999,296.970001
291.790009,292.609985,285.0,285.26001
289.23999,290.73999,280.48999,282.059998
282.730011,288.579987,281.299988,287.619995
288.089996,288.309998,279.320007,279.829987
278.910004,282.459991,278.339996,280.519989
279.380005,286.170013,278.410004,285.299988
289.399994,289.700012,285.369995,286.359985
288.579987,293.299988,280.059998,280.809998
281.679993,283.200012,273.380005,274.029999
273.290009,281.109985,270.769989,280.720001
277.5,278.359985,270.0,270.220001
282.100006,290.970001,279.160004,283.220001
285.190002,290.980011,281.459991,289.630005
288.609985,289.880005,276.5,277.519989
277.709991,284.940002,276.220001,284.470001
283.959991,284.130005,280.149994,281.779999
282.589996,290.880005,276.730011,289.980011
285.540009,286.350006,274.339996,277.350006
274.809998,279.25,271.269989,274.730011
270.059998,272.359985,263.320007,264.579987
271.690002,273.75,265.070007,269.5
265.679993,271.359985,259.299988,260.549988
257.690002,259.880005,250.020004,255.350006
257.350006,263.040009,255.350006,261.119995
259.959991,265.820007,255.779999,261.5
266.109985,268.329987,262.459991,266.820007
263.0,263.600006,252.770004,254.080002
253.899994,257.670013,251.880005,253.139999
257.23999,258.540009,246.440002,252.559998
255.490005,261.5,253.429993,260.649994
257.890015,261.329987,253.5,259.619995
258.140015,264.579987,257.130005,262.519989
262.269989,267.109985,261.429993,265.899994
268.480011,273.339996,267.559998,273.23999
272.529999,274.769989,268.929993,271.869995
275.200012,277.690002,270.040009,272.420013
264.450012,274.649994,261.600006,274.579987
270.309998,273.450012,268.410004,270.019989
272.059998,274.179993,267.220001,268.75
266.640015,273.130005,265.940002,272.5
271.709991,273.0,269.609985,270.410004
267.779999,272.709991,264.630005,264.790009
260.579987,260.579987,252.529999,252.990005
245.110001,249.020004,241.529999,242.259995
243.860001,245.740005,241.509995,244.490005
248.309998,255.300003,246.419998,251.759995
245.979996,247.419998,243.020004,244.970001
244.699997,250.5,244.029999,247.649994
250.259995,254.75,249.509995,253.740005
251.889999,257.170013,250.369995,253.130005
255.570007,259.369995,253.630005,258.859985
261.809998,267.980011,261.720001,267.700012
268.209991,268.299988,263.279999,264.890015
263.980011,266.910004,256.320007,256.480011
257.589996,261.970001,255.759995,260.26001
257.049988,259.529999,252.899994,256.829987
256.390015,259.769989,254.610001,259.579987
256.160004,262.980011,254.740005,262.850006
263.75,267.98999,262.399994,266.209991
265.119995,269.059998,265.019989,268.399994
264.790009,268.100006,263.290009,267.660004
265.649994,266.529999,262.179993,264.51001
265.880005,265.940002,252.039993,253.669998
250.190002,253.550003,248.110001,252.720001
250.570007,255.139999,245.940002,254.080002
255.720001,260.369995,254.770004,256.720001
259.75,260.839996,253.300003,254.25
257.579987,259.720001,253.679993,259.529999
259.899994,264.869995,258.910004,262.269989
259.790009,264.890015,257.029999,264.839996
265.23999,265.329987,259.070007,260.359985
261.0,261.5,256.809998,258.829987
259.859985,259.880005,249.570007,251.899994
261.160004,270.049988,258.850006,268.73999
269.75,277.839996,267.869995,276.410004
277.700012,282.0,276.630005,280.73999
277.820007,281.279999,275.839996,278.01001
276.0,277.890015,272.380005,274.820007
276.76001,283.5,276.609985,282.470001
281.799988,283.799988,280.170013,283.649994
279.149994,283.649994,278.679993,282.910004
284.049988,285.920013,279.320007,280.320007
279.640015,283.079987,277.609985,282.299988
288.170013,289.809998,286.940002,289.160004
290.850006,291.209991,286.51001,287.019989
288.480011,291.910004,286.940002,291.910004
291.0,294.179993,290.109985,293.470001
291.98999,294.040009,290.420013,292.709991
289.73999,293.350006,289.470001,291.320007
290.190002,291.910004,289.079987,290.170013
288.899994,289.25,285.559998,286.149994
282.079987,282.459991,277.220001,277.75
276.440002,278.859985,275.399994,276.440002
275.410004,277.230011,275.109985,275.790009
277.329987,279.019989,274.519989,278.850006
279.079987,280.339996,267.980011,268.089996
265.850006,267.399994,263.850006,265.230011
266.670013,267.049988,260.660004,262.970001
265.390015,267.109985,261.329987,261.470001
258.869995,260.890015,255.410004,260.399994
261.700012,264.73999,254.470001,256.059998
256.200012,257.829987,251.940002,253.25
254.699997,258.829987,253.220001,258.089996
257.51001,260.429993,254.789993,258.519989
260.5,265.230011,260.290009,264.459991
265.779999,267.450012,265.160004,266.649994
258.839996,260.399994,251.589996,251.990005
253.529999,254.229996,249.860001,252.220001
249.770004,251.399994,244.020004,245.380005
244.259995,245.300003,242.059998,244.740005
242.470001,245.139999,240.850006,244.520004
242.070007,243.509995,239.639999,242.449997
244.270004,247.660004,238.899994,238.949997
237.869995,243.860001,237.570007,240.979996
239.539993,241.130005,235.199997,237.919998
237.050003,241.449997,236.899994,237.449997
239.979996,241.800003,234.5,236.410004
236.809998,242.330002,234.729996,241.070007
238.889999,239.949997,234.410004,237.5
238.289993,240.539993,232.729996,232.899994
235.410004,241.610001,234.660004,240.740005
245.089996,250.360001,244.979996,248.880005
245.990005,250.580002,244.100006,249.199997
247.929993,250.339996,246.080002,246.789993
240.899994,241.320007,233.169998,234.240005
233.050003,234.559998,226.729996,229.25
227.619995,229.059998,224.110001,225.410004
225.399994,227.860001,223.960007,225.75
219.850006,236.100006,219.130005,234.240005
235.539993,237.240005,228.339996,228.559998
235.820007,238.960007,235.139999,237.529999
243.240005,243.929993,235.369995,238.5
237.039993,239.610001,234.289993,236.479996
235.770004,241.309998,234.869995,236.149994
234.740005,243.0,234.5,242.119995
243.759995,247.839996,241.300003,247.25
247.259995,251.039993,245.830002,250.660004
231.169998,238.300003,230.059998,231.320007
231.039993,233.690002,225.779999,226.75
226.240005,236.600006,226.050003,235.869995
233.759995,234.919998,231.149994,232.130005
234.600006,235.740005,227.330002,228.169998
229.460007,231.300003,220.039993,220.100006
220.089996,220.410004,213.979996,214.25
217.550003,221.589996,213.429993,221.389999
221.990005,228.410004,221.279999,227.869995
228.699997,231.649994,225.839996,228.869995
227.369995,228.630005,224.330002,224.509995
235.429993,243.330002,235.0,242.979996
242.990005,247.990005,241.929993,247.110001
241.990005,243.910004,239.210007,241.550003
245.660004,247.0,240.029999,241.970001
242.789993,243.800003,240.419998,241.729996
237.779999,243.25,237.630005,241.679993
243.509995,243.740005,239.029999,241.220001
241.429993,244.669998,241.190002,242.050003
243.589996,245.309998,240.710007,245.029999
245.110001,248.279999,244.270004,247.580002
247.309998,248.699997,246.729996,247.490005
246.080002,246.649994,240.800003,241.759995
241.399994,242.789993,238.210007,240.330002
240.570007,255.330002,239.860001,255.139999
253.869995,256.119995,250.919998,254.690002
249.820007,256.059998,249.690002,255.020004
252.009995,253.820007,248.059998,250.199997
250.820007,251.860001,243.779999,245.119995
244.830002,246.160004,242.210007,244.369995
244.839996,248.740005,243.059998,247.399994
244.699997,248.309998,244.160004,245.419998
247.449997,252.539993,247.169998,252.509995
261.690002,263.920013,253.070007,256.920013
257.130005,262.589996,254.309998,257.220001
253.720001,254.199997,247.339996,249.009995
248.550003,249.839996,243.509995,244.690002
244.860001,245.210007,238.710007,240.449997
239.399994,242.910004,238.419998,241.800003
241.690002,245.619995,240.110001,244.429993
241.259995,241.990005,233.869995,238.190002
236.110001,238.869995,233.940002,238.729996
238.699997,238.929993,235.830002,236.960007
236.889999,239.720001,234.169998,234.529999
235.649994,241.919998,235.649994,241.009995
238.210007,239.960007,236.660004,239.820007
243.080002,245.75,237.399994,239.580002
232.279999,232.869995,225.960007,229.100006
227.199997,227.550003,221.759995,222.309998
223.0,225.759995,219.350006,224.929993
226.449997,231.240005,226.410004,227.119995
227.759995,231.309998,227.330002,228.850006
231.289993,235.949997,231.110001,235.770004
235.259995,239.899994,233.559998,238.509995
237.0,239.369995,234.919998,239.229996
237.970001,240.910004,237.089996,240.350006
241.570007,242.380005,235.520004,235.809998
233.779999,235.520004,230.679993,231.929993
234.860001,240.740005,234.509995,240.220001
241.100006,245.169998,239.649994,242.580002
242.5,243.949997,240.440002,242.039993
234.479996,243.300003,230.899994,240.610001
243.649994,248.309998,242.0,248.0
248.990005,249.830002,246.830002,248.160004
244.509995,245.600006,242.199997,242.710007
243.449997,247.949997,242.949997,247.809998
248.0,255.179993,245.470001,252.75
258.820007,264.690002,257.25,264.600006
259.540009,264.200012,257.100006,258.350006
257.440002,258.299988,254.779999,256.769989
260.529999,268.769989,260.079987,267.559998
273.200012,276.76001,266.209991,266.730011
273.799988,273.980011,262.799988,263.619995
261.529999,264.089996,260.660004,263.100006
267.640015,274.600006,267.149994,271.320007
272.670013,274.970001,269.279999,272.170013
268.320007,270.730011,266.179993,269.320007
264.019989,266.73999,261.899994,262.149994
259.390015,260.089996,256.0,258.059998
254.479996,255.490005,251.589996,252.669998
254.089996,254.339996,250.339996,251.509995
255.559998,256.839996,250.479996,254.770004
249.960007,251.0,248.100006,249.220001
252.460007,252.820007,249.389999,250.160004
249.070007,251.490005,248.729996,249.419998
250.759995,250.929993,245.789993,246.270004
246.550003,251.399994,245.610001,251.110001
252.190002,255.619995,251.389999,255.289993
256.429993,260.119995,255.979996,256.869995
256.299988,257.690002,253.389999,254.149994
254.039993,254.539993,250.809998,253.699997
255.820007,259.559998,251.580002,252.320007
251.080002,252.789993,247.600006,248.589996
247.399994,257.910004,245.729996,253.919998
256.75,261.070007,255.860001,260.790009
259.980011,266.480011,259.209991,265.440002
265.209991,276.559998,263.279999,276.200012
278.26001,283.329987,276.320007,279.429993
276.980011,277.480011,269.850006,272.230011
274.880005,275.0,269.519989,273.779999
273.399994,281.040009,272.179993,272.290009
277.940002,281.059998,275.200012,277.660004
277.23999,280.630005,275.279999,280.570007
280.5,281.459991,275.519989,276.380005
275.790009,276.140015,272.049988,275.230011
278.959991,281.140015,278.410004,280.51001
284.230011,284.459991,281.480011,284.049988
283.730011,289.269989,283.0,288.299988
286.519989,288.269989,283.950012,287.230011
287.230011,290.450012,285.670013,287.179993
285.850006,287.149994,282.920013,284.339996
283.209991,292.079987,282.029999,291.600006
289.209991,289.600006,284.709991,289.390015
285.75,285.980011,281.640015,282.829987
284.790009,287.01001,281.959991,283.48999
283.589996,289.899994,283.170013,289.839996
287.0,288.480011,283.690002,286.140015
289.929993,291.600006,286.160004,288.799988
291.570007,291.76001,287.01001,288.369995
285.98999,289.049988,284.540009,288.450012
285.25,289.029999,285.079987,286.109985
285.01001,286.269989,283.059998,285.76001
282.089996,284.950012,278.720001,281.769989
279.51001,281.600006,275.369995,275.420013
296.700012,299.570007,292.730011,295.369995
295.970001,305.200012,295.25,304.829987
304.01001,308.929993,303.309998,307.26001
306.970001,308.600006,305.149994,305.559998
307.76001,309.179993,303.910004,305.410004
306.619995,308.609985,304.089996,304.399994
306.23999,307.76001,303.399994,305.410004
305.720001,311.970001,304.269989,310.649994
310.130005,310.200012,306.089996,308.649994
308.0,310.040009,306.309998,307.0
308.619995,313.0,307.670013,312.309998
310.100006,311.119995,306.26001,310.109985
310.549988,310.649994,306.600006,308.970001
309.100006,309.899994,307.589996,309.459991
309.829987,313.709991,309.829987,311.73999
312.290009,314.429993,310.73999,314.0
314.529999,319.040009,313.720001,318.519989
316.73999,318.75,316.369995,318.339996
318.600006,322.589996,318.01001,321.179993
320.029999,322.720001,315.25,315.26001
314.730011,316.5,312.609985,313.850006
323.23999,326.899994,320.0,325.920013
324.019989,333.399994,323.880005,332.890015
335.230011,335.73999,330.519989,331.209991
332.290009,335.940002,327.329987,328.390015
325.929993,333.529999,324.720001,332.579987
334.25,337.5,332.549988,335.399994
335.220001,338.559998,334.660004,335.940002
335.329987,335.369995,332.170013,333.679993
331.649994,334.48999,322.5,323.380005
323.940002,326.640015,323.350006,325.26001
324.98999,329.98999,324.410004,326.790009
328.579987,332.100006,325.160004,331.850006
334.470001,336.980011,330.390015,334.290009
334.339996,339.040009,332.809998,337.339996
337.480011,349.839996,337.200012,348.100006
351.320007,351.470001,341.950012,342.329987
339.309998,342.079987,335.859985,338.049988
336.369995,337.730011,332.070007,333.559998
334.119995,340.119995,333.339996,339.709991
334.359985,337.959991,333.450012,335.019989
333.720001,336.109985,328.48999,328.600006
331.859985,336.149994,329.299988,334.570007
334.660004,337.980011,333.809998,335.850006
334.709991,336.109985,332.619995,335.049988
337.75,342.730011,337.200012,340.540009
339.190002,340.899994,336.570007,337.98999
335.089996,341.649994,334.730011,338.149994
337.299988,342.98999,335.5,341.269989
339.320007,341.790009,337.0,337.220001
334.600006,335.230011,327.589996,331.829987
331.059998,332.859985,327.0,332.470001
336.600006,341.649994,335.670013,337.200012
339.559998,343.73999,339.019989,342.660004
347.589996,351.429993,344.309998,345.23999
345.679993,346.98999,342.200012,345.730011
345.829987,366.779999,342.170013,359.48999
361.75,362.459991,352.440002,355.079987
353.570007,357.970001,345.369995,346.869995
349.149994,350.299988,339.829987,343.769989
345.850006,346.920013,342.309998,345.109985
347.109985,351.890015,345.070007,350.980011
341.440002,344.670013,333.109985,337.769989
340.480011,341.329987,329.049988,330.720001
333.670013,340.01001,333.170013,338.369995
336.920013,337.700012,333.359985,335.920013
335.190002,338.540009,333.700012,336.339996
333.630005,333.630005,326.359985,327.5
326.0,329.880005,325.950012,326.660004
331.880005,335.140015,327.23999,327.779999
328.369995,331.109985,327.519989,330.109985
326.959991,328.75,323.0,326.049988
326.470001,327.109985,321.049988,322.230011
326.019989,328.26001,321.179993,322.929993
320.26001,322.410004,319.209991,321.01001
321.390015,324.059998,320.079987,324.040009
323.0,325.089996,320.899994,321.859985
320.799988,324.420013,319.799988,320.399994
320.540009,321.869995,316.209991,316.880005
314.48999,318.380005,311.549988,316.480011
317.929993,322.769989,317.040009,321.880005
325.5,326.079987,321.459991,322.459991
323.820007,329.200012,323.459991,327.0
332.850006,332.980011,319.959991,319.970001
321.470001,325.359985,318.799988,322.980011
325.660004,326.149994,321.720001,323.700012
321.880005,328.980011,321.880005,328.410004
328.670013,329.809998,326.450012,328.790009
329.200012,330.910004,326.779999,327.76001
331.309998,331.98999,326.779999,328.660004
329.0,334.850006,328.660004,333.549988
333.380005,334.459991,330.179993,332.880005
331.290009,333.079987,329.029999,329.910004
330.089996,336.160004,329.459991,334.269989
337.23999,338.420013,335.429993,337.940002
335.820007,336.790009,331.480011,331.769989
331.309998,336.850006,331.170013,336.059998
339.149994,340.859985,336.570007,338.700012
336.920013,337.399994,329.649994,330.220001
327.799988,330.399994,326.359985,329.059998
326.170013,329.390015,324.51001,328.649994
329.51001,329.589996,320.51001,320.769989
319.26001,325.350006,315.0,319.529999
321.320007,321.450012,316.149994,317.01001
316.589996,317.670013,315.0,317.540009
315.130005,315.880005,310.019989,312.140015
312.299988,314.299988,309.690002,312.790009
310.98999,315.480011,309.450012,313.640015
317.75,319.470001,314.980011,315.75
316.279999,321.890015,315.179993,321.799988
320.829987,321.390015,311.209991,313.390015
314.029999,320.040009,314.0,318.959991
319.089996,319.980011,314.899994,319.359985
316.549988,329.190002,316.299988,327.26001
324.75,330.299988,323.179993,329.820007
330.959991,331.100006,327.670013,328.390015
331.209991,332.820007,329.140015,332.420013
330.570007,333.630005,328.720001,331.160004
332.380005,333.829987,326.359985,327.730011
331.049988,336.140015,330.600006,332.640015
329.589996,333.459991,327.410004,332.059998
332.48999,335.589996,328.299988,330.109985
332.149994,336.880005,330.910004,331.320007
331.720001,331.920013,325.450012,326.670013
325.470001,332.730011,324.390015,329.320007
331.299988,331.839996,327.600006,330.529999
345.019989,346.200012,337.619995,340.670013
340.540009,341.630005,326.940002,327.890015
330.429993,336.720001,328.399994,329.809998
333.410004,339.450012,331.829987,337.309998
338.850006,339.0,334.690002,338.109985
339.790009,347.420013,339.649994,346.070007
347.23999,348.829987,344.769989,348.320007
349.630005,354.390015,347.329987,352.799988
353.450012,357.540009,353.350006,356.529999
359.399994,362.459991,357.630005,360.529999
361.679993,363.869995,360.549988,363.200012
362.299988,364.790009,360.359985,360.690002
361.48999,370.100006,361.070007,369.670013
368.220001,368.470001,365.899994,366.679993
371.01001,371.950012,367.350006,370.269989
371.279999,373.130005,367.109985,369.670013
370.959991,376.350006,370.179993,376.170013
373.609985,374.369995,367.0,369.850006
371.220001,378.869995,371.0,377.440002
375.670013,376.220001,371.119995,373.070007
378.0,379.790009,374.970001,377.850006
377.329987,377.970001,375.140015,377.429993
376.779999,380.640015,376.200012,378.609985
378.350006,383.0,378.160004,382.700012
383.76001,384.299988,377.440002,378.850006
378.48999,380.089996,375.470001,378.910004
376.76001,378.160004,371.309998,374.51001
369.100006,369.519989,362.899994,369.140015
366.450012,373.079987,365.619995,372.519989
373.540009,374.179993,368.029999,368.799988
368.230011,371.450012,366.320007,370.950012
369.200012,374.459991,368.230011,374.230011
368.480011,371.600006,366.100006,371.299988
370.850006,374.420013,370.459991,374.380005
376.019989,377.640015,370.769989,374.369995
373.309998,373.76001,364.130005,365.929993
366.850006,372.399994,366.279999,370.730011
369.450012,373.0,368.679993,372.649994
371.48999,373.26001,369.839996,373.26001
375.0,376.029999,370.529999,370.619995
372.559998,374.410004,370.040009,373.540009
373.679993,375.179993,372.709991,374.579987
375.0,376.940002,373.5,374.660004
373.690002,375.059998,372.809998,374.070007
375.369995,376.459991,374.160004,375.279999
376.0,377.160004,373.480011,376.040009
373.859985,375.899994,366.769989,370.869995
369.01001,373.26001,368.51001,370.600006
370.670013,373.100006,367.170013,367.940002
368.970001,372.059998,366.5,367.75
369.299988,375.200012,369.01001,374.690002
372.01001,375.98999,371.190002,375.790009
376.369995,384.170013,376.320007,382.769989
386.0,390.679993,380.380005,384.630005
385.48999,388.679993,384.649994,388.470001
393.660004,394.029999,387.619995,390.269989
387.980011,390.109985,384.809998,389.470001
391.720001,393.98999,390.119995,393.869995
395.76001,398.670013,393.5,398.670013
400.019989,400.619995,393.589996,396.51001
395.75,399.380005,393.929993,398.899994
401.540009,405.630005,400.450012,402.559998
404.320007,407.01001,402.529999,404.869995
404.369995,406.170013,402.429993,403.929993
406.059998,409.980011,404.329987,409.720001
412.26001,413.049988,406.450012,408.589996
406.959991,415.320007,397.209991,397.579987
401.829987,408.0,401.799988,403.779999
403.809998,412.649994,403.559998,411.220001
409.899994,411.160004,403.98999,405.649994
405.880005,407.970001,402.910004,405.48999
407.440002,414.299988,407.399994,414.049988
414.049988,415.559998,412.529999,414.109985
415.25,420.820007,415.089996,420.549988
420.559998,420.73999,414.75,415.26001
404.940002,410.070007,403.390015,406.320007
408.070007,409.839996,404.570007,409.48999
408.140015,409.130005,404.290009,406.559998
407.959991,408.290009,403.440002,404.059998
403.23999,404.48999,398.01001,402.790009
400.170013,402.290009,397.220001,402.179993
410.190002,412.829987,408.570007,411.649994
415.670013,415.859985,408.970001,410.339996
411.459991,412.160004,407.359985,407.540009
407.98999,408.320007,403.850006,407.480011
408.179993,409.299988,405.320007,407.720001
408.640015,414.200012,405.920013,413.640015
411.269989,415.869995,410.880005,415.5
413.440002,417.350006,412.320007,414.920013
413.959991,414.25,400.640015,402.649994
402.970001,405.160004,398.390015,402.089996
406.119995,409.779999,402.23999,409.140015
407.959991,410.420013,404.329987,406.220001
403.76001,405.679993,401.26001,404.519989
407.619995,415.570007,406.790009,415.279999
418.100006,418.179993,411.450012,415.100006
420.23999,427.820007,417.98999,425.220001
419.290009,422.600006,412.790009,416.420013
414.25,420.730011,413.779999,417.320007
417.829987,421.670013,415.549988,421.410004
422.0,425.959991,420.660004,425.230011
429.829987,430.820007,427.160004,429.369995
429.700012,429.859985,426.070007,428.73999
425.23999,427.410004,421.609985,422.859985
425.609985,425.98999,421.350006,421.649994
424.440002,424.450012,419.01001,421.429993
420.959991,421.869995,419.119995,420.720001
423.950012,427.890015,422.220001,424.570007
420.109985,422.380005,417.839996,421.440002
419.730011,423.26001,419.089996,420.450012
424.98999,428.670013,417.570007,417.880005
420.01001,426.51001,418.320007,425.519989
425.170013,427.279999,423.299988,424.589996
426.440002,427.73999,421.619995,426.279999
422.190002,424.029999,419.700012,423.26001
425.820007,429.369995,422.359985,427.929993
424.049988,425.179993,419.769989,421.899994
426.600006,426.820007,413.429993,413.640015
414.570007,418.399994,413.730011,414.579987
417.25,418.880005,410.329987,411.839996
410.630005,411.890015,403.950012,404.269989
404.029999,405.480011,397.769989,399.119995
400.079987,402.850006,395.75,400.959991
404.23999,408.200012,403.059998,407.570007
409.559998,412.470001,406.779999,409.059998
394.029999,399.890015,388.029999,399.040009
412.170013,413.0,405.76001,406.320007
405.25,406.320007,399.190002,402.25
401.48999,402.160004,389.170013,389.329987
392.609985,401.720001,390.309998,394.940002
397.660004,399.929993,394.649994,397.839996
402.279999,407.149994,401.859985,406.660004
408.76001,413.929993,406.369995,413.540009
414.660004,414.670013,409.089996,409.339996
408.170013,412.230011,406.709991,410.540009
410.570007,412.720001,409.100006,412.320007
412.940002,415.380005,411.799988,414.73999
418.01001,418.350006,410.820007,413.720001
412.019989,417.48999,411.549988,416.559998
417.899994,423.809998,417.269989,423.079987
421.799988,425.420013,420.350006,420.98999
422.540009,422.920013,418.029999,420.209991
420.209991,426.769989,419.98999,425.339996
426.829987,432.970001,424.850006,429.040009
430.089996,432.410004,427.130005,430.519989
432.970001,433.600006,425.420013,427.0
427.190002,431.059998,424.410004,430.160004
429.630005,430.820007,426.600006,430.320007
425.690002,430.940002,425.690002,429.170013
424.299988,424.299988,414.23999,414.670013
416.75,416.75,404.51001,415.130005
415.529999,416.429993,408.920013,413.519989
412.429993,416.440002,409.679993,416.070007
417.809998,424.079987,416.299988,424.01001
424.01001,425.309998,420.579987,424.519989
426.200012,426.279999,423.0,423.850006
424.700012,428.079987,423.890015,427.869995
425.480011,432.820007,425.25,432.679993
435.320007,443.399994,433.25,441.059998
440.850006,443.390015,439.369995,441.579987
438.279999,443.140015,436.720001,442.570007
442.589996,450.940002,440.720001,448.369995
449.709991,450.140015,444.890015,446.339996
446.299988,446.529999,441.269989,445.700012
447.380005,450.579987,446.51001,449.779999
449.799988,452.75,446.410004,447.670013
448.25,451.420013,446.75,450.950012
449.0,453.600006,448.190002,452.160004
452.179993,456.170013,451.769989,452.850006
453.070007,455.380005,446.410004,446.950012
448.660004,457.369995,445.660004,456.730011
453.200012,459.589996,453.109985,459.279999
458.190002,461.019989,457.880005,460.769989
459.609985,468.350006,458.970001,467.559998
466.549988,467.700012,464.459991,466.23999
467.0,467.329987,458.0,459.540009
461.220001,466.459991,458.859985,466.25
462.980011,464.779999,451.549988,454.700012
454.329987,456.359985,450.649994,453.549988
453.299988,457.26001,451.429993,453.959991
454.220001,454.299988,446.660004,449.519989
442.589996,444.850006,439.179993,443.519989
444.339996,444.649994,434.399994,440.369995
433.100006,441.140015,432.0,437.109985
441.790009,444.600006,438.910004,442.940002
443.899994,448.390015,443.100006,444.850006
440.450012,441.480011,427.589996,428.899994
428.799988,429.799988,417.51001,418.399994
418.200012,428.920013,417.269989,425.269989
431.579987,432.149994,424.700012,426.730011
427.720001,429.049988,417.359985,422.920013
420.5,421.779999,412.209991,418.350006
420.790009,427.459991,413.089996,417.109985
412.48999,415.0,404.339996,408.48999
389.170013,401.040009,385.579987,395.149994
400.0,405.670013,398.5,399.609985
408.640015,410.079987,397.470001,398.429993
402.440002,405.859985,399.940002,402.690002
404.029999,408.049988,402.26001,406.019989
407.059998,408.76001,404.23999,406.809998
409.589996,414.950012,409.570007,414.01001
414.799988,417.720001,412.450012,416.859985
419.799988,421.109985,417.660004,421.029999
420.600006,421.339996,417.299988,418.470001
418.959991,421.75,416.459991,421.529999
421.700012,425.859985,421.640015,424.799988
424.079987,426.399994,421.720001,424.140015
424.359985,426.790009,414.609985,415.549988
416.980011,419.26001,412.089996,416.790009
416.369995,417.279999,411.339996,413.48999
412.859985,414.359985,410.25,413.839996
414.880005,415.0,407.309998,410.600006
414.940002,422.049988,410.600006,413.119995
415.600006,417.48999,412.130005,417.140015
417.910004,419.880005,407.029999,409.440002
405.910004,411.23999,404.369995,408.899994
407.619995,413.100006,406.130005,408.390015
409.059998,410.649994,400.799988,401.700012
407.23999,408.649994,402.149994,405.720001
408.200012,416.329987,407.700012,414.200012
415.5,423.98999,409.579987,423.040009
423.309998,427.369995,419.75,427.0
425.829987,431.829987,425.459991,430.589996
430.600006,433.529999,428.220001,431.339996
440.230011,441.850006,432.269989,435.149994
435.0,436.029999,430.410004,430.809998
441.230011,441.5,436.899994,438.690002
437.220001,439.23999,434.220001,435.269989
434.279999,436.459991,430.390015,433.51001
433.0,433.350006,426.100006,429.170013
429.829987,433.119995,428.570007,432.109985
435.089996,435.299988,429.130005,431.309998
431.519989,431.850006,427.470001,428.019989
428.209991,430.420013,425.369995,430.299988
428.450012,428.480011,418.809998,420.690002
422.579987,422.820007,416.709991,417.130005
417.630005,419.549988,414.290009,416.540009
418.23999,419.75,414.970001,416.059998
416.0,417.109985,409.0,409.540009
410.899994,415.660004,408.170013,414.709991
415.859985,420.380005,414.299988,417.459991
415.230011,417.350006,413.149994,415.839996
416.140015,417.130005,413.25,416.320007
417.769989,424.040009,417.519989,419.140015
422.179993,422.480011,415.26001,418.73999
415.170013,416.359985,410.480011,416.119995
422.359985,422.5,415.589996,416.720001
417.140015,419.649994,416.26001,418.160004
416.119995,418.959991,413.75,418.779999
418.48999,430.579987,418.040009,427.51001
430.859985,431.079987,422.529999,424.600006
425.329987,425.980011,422.399994,424.730011
426.76001,432.519989,426.570007,428.149994
431.660004,431.940002,426.299988,426.589996
428.0,433.170013,425.799988,431.950012
437.440002,438.5,432.100006,432.529999
415.359985,416.160004,406.299988,406.350006
409.01001,415.5,407.5,410.369995
409.799988,410.420013,405.570007,408.459991
408.369995,414.899994,408.079987,411.459991
412.420013,420.450012,410.519989,420.179993
421.279999,426.850006,419.880005,425.429993
425.320007,426.5,421.779999,422.540009
422.519989,424.809998,416.0,418.01001
418.25,424.440002,417.200012,423.029999
421.640015,429.329987,418.209991,425.200012
425.0,428.170013,420.0,426.890015
419.820007,422.799988,413.640015,415.0
414.869995,418.399994,412.100006,415.76001
413.109985,417.940002,411.549988,417.790009
416.869995,417.290009,410.579987,415.48999
419.5,419.779999,410.290009,412.869995
411.369995,417.399994,411.059998,417.0
418.380005,421.079987,414.850006,418.790009
419.589996,429.040009,418.850006,427.98999
425.109985,427.230011,422.019989,422.98999
420.089996,424.880005,417.799988,423.459991
421.570007,433.0,421.309998,430.980011
429.839996,432.470001,427.73999,431.200012
433.029999,439.670013,432.630005,437.420013
437.920013,444.660004,436.170013,442.619995
442.299988,446.100006,441.769989,443.570007
442.600006,448.329987,440.5,446.019989
444.390015,449.619995,441.600006,443.329987
444.049988,450.350006,444.049988,448.98999
449.109985,456.160004,449.109985,449.559998
448.440002,451.429993,445.579987,447.269989
447.269989,452.179993,445.279999,451.589996
451.01001,455.290009,449.570007,454.459991
451.320007,452.649994,437.019989,437.390015
441.619995,443.179993,436.320007,437.029999
433.109985,443.73999,428.630005,436.600006
436.73999,437.649994,432.829987,435.25
434.649994,439.600006,434.190002,439.329987
439.079987,440.940002,436.630005,438.109985
434.600006,435.220001,426.350006,430.529999
426.059998,427.549988,421.899994,424.829987
426.100006,426.730011,420.660004,421.5
425.529999,426.070007,414.850006,418.579987
421.079987,424.029999,419.540009,423.350006
428.0,434.320007,425.480011,427.850006
429.0,430.649994,420.799988,422.369995
423.459991,426.970001,421.540009,424.559998
424.630005,424.709991,415.019989,418.950012
415.23999,418.5,412.290009,417.190002
417.809998,419.73999,410.720001,415.670013
419.130005,428.149994,418.269989,426.309998
428.700012,429.48999,424.390015,424.579987
434.089996,434.480011,428.170013,429.029999
430.200012,430.899994,425.600006,428.5
437.559998,447.269989,436.0,446.200012
442.0,446.75,441.5,446.709991
445.160004,446.649994,441.399994,444.059998
424.01001,435.200012,423.5,434.559998
434.600006,448.380005,431.380005,447.200012
446.690002,446.880005,440.399994,442.329987
418.769989,422.859985,413.160004,414.98999
418.980011,420.690002,414.910004,415.059998
411.600006,415.410004,408.660004,410.920013
412.690002,413.920013,409.73999,412.369995
412.350006,413.829987,410.399994,413.290009
414.0,418.200012,414.0,415.820007
416.480011,418.649994,408.100006,409.75
413.709991,415.459991,410.920013,412.220001
409.640015,412.48999,409.299988,411.440002
407.209991,410.75,404.369995,409.040009
407.0,411.0,406.359985,410.540009
407.790009,408.910004,405.880005,408.429993
408.0,410.600006,406.5,409.640015
407.880005,415.48999,407.649994,414.769989
415.290009,419.309998,412.540009,416.130005
417.339996,418.049988,407.890015,408.209991
408.51001,409.369995,399.320007,404.0
401.100006,401.920013,396.700012,397.899994
398.01001,403.600006,394.25,399.730011
401.269989,405.73999,392.170013,392.529999
392.660004,397.630005,386.570007,396.98999
398.820007,398.820007,386.160004,388.48999
383.399994,392.579987,381.0,388.609985
389.339996,401.670013,388.809998,401.019989
394.279999,402.149994,392.679993,396.890015
392.320007,394.799988,385.540009,393.309998
385.839996,386.399994,377.220001,380.160004
379.0,386.0,376.910004,380.450012
382.950012,385.220001,378.950012,383.269989
383.160004,385.320007,377.450012,378.769989
379.779999,390.230011,379.51001,388.559998
386.700012,392.709991,385.570007,388.700012
387.070007,387.369995,381.100006,383.519989
385.529999,389.679993,384.0,387.820007
385.73999,391.790009,383.279999,386.839996
383.220001,391.73999,382.799988,391.26001
395.399994,395.399994,389.809998,393.079987
393.920013,396.359985,392.640015,395.160004
395.0,395.309998,388.570007,389.970001
390.130005,392.23999,387.399994,390.579987
388.079987,389.130005,376.929993,378.799988
372.540009,377.070007,367.23999,375.390015
374.649994,382.850006,373.230011,382.190002
377.970001,385.079987,376.619995,382.140015
374.790009,377.480011,369.350006,373.109985
364.130005,374.589996,359.480011,359.839996
350.880005,371.0,344.790009,357.859985
368.26001,373.649994,350.25,354.559998
353.540009,393.230011,353.100006,390.48999
382.059998,383.899994,367.799988,381.350006
380.640015,390.049988,378.890015,388.450012
393.220001,394.649994,384.209991,387.809998
388.51001,391.890015,384.160004,385.730011
380.670013,381.609985,368.0,371.609985
373.75,374.320007,366.890015,367.779999
362.820007,364.480011,355.670013,359.119995
363.380005,367.769989,359.859985,366.820007
376.059998,380.390015,373.019989,374.390015
375.700012,388.450012,375.190002,387.299988
387.0,392.160004,384.600006,391.850006
391.959991,392.73999,386.640015,391.160004
391.299988,395.100006,390.380005,394.040009
390.299988,396.660004,384.440002,395.26001
431.109985,436.98999,424.899994,425.399994
431.73999,439.440002,429.98999,435.279999
432.869995,439.5,432.109985,436.170013
432.200012,437.730011,431.170013,433.309998
433.839996,438.119995,431.109985,433.350006
437.929993,443.670013,435.660004,438.170013
440.0,440.73999,435.880005,438.730011
445.940002,449.369995,439.779999,449.26001
447.779999,450.670013,445.359985,449.140015
448.140015,453.899994,448.140015,452.940002
450.769989,456.190002,450.429993,453.130005
452.049988,454.359985,448.730011,454.269989
450.880005,459.589996,450.799988,458.869995
455.589996,458.339996,454.320007,458.170013
454.570007,457.779999,451.809998,452.570007
454.950012,460.25,453.899994,454.859985
449.980011,453.690002,448.910004,450.179993
456.480011,460.950012,456.119995,460.690002
461.220001,462.519989,456.929993,457.359985
461.549988,461.720001,455.309998,458.679993
459.720001,461.679993,455.540009,460.359985
457.140015,462.109985,456.890015,461.970001
461.470001,464.140015,460.859985,462.970001
464.0,465.690002,463.019989,463.869995
464.959991,469.649994,464.029999,467.679993
470.089996,473.339996,468.779999,470.380005
469.700012,473.429993,468.619995,472.75
471.190002,472.799988,466.959991,470.920013
470.019989,475.470001,469.660004,472.619995
475.019989,480.420013,473.519989,478.869995
476.410004,479.179993,472.76001,474.959991
475.209991,480.690002,475.0,479.140015
475.399994,478.73999,474.079987,478.040009
478.0,481.0,474.459991,480.23999
482.230011,483.459991,476.869995,477.399994
478.209991,487.75,472.51001,486.0
488.950012,491.850006,486.799988,490.109985
492.040009,494.559998,489.390015,492.269989
492.980011,498.040009,492.809998,497.450012
497.549988,499.299988,493.029999,495.940002
497.040009,500.76001,495.329987,497.410004
496.470001,498.049988,490.980011,492.049988
489.98999,493.5,488.700012,491.089996
493.809998,500.130005,493.440002,498.839996
497.380005,498.75,495.230011,497.720001
497.23999,498.200012,494.109985,496.619995
500.299988,506.779999,499.73999,503.51001
503.049988,504.440002,497.75,501.480011
498.470001,505.029999,497.799988,503.320007
501.519989,503.970001,501.029999,503.019989
503.019989,508.299988,502.790009,505.820007
505.179993,506.720001,501.890015,505.619995
505.679993,513.369995,505.619995,511.700012
514.47998,514.640015,507.429993,510.049988
506.709991,512.090027,505.549988,510.059998
510.970001,511.200012,505.269989,505.269989
506.75,506.790009,500.700012,505.869995
508.769989,513.669983,507.299988,510.880005
512.469971,518.289978,510.359985,513.710022
514.080017,515.0,510.119995,512.5
515.530029,517.619995,511.559998,512.570007
515.169983,515.950012,509.440002,513.23999
555.22998,555.450012,531.900024,533.5
535.0,535.799988,520.859985,524.109985
528.27002,538.25,528.130005,535.640015
537.179993,537.299988,527.23999,527.75
530.900024,531.700012,524.030029,524.940002
526.799988,528.090027,517.549988,520.840027
522.599976,524.659973,519.409973,522.039978
522.299988,527.590027,519.719971,521.77002
523.75,530.97998,522.700012,529.23999
532.109985,532.700012,519.369995,520.580017
522.559998,525.950012,520.140015,522.47998
522.77002,526.099976,519.080017,520.169983
521.590027,522.820007,514.02002,517.099976
515.0,515.159973,508.549988,509.769989
509.869995,511.0,504.440002,505.720001
503.690002,507.630005,502.720001,504.23999
504.25,510.730011,502.410004,507.230011
506.630005,508.190002,504.119995,504.26001
504.359985,504.980011,498.51001,502.040009
502.0,507.290009,499.899994,506.73999
507.089996,511.089996,505.5,509.640015
508.660004,509.600006,504.48999,506.690002
500.470001,506.0,496.809998,505.119995
503.790009,507.790009,502.320007,505.350006
504.299988,508.149994,503.149994,507.970001
509.070007,511.970001,492.369995,495.0
498.109985,501.200012,495.029999,498.200012
501.429993,502.25,497.700012,498.410004
502.980011,503.230011,496.720001,500.369995
502.25,503.170013,497.880005,501.01001
506.649994,512.549988,503.850006,509.899994
508.790009,515.469971,507.0,515.359985
516.880005,517.22998,508.600006,509.040009
510.619995,511.290009,505.929993,510.019989
511.48999,513.070007,507.660004,508.450012
510.559998,519.299988,510.309998,517.929993
515.590027,517.73999,512.539978,514.450012
513.799988,514.590027,507.309998,509.230011
510.380005,512.47998,506.920013,510.149994
508.299988,510.01001,505.040009,507.029999
510.059998,513.940002,506.619995,511.459991
511.5,516.849976,508.880005,514.599976
513.23999,518.159973,509.660004,517.950012
514.799988,520.51001,511.690002,519.710022
517.640015,521.599976,510.679993,515.73999
517.099976,520.48999,515.0,517.349976
518.609985,531.030029,518.200012,528.570007
528.289978,529.799988,521.440002,523.97998
523.280029,526.950012,523.090027,524.849976
522.340027,524.330017,517.400024,522.400024
519.640015,523.580017,509.630005,510.959991
516.409973,516.409973,511.679993,514.049988
510.230011,515.280029,506.0,513.570007
514.960022,517.190002,510.0,513.429993
512.580017,516.849976,508.130005,511.609985
509.040009,515.47998,507.309998,513.580017
514.609985,518.700012,513.429993,516.789978
517.5,518.690002,513.039978,517.659973
521.150024,525.22998,517.710022,520.539978
522.460022,523.950012,518.609985,520.559998
522.789978,525.349976,520.710022,523.609985
531.780029,534.580017,529.01001,531.52002
550.0,553.719971,540.77002,542.070007
544.940002,546.27002,536.72998,541.549988
530.47998,534.969971,522.119995,525.76001
528.880005,529.320007,515.099976,517.809998
519.809998,524.960022,514.590027,517.030029
511.76001,515.549988,507.839996,514.330017
513.299988,514.830017,506.579987,507.160004
505.660004,505.700012,495.809998,497.100006
496.950012,499.380005,493.25,496.820007
500.040009,506.850006,498.799988,506.0
504.799988,509.600006,502.350006,508.679993
509.359985,511.670013,499.119995,511.140015
510.309998,513.5,501.290009,503.290009
498.230011,511.600006,497.440002,510.179993
508.450012,512.119995,504.910004,507.48999
495.369995,502.980011,486.779999,493.790009
490.100006,495.190002,482.829987,487.119995
492.709991,493.570007,475.5,478.429993
478.5,478.920013,468.269989,472.119995
475.0,476.899994,468.019989,474.0
474.070007,479.149994,464.890015,476.98999
486.309998,488.309998,481.200012,485.5
487.600006,492.630005,486.649994,492.01001
488.440002,489.859985,484.649994,486.73999
486.720001,493.5,486.320007,490.0
476.320007,484.23999,475.200012,477.730011
479.76001,481.320007,476.48999,480.839996
482.519989,483.399994,478.880005,483.160004
484.890015,492.299988,484.380005,491.019989
489.100006,492.119995,488.5,492.019989
484.029999,484.25,475.079987,478.559998
476.630005,486.029999,475.859985,483.470001
479.820007,482.450012,476.339996,478.529999
480.100006,480.720001,472.519989,474.820007
471.910004,477.890015,470.880005,476.390015
476.910004,480.0,475.0,476.119995
478.190002,489.600006,477.890015,483.980011
487.359985,487.850006,482.48999,485.920013
486.119995,488.730011,482.690002,484.920013
484.980011,487.829987,484.73999,486.850006
485.679993,489.160004,484.829987,488.019989
486.709991,488.119995,485.959991,487.709991
484.859985,488.350006,484.179993,487.100006
485.929993,489.679993,485.5,487.480011
487.839996,488.140015,483.299988,483.619995
484.390015,484.660004,470.160004,472.940002
474.059998,476.070007,469.5,472.850006
473.799988,478.73999,469.75,478.51001
479.76001,489.700012,477.950012,483.470001
481.23999,482.660004,475.859985,478.109985
474.059998,479.820007,472.200012,479.279999
476.670013,480.98999,475.679993,477.179993
474.679993,475.779999,465.950012,470.670013
466.459991,468.200012,457.170013,459.380005
464.119995,464.25,455.899994,456.660004
457.829987,463.190002,456.480011,459.859985
451.220001,456.799988,449.279999,454.519989
452.600006,452.690002,438.679993,444.109985
447.619995,452.839996,444.700012,451.140015
451.869995,471.100006,450.529999,465.950012
465.309998,474.25,462.0,470.279999
473.700012,482.869995,473.160004,480.579987
483.209991,483.73999,478.0,481.630005
439.98999,442.5,421.019989,433.5
439.170013,439.600006,426.450012,430.290009
430.23999,430.73999,422.25,423.369995
422.01001,422.049988,408.559998,411.209991
411.0,419.799988,409.23999,414.190002
407.440002,408.299988,392.320007,393.670013
399.170013,401.790009,392.920013,401.140015
404.850006,414.890015,400.869995,413.600006
419.619995,423.679993,412.700012,413.269989
416.179993,416.459991,401.01001,404.369995
405.0,406.200012,398.01001,401.839996
404.450012,405.540009,398.049988,401.320007
399.220001,400.519989,394.529999,396.859985
398.130005,402.559998,396.320007,399.600006
400.690002,404.429993,396.670013,398.459991
396.109985,400.119995,395.160004,397.230011
395.0,395.359985,383.100006,384.470001
384.140015,389.359985,381.709991,389.0
390.529999,401.470001,390.160004,400.600006
404.709991,407.48999,398.73999,401.720001
390.880005,396.820007,389.880005,392.73999
392.859985,401.190002,390.630005,398.549988
393.140015,406.700012,392.670013,403.929993
401.269989,411.029999,400.309998,405.200012
404.420013,411.609985,404.399994,410.679993
409.200012,413.049988,408.51001,408.959991
404.920013,410.209991,403.5,409.410004
410.029999,410.200012,402.929993,405.76001
405.570007,409.01001,401.589996,404.880005
404.630005,406.119995,401.709991,401.859985
401.0,404.799988,394.25,395.549988
398.070007,400.630005,394.790009,399.950012
400.269989,404.399994,397.75,399.410004
397.130005,398.0,391.0,391.790009
390.100006,392.48999,387.059998,389.019989
386.790009,387.0,380.119995,381.869995
383.899994,387.209991,381.679993,383.0
382.359985,382.470001,371.850006,372.73999
376.920013,377.059998,369.630005,371.040009
370.820007,374.720001,365.190002,365.970001
361.899994,362.450012,356.51001,356.769989
361.899994,365.359985,356.279999,358.959991
364.549988,372.899994,363.070007,370.170013
373.48999,373.98999,368.200012,369.369995
367.209991,373.640015,364.149994,373.459991
373.48999,373.730011,369.5,372.880005
370.339996,372.450012,366.559998,372.290009
384.980011,385.0,371.410004,374.329987
372.5,373.5,367.049988,373.070007
372.980011,375.640015,370.029999,370.869995
373.609985,384.540009,371.019989,384.369995
387.920013,394.690002,386.519989,393.109985
398.0,414.369995,396.730011,411.220001
419.859985,420.820007,412.140015,420.26001
424.820007,431.579987,420.690002,422.790009
421.149994,423.329987,416.299988,418.070007
420.23999,427.179993,417.200012,424.160004
426.190002,433.700012,423.670013,432.920013
419.890015,423.660004,411.410004,415.75
416.970001,424.950012,415.799988,424.619995
422.380005,427.109985,417.070007,424.820007
424.570007,429.920013,421.899994,429.25
424.579987,426.820007,420.290009,424.459991
410.809998,414.420013,398.01001,407.779999
412.799988,417.109985,410.440002,414.440002
411.540009,420.779999,410.799988,413.619995
415.320007,416.779999,408.799988,411.380005
408.0,418.420013,405.109985,413.959991
420.109985,427.980011,418.76001,420.769989
417.390015,418.630005,414.0,415.119995
407.869995,412.690002,405.5,412.660004
414.480011,415.5,406.640015,407.769989
403.200012,406.309998,401.029999,405.209991
404.480011,411.839996,400.880005,409.429993
414.269989,428.170013,412.910004,421.920013
416.619995,425.119995,415.609985,423.540009
429.899994,432.700012,416.48999,417.420013
414.170013,422.100006,411.299988,421.059998
424.75,426.339996,415.709991,419.089996
419.540009,424.399994,416.329987,418.570007
416.429993,419.769989,413.019989,416.029999
411.01001,415.940002,409.579987,412.670013
412.980011,429.48999,412.670013,426.98999
432.549988,450.329987,432.359985,450.23999
464.839996,466.320007,458.269989,460.519989
446.880005,453.5,440.429993,441.309998
438.450012,440.390015,424.25,427.339996
435.809998,436.149994,426.410004,428.049988
