open,high,low,close
110.260002,110.75,110.07,110.459999
110.519997,110.629997,110.129997,110.18
110.370003,110.599998,109.959999,110.370003
109.919998,110.309998,109.709999,110.190002
109.190002,109.400002,108.559998,108.940002
108.32,108.93,107.889999,108.029999
107.739998,108.419998,107.239998,108.029999
108.290001,108.440002,107.540001,107.720001
107.190002,108.139999,106.5,108.040001
107.529999,107.68,106.239998,106.489998
107.730003,108.239998,107.080002,107.160004
107.300003,107.720001,107.099998,107.5
107.559998,108.190002,107.150002,107.239998
108.07,108.790001,107.620003,108.769997
104.900002,106.5,104.059998,104.290001
103.599998,103.599998,101.75,102.220001
103.349998,104.510002,103.300003,104.459999
105.279999,106.529999,105.230003,106.309998
106.489998,107.610001,106.129997,107.540001
107.489998,108.480003,107.449997,108.080002
107.510002,107.660004,106.839996,107.419998
106.910004,108.349998,106.57,108.300003
108.400002,108.860001,108.110001,108.620003
109.199997,110.360001,109.019997,110.300003
110.669998,111.339996,110.660004,110.93
111.610001,111.790001,111.339996,111.489998
111.75,111.82,111.209999,111.220001
111.959999,112.190002,111.699997,111.980003
112.239998,112.300003,111.550003,111.800003
111.870003,112.739998,111.849998,112.540001
112.150002,112.480003,111.93,112.129997
112.739998,113.650002,112.599998,113.440002
113.519997,113.739998,112.870003,113.18
113.260002,113.779999,112.910004,113.650002
113.559998,113.690002,113.279999,113.660004
113.620003,114.199997,113.220001,113.790001
114.75,114.879997,114.099998,114.580002
114.760002,115.110001,114.400002,114.980003
115.239998,115.540001,114.870003,115.230003
115.309998,116.129997,115.169998,115.839996
115.669998,115.769997,114.220001,114.959999
114.870003,115.349998,114.800003,115.339996
115.300003,115.779999,115.029999,115.669998
116.260002,117.040001,116.129997,116.779999
116.839996,116.870003,116.279999,116.650002
116.739998,117.290001,116.669998,116.919998
116.989998,117.019997,116.309998,116.620003
117.019997,117.370003,116.779999,117.120003
116.919998,117.209999,116.790001,117.199997
117.349998,117.970001,117.309998,117.699997
117.480003,117.489998,117.029999,117.050003
117.080002,117.300003,116.43,117.260002
117.150002,117.459999,116.949997,117.290001
117.080002,117.519997,116.760002,117.260002
117.089996,117.550003,116.870003,117.349998
117.809998,118.010002,117.510002,117.559998
117.480003,117.639999,116.410004,116.800003
116.5,116.970001,116.360001,116.610001
116.650002,117.540001,116.080002,116.779999
116.809998,117.25,116.790001,116.940002
116.75,117.089996,116.160004,116.559998
116.379997,116.559998,115.949997,116.440002
116.480003,116.879997,115.910004,116.739998
117.32,117.559998,116.68,117.120003
117.32,117.849998,117.059998,117.849998
117.959999,118.120003,117.470001,117.919998
117.57,117.599998,116.919998,117.230003
116.25,116.510002,114.260002,114.279999
113.639999,116.489998,113.629997,116.330002
115.75,116.089996,114.730003,115.290001
115.410004,116.470001,115.379997,115.839996
115.870003,117.82,115.860001,117.639999
117.220001,117.410004,116.709999,117.290001
117.589996,117.949997,116.550003,116.779999
117.199997,117.480003,116.800003,117.0
117.5,118.32,116.809998,118.150002
118.839996,119.220001,118.720001,119.089996
119.0,119.0,118.160004,118.330002
117.660004,117.800003,117.169998,117.339996
117.260002,118.559998,117.150002,118.5
118.650002,118.769997,118.089996,118.699997
118.5,118.720001,117.330002,117.839996
118.150002,119.07,118.029999,118.720001
118.57,118.699997,118.089996,118.550003
118.900002,119.160004,117.919998,118.370003
118.720001,119.169998,118.669998,118.790001
118.639999,118.980003,118.150002,118.730003
118.839996,119.010002,117.889999,118.470001
119.080002,119.480003,119.029999,119.220001
119.120003,119.139999,117.0,117.519997
117.629997,117.82,117.059998,117.419998
116.620003,117.32,115.940002,117.0
117.580002,118.050003,117.07,117.139999
117.040001,117.300003,116.669998,116.82
118.209999,118.410004,117.800003,117.860001
117.769997,118.019997,117.639999,117.849998
117.730003,117.970001,117.029999,117.709999
117.800003,118.220001,117.410004,118.150002
118.910004,119.650002,118.889999,119.57
119.639999,119.660004,119.010002,119.190002
118.419998,119.029999,118.029999,118.379997
118.889999,118.989998,117.669998,117.839996
117.5,118.110001,116.739998,117.099998
117.529999,117.529999,116.93,116.989998
117.190002,117.209999,115.099998,116.110001
116.029999,116.300003,114.889999,115.18
114.989998,115.370003,113.919998,114.050003
113.769997,114.540001,113.449997,113.650002
115.489998,116.470001,115.300003,116.349998
116.230003,117.639999,115.959999,117.110001
115.739998,117.839996,115.599998,117.650002
118.220001,118.379997,114.199997,115.75
115.25,116.050003,114.839996,115.800003
115.830002,115.940002,114.029999,114.629997
115.5,116.620003,115.330002,116.220001
115.669998,116.989998,115.669998,116.910004
116.849998,117.779999,116.610001,117.760002
117.900002,118.099998,117.209999,117.32
117.610001,118.650002,117.57,118.540001
119.010002,119.190002,118.610001,118.900002
118.510002,118.639999,117.900002,118.419998
118.559998,118.849998,118.419998,118.800003
118.650002,119.080002,118.410004,118.529999
118.639999,119.510002,118.300003,118.940002
119.089996,119.129997,117.459999,117.5
117.459999,117.470001,115.290001,115.470001
115.540001,116.160004,115.220001,115.699997
116.300003,117.059998,115.769997,116.599998
116.93,117.080002,116.389999,116.879997
116.639999,118.510002,116.290001,118.360001
118.410004,118.870003,118.18,118.57
119.010002,119.540001,119.0,119.5
118.970001,119.209999,118.470001,118.959999
119.32,121.110001,119.32,120.459999
120.610001,121.0,119.860001,120.209999
120.370003,121.110001,120.080002,120.400002
120.339996,120.580002,119.360001,119.599998
119.720001,120.830002,119.550003,120.089996
120.470001,120.769997,120.330002,120.550003
120.599998,120.68,120.190002,120.459999
120.470001,120.5,119.650002,120.120003
119.919998,120.25,119.809998,120.199997
120.459999,121.519997,120.410004,120.82
121.080002,121.190002,119.800003,119.879997
119.849998,120.129997,119.330002,119.709999
119.940002,119.949997,118.139999,118.480003
119.269997,119.989998,118.889999,119.540001
119.669998,120.410004,119.660004,120.190002
120.099998,120.949997,120.099998,120.870003
121.0,122.25,120.690002,121.93
122.029999,122.550003,121.949997,122.330002
122.379997,122.970001,122.099998,122.599998
122.650002,122.93,122.019997,122.93
122.489998,122.82,121.599998,122.739998
122.800003,123.370003,122.800003,123.160004
122.839996,123.029999,122.43,122.790001
122.970001,123.160004,122.660004,123.040001
123.220001,123.650002,122.720001,122.980003
123.519997,123.830002,122.919998,123.25
123.169998,123.529999,122.57,123.349998
123.589996,124.370003,123.379997,124.18
124.959999,125.459999,124.849998,125.43
125.599998,125.82,125.339996,125.559998
125.830002,125.919998,125.389999,125.800003
125.379997,125.379997,124.129997,124.82
124.379997,124.599998,123.849998,124.57
125.449997,125.68,124.860001,125.43
125.209999,125.699997,124.860001,125.32
125.449997,125.809998,125.330002,125.68
125.470001,125.849998,125.349998,125.830002
126.089996,126.550003,125.970001,126.290001
126.120003,126.68,125.879997,126.5
126.629997,127.239998,126.559998,126.959999
127.239998,127.559998,127.019997,127.379997
127.769997,128.259995,127.720001,128.100006
128.149994,128.539993,127.739998,128.529999
128.440002,129.350006,128.369995,129.289993
129.369995,129.630005,128.919998,129.25
129.059998,129.820007,129.039993,129.809998
130.059998,130.529999,129.990005,130.449997
130.330002,130.589996,130.110001,130.5
130.699997,130.699997,129.490005,130.009995
129.419998,130.259995,129.380005,130.259995
130.020004,130.429993,129.800003,130.419998
130.389999,130.449997,129.660004,130.020004
130.850006,131.679993,130.600006,131.440002
131.410004,131.429993,130.619995,130.779999
130.690002,131.059998,130.339996,131.020004
130.589996,130.949997,130.210007,130.729996
130.470001,131.080002,130.279999,130.509995
130.589996,131.149994,130.460007,130.740005
130.710007,131.020004,130.139999,130.839996
131.440002,131.600006,130.820007,131.389999
131.339996,131.639999,131.270004,131.610001
131.309998,131.360001,130.759995,131.289993
131.559998,132.410004,131.139999,132.100006
132.350006,132.350006,131.710007,132.009995
131.899994,132.039993,131.619995,131.690002
131.649994,132.110001,131.460007,131.809998
132.309998,132.429993,129.729996,129.809998
129.850006,130.820007,129.679993,130.690002
130.520004,130.880005,130.139999,130.360001
130.779999,131.289993,130.130005,130.630005
129.699997,131.070007,129.399994,130.839996
130.839996,132.029999,130.550003,131.639999
131.729996,132.300003,131.589996,132.25
132.199997,132.610001,132.080002,132.470001
132.279999,132.740005,132.130005,132.380005
132.490005,132.809998,131.559998,132.300003
131.919998,132.529999,131.869995,132.509995
132.699997,133.479996,131.720001,131.970001
132.100006,132.389999,131.699997,132.039993
132.0,132.369995,131.5,131.970001
132.100006,132.570007,131.660004,132.020004
131.899994,132.100006,130.5,131.449997
131.429993,131.539993,130.779999,130.919998
130.740005,131.509995,130.380005,130.399994
130.770004,131.5,130.720001,131.479996
131.039993,131.660004,130.949997,131.279999
131.850006,132.289993,131.309998,131.490005
132.020004,132.880005,131.820007,132.589996
132.710007,132.759995,132.220001,132.559998
134.029999,134.289993,133.800003,134.160004
134.600006,135.369995,134.479996,135.130005
135.179993,135.509995,134.860001,134.940002
135.270004,135.75,135.190002,135.75
136.289993,136.339996,135.770004,135.990005
136.440002,137.380005,136.380005,137.199997
137.369995,137.490005,137.020004,137.429993
137.119995,137.169998,136.619995,136.990005
136.970001,137.429993,136.559998,137.039993
137.389999,137.539993,136.880005,137.539993
137.610001,137.839996,137.330002,137.839996
138.050003,138.630005,137.929993,138.320007
138.399994,138.449997,137.910004,138.399994
138.020004,138.330002,137.380005,138.289993
138.350006,138.630005,138.229996,138.600006
138.660004,139.119995,138.529999,139.039993
139.399994,139.639999,138.990005,139.619995
138.509995,138.770004,136.050003,136.070007
136.020004,137.720001,135.869995,137.259995
137.75,138.419998,137.660004,137.839996
138.149994,139.070007,138.100006,139.0
139.410004,139.419998,138.779999,139.139999
139.559998,139.850006,139.169998,139.779999
140.309998,141.330002,140.009995,140.970001
141.0,141.279999,140.809998,141.220001
141.149994,141.509995,141.059998,141.339996
141.839996,141.839996,140.570007,141.289993
141.580002,141.899994,140.979996,141.839996
142.339996,143.490005,142.110001,143.460007
143.449997,143.679993,143.229996,143.429993
143.259995,143.729996,142.649994,142.860001
143.259995,143.539993,142.600006,143.419998
143.740005,143.800003,142.789993,143.570007
143.740005,143.899994,138.110001,139.979996
138.800003,139.479996,137.470001,139.229996
140.009995,140.559998,139.279999,140.360001
140.929993,140.929993,138.619995,139.75
138.339996,139.279999,137.490005,139.130005
138.679993,138.779999,137.639999,138.149994
139.490005,140.589996,139.279999,140.460007
140.320007,140.5,139.309998,139.360001
139.679993,140.809998,139.589996,140.740005
140.960007,141.220001,140.339996,140.699997
140.539993,141.419998,140.149994,141.240005
142.050003,142.289993,140.270004,140.580002
140.050003,140.220001,138.020004,138.029999
138.539993,140.139999,137.740005,140.020004
139.440002,139.440002,136.25,137.589996
137.979996,138.669998,137.190002,137.639999
138.270004,138.429993,136.100006,136.190002
136.619995,137.899994,136.160004,137.529999
136.479996,137.059998,135.800003,136.289993
136.75,138.130005,136.740005,137.759995
137.850006,138.990005,137.5,138.660004
138.460007,139.220001,137.940002,139.050003
140.240005,140.860001,139.960007,140.699997
140.869995,141.350006,140.600006,141.009995
141.639999,142.300003,141.190002,142.119995
142.270004,142.690002,141.919998,142.190002
142.089996,143.169998,141.639999,143.139999
143.559998,144.190002,143.5,143.979996
144.350006,144.440002,143.520004,144.169998
143.639999,144.110001,143.350006,144.110001
144.089996,144.869995,143.919998,144.770004
144.289993,144.740005,144.009995,144.399994
144.759995,144.949997,144.529999,144.869995
145.820007,145.960007,142.300003,143.960007
143.100006,144.080002,142.869995,143.839996
144.25,144.429993,142.919998,143.229996
143.720001,143.759995,143.119995,143.559998
144.490005,144.520004,142.610001,143.949997
144.089996,144.169998,143.130005,143.389999
143.710007,143.970001,143.059998,143.649994
143.910004,144.559998,143.710007,144.559998
144.279999,145.470001,143.899994,144.309998
143.119995,144.190002,142.789993,144.119995
143.300003,143.399994,140.889999,141.029999
141.220001,142.410004,140.899994,142.100006
143.229996,144.149994,143.190002,143.929993
144.289993,144.300003,143.639999,144.029999
144.389999,144.960007,143.800003,144.279999
143.720001,143.940002,141.330002,141.330002
141.410004,142.199997,140.649994,141.229996
141.220001,141.529999,140.179993,141.050003
141.809998,143.350006,141.759995,143.199997
142.479996,143.009995,142.380005,142.690002
143.009995,143.169998,141.470001,142.270004
142.820007,143.179993,141.779999,141.970001
142.399994,142.740005,141.949997,142.410004
141.190002,143.210007,141.059998,142.970001
143.089996,144.889999,143.0,144.649994
145.059998,146.210007,144.979996,146.199997
146.389999,146.589996,145.610001,146.0
145.570007,145.880005,143.600006,144.690002
145.059998,145.460007,144.080002,145.130005
145.399994,145.839996,144.940002,145.470001
145.279999,145.350006,144.059998,144.210007
145.339996,146.119995,145.300003,145.869995
146.279999,146.410004,145.529999,146.220001
145.970001,146.440002,145.729996,146.419998
145.850006,146.289993,145.470001,145.559998
145.529999,146.589996,145.289993,146.059998
145.910004,146.369995,145.110001,145.550003
145.809998,146.009995,145.309998,145.800003
145.75,145.910004,144.229996,145.350006
145.25,145.259995,143.949997,144.460007
144.0,144.529999,143.850006,144.320007
143.75,143.830002,142.100006,142.800003
143.529999,143.800003,142.669998,143.169998
143.929993,145.0,143.570007,144.460007
144.110001,144.559998,143.779999,144.410004
144.699997,145.559998,144.320007,145.449997
145.669998,146.169998,144.929993,145.580002
145.770004,146.059998,145.449997,145.889999
145.610001,146.339996,145.470001,146.029999
146.559998,147.539993,146.410004,147.460007
146.960007,147.660004,146.960007,147.660004
147.850006,148.009995,147.300003,147.490005
147.990005,148.139999,146.949997,147.600006
147.529999,148.070007,147.339996,148.039993
147.820007,148.350006,147.619995,147.770004
148.369995,148.509995,147.779999,148.339996
148.710007,148.889999,148.389999,148.850006
148.800003,149.059998,148.570007,149.039993
149.190002,149.210007,148.639999,148.860001
147.990005,148.330002,147.270004,148.309998
148.910004,149.039993,148.529999,148.710007
149.020004,149.029999,147.529999,147.740005
148.029999,148.300003,147.440002,147.990005
147.699997,148.179993,146.330002,147.429993
147.339996,147.710007,146.919998,146.960007
149.429993,151.520004,149.199997,151.240005
151.130005,152.190002,150.990005,151.580002
152.070007,152.369995,151.630005,152.149994
152.759995,152.830002,151.5,152.100006
151.929993,151.990005,150.770004,151.809998
152.360001,153.289993,151.839996,153.270004
153.149994,153.850006,153.100006,153.789993
153.669998,154.080002,153.339996,153.880005
153.800003,154.539993,153.619995,154.5
153.229996,153.770004,152.110001,153.690002
153.330002,153.800003,153.059998,153.679993
153.100006,154.070007,153.100006,153.869995
153.330002,153.5,152.570007,153.309998
152.649994,153.0,151.779999,152.589996
153.360001,154.889999,153.330002,154.539993
154.580002,154.690002,153.800003,153.949997
154.059998,154.199997,153.610001,153.830002
154.559998,155.570007,154.490005,155.5
155.639999,155.839996,155.339996,155.690002
155.850006,156.309998,155.759995,156.259995
156.210007,156.559998,155.830002,156.190002
156.539993,156.690002,155.699997,156.589996
156.410004,156.449997,153.119995,153.860001
154.509995,155.449997,154.149994,155.149994
154.199997,155.240005,152.259995,154.490005
155.460007,155.630005,152.559998,152.710007
152.679993,154.550003,152.100006,152.809998
152.240005,153.740005,152.059998,153.5
153.490005,154.460007,153.330002,154.020004
155.149994,155.529999,154.460007,154.699997
154.770004,155.949997,154.759995,155.899994
155.830002,156.149994,155.360001,155.690002
156.320007,156.490005,155.759995,155.990005
156.259995,156.660004,155.710007,155.880005
156.490005,157.820007,156.229996,157.649994
158.360001,158.770004,158.070007,158.639999
158.339996,158.5,157.259995,157.699997
158.25,158.279999,156.910004,157.529999
157.75,158.25,157.369995,157.550003
157.309998,157.429993,156.949997,157.369995
156.490005,156.720001,155.949997,156.520004
156.529999,156.960007,156.389999,156.539993
157.039993,157.070007,156.539993,156.729996
156.869995,156.899994,155.699997,155.759995
156.559998,158.529999,156.169998,158.490005
158.639999,160.169998,158.610001,160.029999
160.580002,160.789993,160.080002,160.309998
161.070007,162.029999,160.770004,161.919998
161.919998,162.630005,161.860001,162.550003
162.869995,163.039993,162.070007,162.559998
161.839996,162.210007,161.119995,162.179993
162.460007,163.300003,162.210007,163.289993
163.149994,164.660004,162.940002,164.490005
165.580002,166.419998,163.529999,164.020004
164.800003,166.039993,164.0,165.789993
165.529999,166.199997,165.139999,165.820007
166.309998,166.610001,165.539993,166.339996
166.279999,168.119995,166.089996,168.119995
168.639999,169.660004,168.559998,169.509995
169.869995,170.240005,167.440002,168.410004
169.570007,169.630005,167.809998,168.350006
169.289993,170.949997,168.960007,170.929993
170.570007,170.910004,169.740005,170.100006
168.550003,169.419998,167.820007,168.699997
169.649994,169.990005,168.339996,169.399994
168.100006,169.729996,167.419998,167.960007
167.300003,167.699997,164.470001,164.610001
163.070007,165.75,158.0,158.119995
155.809998,162.509995,155.100006,162.309998
161.789993,163.550003,160.199997,160.210007
160.619995,160.800003,153.449997,153.449997
155.619995,157.240005,150.130005,156.100006
157.699997,159.949997,156.460007,158.869995
157.960007,160.009995,157.720001,159.690002
158.75,162.929993,158.0,162.679993
164.139999,165.699997,162.440002,165.699997
165.160004,166.759995,164.679993,164.960007
164.380005,166.679993,164.309998,165.289993
166.100006,167.720001,164.720001,164.820007
165.539993,166.419998,164.380005,164.800003
166.130005,168.169998,165.449997,168.169998
168.960007,170.399994,168.820007,170.399994
170.449997,170.729996,168.210007,168.289993
169.25,169.800003,167.100006,167.210007
167.300003,168.070007,163.0,164.479996
162.5,166.279999,161.960007,165.990005
165.210007,168.259995,164.589996,167.830002
168.649994,169.110001,167.479996,168.539993
167.25,169.070007,166.960007,168.929993
169.630005,169.979996,168.949997,169.860001
171.070007,173.160004,170.820007,173.160004
173.669998,174.479996,173.279999,174.080002
174.479996,175.210007,171.270004,171.710007
172.610001,172.740005,170.929993,171.679993
171.800003,172.529999,170.899994,171.529999
171.820007,172.199997,170.940002,171.020004
169.100006,169.220001,165.639999,167.100006
167.169998,168.039993,166.610001,167.649994
167.210007,168.759995,166.190002,166.919998
164.610001,165.770004,162.589996,162.800003
162.610001,163.300003,158.429993,158.509995
161.720001,164.600006,159.160004,164.399994
165.619995,165.619995,157.679993,159.080002
158.169998,159.779999,156.039993,157.25
158.100006,161.710007,156.630005,160.130005
158.990005,159.740005,153.880005,155.509995
156.869995,157.919998,154.440002,157.259995
154.220001,160.229996,154.039993,159.740005
161.330002,161.580002,159.479996,160.649994
158.880005,160.460007,155.880005,156.630005
157.979996,160.880005,157.460007,157.729996
160.210007,161.729996,159.070007,161.210007
160.199997,162.0,160.100006,160.279999
161.25,162.770004,161.160004,162.210007
163.020004,163.259995,160.669998,161.369995
162.5,163.190002,161.479996,162.600006
164.240005,166.460007,163.910004,166.100006
166.100006,167.0,165.309998,166.440002
165.600006,165.990005,164.339996,164.910004
164.490005,164.610001,161.729996,162.300003
163.089996,163.729996,161.020004,161.889999
162.660004,162.910004,157.389999,158.460007
158.740005,159.309998,156.470001,158.649994
160.699997,162.529999,160.179993,161.990005
164.369995,164.410004,161.169998,162.089996
162.470001,163.479996,160.539993,160.940002
160.520004,162.800003,160.139999,162.779999
163.059998,163.570007,161.630005,161.820007
161.0,162.399994,159.220001,161.800003
161.100006,165.25,160.979996,164.869995
165.639999,166.779999,165.509995,166.240005
165.889999,166.429993,164.860001,166.070007
166.369995,168.0,165.779999,167.880005
168.419998,169.740005,168.289993,169.619995
169.419998,169.860001,168.720001,169.460007
169.850006,170.820007,169.470001,169.75
168.410004,168.5,166.979996,167.869995
168.089996,169.369995,168.009995,168.979996
168.389999,169.610001,167.509995,168.330002
167.679993,168.259995,167.210007,167.460007
168.759995,169.5,167.679993,168.399994
169.169998,169.449997,167.880005,168.179993
166.899994,169.619995,166.880005,169.600006
169.550003,169.850006,167.839996,169.550003
169.529999,170.330002,169.210007,169.720001
168.949997,169.919998,167.960007,168.970001
169.580002,170.479996,169.220001,170.179993
170.179993,171.199997,169.630005,170.070007
170.919998,172.839996,170.869995,172.740005
173.179993,174.339996,173.070007,174.300003
174.710007,175.130005,174.070007,174.839996
175.020004,175.889999,174.139999,175.860001
175.889999,175.929993,173.550003,174.429993
173.610001,174.880005,173.179993,174.440002
174.309998,175.339996,174.279999,174.910004
175.149994,176.0,174.960007,175.830002
176.100006,177.139999,175.429993,175.820007
176.630005,177.889999,176.5,177.600006
176.929993,177.330002,176.110001,176.979996
175.490005,176.649994,174.940002,176.5
174.270004,176.039993,173.710007,176.0
176.809998,177.979996,176.649994,177.25
177.699997,177.880005,175.369995,175.710007
176.300003,176.369995,174.690002,175.320007
173.729996,173.990005,169.809998,171.369995
172.0,173.059998,171.369995,172.070007
172.800003,173.580002,169.610001,169.729996
169.520004,171.770004,169.169998,171.190002
172.009995,172.919998,171.399994,171.649994
170.039993,172.850006,169.669998,172.800003
173.449997,173.449997,170.630005,170.800003
171.910004,173.059998,171.029999,172.919998
173.320007,175.740005,173.0,175.610001
176.520004,177.229996,175.820007,177.190002
177.520004,177.720001,176.710007,177.320007
175.929993,177.070007,175.800003,176.419998
177.199997,179.460007,177.080002,179.460007
179.449997,179.899994,178.949997,179.610001
179.649994,179.949997,178.880005,179.179993
177.279999,180.649994,177.279999,180.270004
180.289993,180.440002,179.380005,179.929993
179.279999,179.880005,178.820007,179.029999
179.570007,180.169998,178.789993,178.990005
178.460007,179.639999,177.740005,179.559998
181.410004,182.050003,179.559998,180.300003
180.380005,182.929993,180.289993,182.820007
180.339996,180.919998,179.809998,180.050003
181.190002,181.309998,176.600006,177.619995
177.630005,177.729996,174.270004,175.110001
175.800003,177.130005,174.820007,176.449997
176.860001,177.649994,176.100006,177.119995
175.869995,179.740005,175.789993,179.529999
179.869995,180.089996,179.080002,180.080002
179.960007,181.190002,179.740005,181.139999
181.649994,182.139999,181.259995,181.800003
181.550003,182.350006,181.059998,182.020004
181.910004,182.630005,181.639999,181.910004
180.679993,181.220001,179.839996,180.520004
180.850006,182.009995,180.240005,180.320007
181.009995,181.660004,180.039993,181.449997
180.009995,180.580002,178.119995,179.229996
180.610001,180.990005,179.470001,179.820007
179.350006,180.309998,178.270004,179.860001
180.259995,180.330002,179.0,179.699997
180.240005,181.440002,180.130005,180.360001
179.979996,181.270004,179.75,181.059998
180.740005,182.050003,180.5,180.800003
181.399994,182.630005,181.360001,182.479996
183.399994,184.339996,183.110001,184.339996
184.830002,185.020004,184.220001,184.610001
184.929993,186.839996,184.860001,186.740005
186.380005,187.520004,185.789993,186.410004
186.179993,187.179993,185.979996,186.649994
186.080002,186.399994,184.850006,185.850006
185.520004,185.550003,182.820007,183.449997
183.529999,183.75,180.580002,181.809998
180.5,182.669998,180.440002,181.110001
182.149994,182.25,180.729996,181.720001
180.990005,183.419998,180.520004,183.119995
182.850006,182.979996,181.009995,182.580002
183.720001,184.880005,183.639999,184.529999
184.660004,184.949997,183.259995,183.990005
183.679993,183.809998,181.169998,181.339996
181.490005,183.729996,181.399994,182.839996
182.869995,183.300003,181.509995,182.699997
183.960007,184.970001,183.520004,184.720001
185.220001,185.479996,183.479996,183.710007
182.050003,183.960007,181.300003,183.889999
183.809998,184.279999,183.179993,184.139999
184.300003,185.990005,183.910004,184.270004
185.020004,186.490005,184.919998,185.830002
185.309998,186.279999,184.970001,185.789993
186.869995,187.529999,185.699997,186.169998
186.009995,187.179993,185.320007,185.75
186.529999,186.970001,185.660004,185.949997
185.199997,185.320007,181.059998,182.380005
182.360001,182.970001,178.429993,180.149994
179.520004,180.639999,176.929993,179.050003
179.179993,181.020004,178.75,179.630005
178.509995,178.619995,171.5,171.729996
171.020004,173.399994,167.809998,169.600006
174.169998,174.860001,170.929993,174.320007
173.710007,174.039993,171.559998,172.210007
174.020004,177.649994,173.699997,177.220001
178.080002,178.259995,175.470001,177.289993
176.619995,176.679993,172.440002,173.179993
174.580002,176.070007,172.389999,173.020004
174.059998,175.25,172.589996,173.910004
170.639999,174.130005,168.820007,173.270004
173.070007,173.360001,165.039993,165.339996
167.910004,172.080002,167.160004,171.059998
165.199997,169.960007,164.229996,166.660004
169.210007,169.860001,160.089996,163.229996
162.75,166.039993,162.009995,165.919998
168.619995,171.25,168.539993,169.820007
170.070007,172.240005,168.779999,172.059998
171.529999,172.550003,168.220001,169.380005
169.600006,169.660004,167.080002,168.960007
168.970001,171.190002,168.720001,170.240005
172.279999,175.580002,171.869995,175.580002
174.759995,175.300003,173.630005,174.460007
172.830002,173.25,170.160004,171.520004
170.320007,170.639999,166.179993,166.330002
167.110001,169.479996,166.0,166.470001
168.119995,168.699997,164.25,165.199997
164.899994,168.539993,163.460007,168.089996
166.449997,168.309998,165.779999,167.5
166.699997,166.899994,161.539993,162.059998
158.369995,161.380005,157.130005,159.160004
161.350006,161.970001,159.229996,160.369995
159.089996,160.839996,159.089996,159.210007
161.440002,162.970001,160.759995,162.889999
162.0,163.850006,161.179993,163.440002
164.619995,168.699997,163.470001,168.699997
167.990005,169.259995,166.820007,168.149994
168.380005,169.470001,167.539993,169.369995
173.110001,173.309998,169.509995,172.330002
171.429993,171.910004,165.520004,165.720001
162.380005,166.910004,161.770004,166.889999
166.160004,167.119995,160.860001,161.380005
161.080002,163.779999,159.410004,163.070007
165.729996,165.770004,162.229996,163.610001
166.0,167.600006,164.960007,165.050003
166.130005,166.820007,164.029999,165.100006
163.210007,163.809998,160.699997,161.080002
160.389999,161.669998,156.169998,157.429993
158.649994,159.949997,157.039993,158.419998
158.179993,160.720001,153.339996,154.529999
154.149994,155.869995,150.389999,152.289993
153.050003,154.089996,146.720001,147.570007
146.080002,147.979996,143.460007,143.5
145.080002,152.539993,144.089996,152.460007
150.369995,153.179993,147.080002,153.050003
154.149994,155.589996,151.720001,152.970001
154.470001,154.979996,152.710007,154.259995
150.990005,155.75,150.880005,154.880005
152.600006,153.259995,149.490005,149.820007
152.339996,157.0,151.740005,156.229996
156.619995,158.860001,156.110001,158.089996
159.539993,160.110001,157.199997,159.520004
160.139999,161.520004,159.470001,160.820007
159.600006,161.369995,158.699997,161.279999
160.330002,160.860001,159.789993,160.690002
159.330002,159.960007,158.589996,159.270004
160.0,162.600006,159.910004,162.380005
162.649994,163.779999,162.289993,162.350006
161.830002,164.360001,161.570007,163.630005
164.779999,166.020004,163.820007,165.25
164.059998,164.139999,160.759995,161.940002
162.770004,163.509995,160.320007,162.149994
162.679993,163.440002,162.059998,163.199997
164.509995,165.649994,163.949997,165.149994
163.020004,163.119995,161.75,163.110001
163.199997,163.240005,160.990005,161.570007
163.399994,166.279999,162.889999,165.679993
166.699997,168.990005,166.470001,168.160004
167.330002,168.600006,166.990005,167.449997
167.479996,169.529999,167.330002,169.529999
169.759995,171.229996,169.690002,171.029999
171.070007,171.369995,169.75,170.520004
169.029999,169.449997,166.949997,168.229996
166.759995,168.589996,166.570007,168.559998
169.169998,169.580002,167.979996,168.399994
169.630005,171.139999,169.330002,170.889999
171.649994,172.160004,170.820007,171.009995
170.399994,171.830002,169.830002,171.220001
172.520004,172.559998,171.139999,171.940002
171.410004,172.800003,171.380005,172.279999
172.399994,173.080002,171.320007,172.25
171.789993,172.259995,170.710007,171.619995
171.990005,173.009995,171.899994,172.889999
174.210007,174.660004,173.399994,173.520004
173.100006,174.25,172.809998,173.699997
172.899994,173.800003,171.759995,173.589996
173.050003,173.809998,172.699997,173.190002
174.440002,174.649994,173.179993,174.389999
175.539993,175.789993,172.470001,174.419998
174.550003,175.089996,173.690002,174.550003
174.720001,174.75,173.279999,173.559998
173.119995,173.179993,170.789993,171.429993
169.509995,171.259995,169.339996,171.169998
171.880005,174.850006,171.850006,174.729996
175.190002,176.139999,174.770004,175.690002
176.600006,177.929993,176.350006,177.009995
177.130005,177.339996,176.660004,176.710007
177.399994,178.880005,177.279999,178.350006
177.949997,178.990005,177.589996,178.449997
179.179993,180.0,178.289993,179.050003
179.059998,180.860001,178.240005,179.759995
179.220001,182.830002,179.199997,182.570007
181.779999,182.270004,178.369995,178.559998
177.910004,178.839996,176.929993,178.220001
179.600006,180.690002,178.139999,179.050003
179.320007,179.720001,176.600006,177.899994
178.360001,178.979996,177.240005,178.309998
179.690002,179.830002,178.589996,179.660004
181.509995,182.259995,180.770004,182.039993
182.240005,182.910004,181.779999,182.729996
183.759995,184.919998,183.210007,183.779999
183.830002,184.5,182.649994,183.710007
184.240005,184.770004,184.020004,184.660004
184.360001,185.279999,183.630005,185.130005
184.5,185.110001,184.089996,184.479996
184.720001,185.529999,184.520004,185.470001
185.779999,185.779999,184.690002,185.029999
185.850006,185.949997,185.059998,185.830002
185.839996,186.070007,184.619995,185.860001
186.539993,186.910004,185.929993,186.5
187.75,187.929993,186.600006,187.149994
187.460007,187.789993,186.289993,187.389999
186.570007,187.990005,186.429993,187.919998
188.399994,190.539993,188.130005,190.309998
190.470001,190.710007,189.649994,189.710007
191.130005,191.220001,189.449997,190.479996
190.179993,190.690002,188.589996,190.649994
190.649994,191.320007,190.339996,191.020004
189.479996,189.850006,188.210007,189.539993
190.779999,191.320007,188.800003,188.929993
188.869995,189.850006,186.869995,188.110001
189.669998,191.25,189.330002,191.110001
187.050003,190.199997,186.759995,189.940002
187.869995,188.669998,184.509995,186.240005
185.630005,187.169998,184.960007,185.770004
183.699997,185.410004,182.089996,184.770004
184.110001,185.889999,181.029999,185.0
180.289993,181.259995,178.059998,178.580002
179.520004,181.630005,178.860001,180.539993
179.350006,183.550003,179.309998,183.089996
183.169998,186.070007,182.949997,184.929993
183.100006,185.580002,182.880005,183.039993
180.490005,181.179993,179.339996,179.949997
181.5,182.330002,180.919998,181.830002
180.820007,182.070007,180.75,181.020004
178.940002,179.020004,177.139999,178.25
179.210007,179.850006,177.940002,178.160004
178.660004,179.660004,177.470001,177.490005
176.389999,177.0,175.089996,176.029999
176.5,177.270004,175.770004,176.770004
174.690002,175.289993,173.869995,173.949997
173.479996,173.949997,169.270004,170.119995
172.029999,174.970001,171.369995,174.910004
176.580002,176.610001,174.380005,176.210007
176.509995,178.039993,175.729996,177.610001
178.559998,181.770004,178.330002,181.039993
182.25,184.850006,182.210007,183.149994
185.059998,185.399994,182.779999,183.399994
182.899994,183.279999,182.0,182.339996
183.100006,183.869995,182.740005,183.419998
182.479996,183.110001,181.940002,182.639999
183.039993,184.25,182.839996,183.740005
185.910004,187.720001,185.429993,186.410004
186.660004,187.529999,185.570007,187.110001
189.720001,189.759995,187.160004,188.850006
188.630005,189.770004,188.169998,188.570007
188.529999,188.720001,188.059998,188.160004
188.029999,188.139999,184.649994,184.929993
186.160004,187.330002,185.490005,185.789993
186.460007,186.940002,185.990005,186.5
186.949997,187.149994,186.070007,186.740005
190.320007,190.570007,188.380005,189.259995
189.199997,190.029999,188.660004,190.009995
190.490005,191.440002,190.289993,191.440002
190.130005,191.399994,189.389999,191.050003
189.809998,189.869995,188.929993,189.710007
188.809998,190.899994,188.649994,190.660004
191.820007,193.089996,191.470001,192.559998
192.850006,193.339996,191.809998,192.419998
192.630005,193.539993,192.449997,193.529999
193.979996,194.190002,193.440002,194.149994
193.910004,194.089996,192.559998,193.149994
193.149994,193.490005,192.179993,192.199997
191.289993,192.789993,190.690002,192.419998
193.740005,193.830002,190.809998,191.009995
191.440002,192.940002,191.440002,192.529999
193.580002,193.809998,192.289993,193.789993
193.050003,195.160004,193.029999,195.149994
194.490005,194.520004,192.929993,193.300003
194.529999,195.550003,194.429993,195.289993
195.110001,195.179993,193.389999,194.619995
193.130005,194.539993,192.990005,193.779999
194.300003,194.429993,189.320007,191.100006
191.429993,194.979996,189.229996,190.149994
188.720001,188.990005,186.210007,187.350006
183.429993,183.509995,179.199997,180.729996
182.399994,183.800003,181.070007,183.259995
181.270004,184.509995,179.889999,184.25
185.080002,188.320007,184.570007,188.259995
187.360001,188.0,185.029999,186.490005
185.339996,185.899994,183.5,184.350006
184.190002,189.679993,184.020004,188.389999
185.360001,185.949997,182.419998,182.759995
183.0,183.589996,181.160004,182.550003
184.210007,185.949997,184.100006,185.479996
188.160004,188.830002,187.5,188.429993
187.960007,188.639999,186.919998,186.970001
188.610001,189.229996,187.960007,188.630005
188.979996,189.460007,186.539993,188.020004
186.740005,188.449997,181.559998,182.070007
184.139999,184.869995,183.080002,184.820007
186.110001,186.419998,183.710007,184.429993
183.830002,185.399994,182.910004,185.089996
187.389999,188.460007,186.679993,187.919998
188.929993,188.970001,186.410004,187.470001
186.220001,187.179993,185.029999,185.649994
187.440002,188.490005,186.899994,188.330002
190.410004,192.330002,190.339996,191.779999
192.100006,192.169998,191.169998,191.589996
192.190002,192.270004,190.220001,191.190002
190.160004,190.740005,188.910004,190.639999
191.0,192.529999,190.559998,192.429993
193.610001,194.710007,192.970001,193.229996
192.949997,193.399994,192.289993,192.539993
191.300003,192.080002,191.110001,191.679993
191.699997,192.600006,191.289993,192.600006
192.199997,192.600006,190.110001,192.520004
192.860001,194.039993,192.470001,192.839996
193.110001,193.309998,190.160004,190.800003
190.360001,191.070007,189.720001,190.5
191.369995,191.789993,187.149994,187.970001
187.779999,190.580002,186.210007,190.080002
189.830002,190.0,187.979996,189.380005
189.729996,189.830002,185.75,187.029999
187.789993,189.110001,187.399994,188.809998
189.5,190.589996,186.960007,187.270004
186.0,186.029999,183.020004,184.050003
184.029999,186.210007,181.820007,186.070007
187.080002,189.080002,186.880005,188.809998
188.270004,189.740005,187.910004,188.240005
187.059998,187.860001,185.270004,185.419998
186.990005,188.080002,186.429993,187.229996
187.279999,189.429993,187.119995,188.679993
190.830002,192.630005,190.720001,191.110001
190.839996,191.699997,190.649994,191.089996
191.679993,193.970001,191.559998,193.520004
192.860001,193.529999,192.429993,193.039993
194.199997,194.5,192.809998,193.550003
193.199997,193.669998,190.710007,191.690002
192.710007,193.520004,192.139999,193.389999
194.149994,194.419998,191.789993,191.850006
191.460007,192.259995,191.149994,192.220001
193.589996,194.210007,192.740005,194.089996
193.089996,195.740005,193.050003,195.639999
196.550003,197.830002,196.550003,197.570007
197.240005,197.539993,196.009995,196.039993
196.419998,197.320007,195.289993,196.990005
197.559998,197.649994,195.940002,197.080002
197.929993,198.880005,197.630005,198.869995
200.190002,200.529999,198.869995,200.100006
200.350006,200.550003,199.550003,200.210007
199.979996,200.0,198.789993,199.759995
200.759995,201.720001,199.850006,200.429993
200.070007,201.25,199.539993,201.229996
200.210007,201.039993,199.940002,200.960007
201.130005,202.210007,200.820007,201.539993
200.839996,201.779999,200.710007,201.589996
200.830002,201.559998,200.220001,201.429993
202.649994,202.910004,202.0,202.910004
202.589996,203.389999,201.770004,203.070007
203.839996,203.839996,202.589996,203.369995
202.839996,203.449997,200.619995,202.149994
201.929993,202.070007,201.070007,201.699997
202.199997,202.320007,200.740005,201.830002
202.699997,204.259995,202.669998,204.220001
204.350006,204.869995,204.050003,204.610001
205.139999,206.050003,204.889999,206.039993
205.520004,205.830002,205.0,205.100006
205.110001,205.179993,201.779999,203.0
200.210007,201.490005,199.229996,201.410004
202.440002,202.910004,202.139999,202.429993
203.149994,203.149994,201.839996,202.830002
204.309998,205.149994,204.149994,205.0
204.630005,205.589996,203.979996,204.070007
204.169998,204.880005,203.440002,203.899994
204.360001,205.190002,204.039993,204.979996
204.770004,207.320007,204.490005,206.509995
206.399994,207.910004,205.960007,207.190002
208.550003,209.529999,208.479996,209.270004
209.539993,209.710007,209.039993,209.389999
209.570007,210.130005,209.330002,209.550003
209.639999,210.929993,209.619995,210.860001
211.860001,212.520004,211.270004,211.710007
212.0,212.149994,211.630005,211.809998
212.0,212.089996,211.440002,211.919998
212.259995,213.809998,212.229996,213.789993
214.539993,214.559998,213.039993,213.610001
213.5,213.630005,211.160004,212.210007
211.529999,212.759995,211.199997,212.610001
214.399994,216.160004,213.979996,216.160004
213.300003,215.470001,213.279999,214.179993
212.5,215.589996,212.240005,215.559998
215.639999,216.139999,214.850006,215.529999
215.5,218.139999,215.160004,217.149994
218.940002,219.410004,217.710007,218.990005
219.850006,219.869995,218.039993,218.429993
219.330002,220.979996,218.979996,220.949997
220.839996,221.210007,219.740005,220.080002
220.199997,221.199997,219.449997,220.169998
221.270004,222.320007,220.800003,222.279999
223.279999,223.559998,222.119995,223.380005
222.759995,223.839996,222.660004,223.279999
224.410004,225.149994,223.589996,223.869995
223.740005,224.690002,222.699997,224.589996
225.639999,225.880005,221.669998,222.699997
217.669998,219.279999,217.179993,218.100006
219.639999,221.960007,219.059998,221.449997
222.679993,222.929993,220.830002,221.809998
220.380005,222.699997,219.690002,222.600006
223.529999,223.559998,218.289993,219.070007
220.139999,222.889999,219.990005,222.380005
225.419998,227.860001,224.649994,227.470001
230.210007,230.25,226.850006,228.220001
228.789993,230.25,227.979996,230.190002
229.160004,230.440002,228.539993,229.199997
228.440002,231.979996,228.380005,231.970001
233.25,234.020004,231.399994,232.009995
233.380005,234.380005,232.800003,234.270004
232.639999,234.929993,232.360001,233.970001
234.339996,234.860001,233.550003,234.639999
233.5,235.169998,233.25,234.729996
236.130005,237.470001,235.850006,236.979996
236.460007,236.949997,231.880005,234.779999
233.610001,234.009995,229.320007,230.270004
221.679993,224.25,220.259995,221.389999
223.25,223.990005,214.740005,215.369995
216.710007,220.279999,214.899994,216.479996
210.899994,216.419998,205.5,205.639999
198.639999,207.169998,198.169998,205.800003
208.880005,216.570007,205.940002,216.419998
217.110001,219.610001,207.619995,209.479996
213.320007,218.330002,211.369995,218.220001
212.690002,216.360001,210.100006,211.589996
204.669998,209.149994,202.910004,208.020004
193.479996,201.160004,192.110001,193.570007
201.110001,204.300003,193.679993,204.110001
199.350006,200.75,192.729996,195.220001
182.089996,190.779999,176.940002,177.320007
187.070007,194.479996,178.130005,192.339996
174.149994,184.679993,169.160004,169.300003
175.470001,184.389999,169.779999,182.139999
171.610001,179.220001,166.800003,176.600006
175.690002,183.490005,171.630005,177.660004
181.740005,182.869995,170.100006,170.699997
170.919998,174.210007,164.929993,170.460007
179.910004,183.830002,177.949997,183.660004
184.419998,189.509995,179.979996,182.300003
183.869995,192.720001,183.610001,191.899994
186.929993,190.509995,184.660004,185.300003
187.059998,192.490005,186.339996,192.039993
191.720001,195.25,189.199997,190.399994
184.770004,187.660004,180.860001,182.309998
181.240005,190.100006,180.970001,186.009995
185.550003,187.070007,181.289993,183.369995
190.479996,197.649994,189.190002,196.479996
202.369995,202.660004,196.0,196.399994
198.149994,201.169998,196.169998,200.570007
202.350006,203.220001,199.029999,200.860001
200.0,203.419998,198.75,203.029999
207.229996,212.5,206.419998,211.860001
208.479996,211.830002,207.119995,209.429993
211.690002,214.369995,209.690002,213.25
216.169998,216.509995,212.080002,215.289993
213.360001,215.880005,212.570007,212.740005
210.600006,211.160004,203.630005,204.889999
209.100006,212.350006,208.330002,210.970001
211.789993,214.440002,210.100006,210.520004
210.970001,214.300003,209.5,213.839996
216.190002,216.630005,214.5,215.559998
217.320007,217.320007,211.210007,211.5
216.190002,219.970001,215.139999,219.0
219.949997,220.039993,217.350006,218.910004
214.5,216.669998,211.679993,212.740005
211.460007,215.449997,211.119995,215.220001
217.440002,220.139999,216.850006,217.660004
219.399994,221.039993,218.110001,219.0
221.820007,222.729996,220.419998,221.820007
223.550003,225.0,222.479996,224.860001
223.490005,227.929993,223.25,226.869995
227.490005,228.100006,222.089996,222.119995
222.660004,224.610001,216.710007,219.339996
217.970001,221.869995,215.990005,221.830002
218.779999,223.330002,218.330002,223.270004
226.279999,228.679993,225.470001,227.429993
227.699997,229.850006,226.710007,226.860001
229.5,231.759995,229.479996,231.389999
231.440002,232.139999,228.339996,228.869995
228.449997,229.869995,227.5,229.660004
233.360001,233.570007,228.789993,229.039993
228.690002,230.410004,223.940002,230.289993
229.110001,233.470001,229.050003,229.990005
230.380005,233.600006,228.759995,233.360001
232.460007,234.449997,232.0,234.059998
234.5,235.690002,232.009995,235.630005
236.259995,237.470001,235.350006,236.690002
236.330002,237.789993,233.679993,235.029999
236.220001,240.300003,235.630005,239.690002
239.539993,241.679993,237.910004,241.550003
240.660004,244.179993,240.470001,243.300003
245.050003,247.820007,244.509995,246.220001
242.160004,243.589996,233.960007,234.020004
239.089996,240.399994,231.740005,235.880005
232.440002,239.449997,231.470001,238.75
243.779999,244.389999,239.100006,242.850006
244.399994,245.5,242.729996,243.619995
243.289993,244.529999,242.490005,244.279999
246.729996,247.0,242.449997,244.240005
243.679993,246.869995,243.380005,246.740005
248.389999,251.149994,247.820007,248.839996
248.059998,249.330002,242.160004,243.710007
243.800003,246.339996,241.139999,246.029999
245.779999,245.960007,239.679993,240.220001
239.970001,242.850006,237.350006,242.839996
242.770004,248.160004,242.580002,247.600006
247.639999,251.520004,247.080002,250.490005
253.020004,254.270004,251.710007,252.190002
255.449997,258.929993,255.429993,258.390015
258.130005,260.880005,256.299988,256.609985
257.980011,260.019989,256.5,259.98999
261.970001,262.869995,257.630005,262.179993
262.029999,264.230011,259.26001,263.970001
266.910004,269.790009,257.690002,258.540009
255.929993,260.790009,252.759995,260.369995
261.829987,262.690002,257.48999,260.899994
258.019989,259.779999,255.619995,259.119995
259.589996,260.309998,257.170013,259.420013
260.079987,267.429993,258.790009,266.779999
268.399994,268.410004,263.130005,264.0
264.51001,265.890015,262.549988,264.929993
264.51001,265.23999,256.549988,258.01001
254.039993,256.929993,251.320007,255.559998
257.26001,260.519989,256.450012,260.119995
259.309998,259.850006,256.51001,256.809998
258.399994,260.660004,257.910004,259.769989
257.73999,261.709991,256.549988,261.130005
265.910004,265.950012,260.850006,265.790009
268.0,270.149994,267.869995,269.380005
268.859985,270.480011,268.089996,270.380005
270.880005,271.519989,269.959991,271.049988
270.850006,274.980011,270.190002,274.640015
274.079987,274.880005,269.25,271.470001
271.769989,271.980011,266.670013,270.309998
269.109985,270.440002,264.630005,265.190002
267.420013,272.839996,267.369995,271.859985
272.660004,274.829987,271.51001,272.480011
273.119995,273.399994,270.720001,272.160004
273.929993,275.839996,272.200012,275.320007
276.420013,278.459991,274.910004,277.970001
277.929993,279.019989,275.570007,276.100006
275.279999,280.429993,274.859985,279.929993
280.130005,282.339996,279.459991,281.869995
285.25,286.0,281.269989,283.630005
282.829987,286.059998,282.369995,285.859985
287.149994,292.220001,285.829987,291.959991
292.970001,293.850006,288.709991,291.049988
292.329987,293.179993,290.929993,292.529999
293.070007,296.75,292.619995,294.880005
297.619995,300.040009,295.790009,299.920013
303.279999,303.5,296.890015,302.76001
298.100006,298.619995,284.410004,287.410004
285.559998,288.929993,271.799988,283.579987
272.220001,278.220001,269.660004,269.950012
275.640015,280.049988,273.0,277.880005
280.940002,282.200012,270.559998,272.339996
274.149994,275.220001,266.899994,270.450012
274.359985,277.220001,272.959991,275.160004
279.029999,280.450012,275.130005,279.059998
279.880005,280.359985,274.25,274.609985
267.549988,274.399994,266.679993,270.320007
271.790009,272.089996,262.630005,266.869995
262.470001,267.649994,260.109985,267.51001
269.98999,273.079987,266.540009,272.480011
272.149994,272.339996,263.25,264.160004
261.390015,268.700012,261.220001,265.390015
265.910004,272.399994,264.299988,271.559998
276.579987,277.200012,271.670013,277.200012
276.619995,277.709991,275.369995,275.950012
276.149994,281.089996,275.869995,277.839996
281.790009,282.880005,279.839996,282.25
276.019989,282.23999,273.440002,274.309998
276.339996,280.48999,276.230011,280.160004
279.450012,281.190002,274.25,275.160004
277.890015,280.73999,277.279999,279.920013
282.399994,282.470001,280.309998,281.410004
283.109985,285.790009,282.709991,285.709991
290.549988,297.459991,289.470001,294.529999
296.390015,297.049988,293.109985,294.519989
295.350006,296.350006,290.26001,292.059998
287.200012,290.709991,286.540009,290.100006
291.799988,293.269989,288.149994,288.51001
290.48999,291.480011,282.790009,283.799988
284.559998,287.619995,282.950012,284.410004
284.670013,287.320007,283.690002,284.190002
285.049988,285.980011,280.820007,284.179993
284.769989,284.910004,281.779999,284.73999
282.380005,285.299988,276.76001,280.470001
281.5,283.51001,280.200012,282.660004
278.01001,278.640015,271.380005,271.640015
273.0,279.48999,272.519989,276.390015
274.339996,275.23999,267.070007,269.380005
271.850006,273.519989,266.970001,269.980011
271.959991,276.820007,270.839996,274.649994
283.589996,288.769989,281.869995,286.910004
293.529999,295.390015,292.0,294.390015
293.709991,295.359985,289.829987,294.609985
297.649994,299.140015,288.119995,288.589996
285.170013,286.660004,280.619995,283.420013
286.029999,290.25,283.380005,289.76001
290.76001,292.070007,287.25,288.399994
290.170013,291.570007,287.869995,290.929993
290.619995,293.51001,289.98999,293.200012
293.399994,293.73999,291.609985,292.269989
291.700012,293.369995,290.019989,290.109985
289.540009,292.700012,288.850006,292.380005
292.299988,293.070007,290.290009,290.380005
291.410004,292.75,288.070007,290.390015
291.48999,294.980011,289.630005,294.470001
295.570007,296.940002,294.589996,296.279999
298.309998,300.170013,297.899994,299.01001
299.339996,299.970001,294.779999,299.619995
301.970001,305.140015,300.829987,303.459991
302.25,304.200012,300.350006,303.850006
304.170013,305.880005,303.529999,304.279999
304.329987,305.670013,303.630005,305.519989
305.709991,307.630005,305.519989,307.25
306.76001,308.600006,304.950012,308.290009
308.070007,308.359985,300.209991,301.309998
299.209991,303.679993,298.089996,302.519989
300.809998,301.980011,298.470001,301.850006
303.079987,306.049988,303.01001,304.040009
306.369995,307.290009,304.109985,307.290009
307.700012,309.790009,306.619995,308.980011
310.630005,311.23999,309.390015,311.0
311.660004,311.980011,307.609985,310.059998
306.459991,309.470001,303.600006,308.920013
309.850006,310.709991,306.850006,309.76001
309.809998,310.179993,308.040009,308.200012
308.470001,310.019989,308.390015,309.559998
312.25,313.170013,310.359985,312.679993
314.049988,314.690002,312.029999,312.959991
314.160004,314.48999,312.329987,312.970001
312.869995,314.23999,311.76001,313.73999
315.109985,315.290009,305.179993,309.309998
308.290009,312.140015,308.290009,311.859985
307.0,311.880005,305.980011,307.540009
310.279999,315.839996,310.25,314.980011
317.339996,319.390015,315.079987,319.029999
315.980011,317.190002,313.75,314.420013
314.459991,315.579987,311.200012,313.920013
314.190002,316.859985,313.570007,316.040009
316.5,317.529999,313.859985,314.350006
314.130005,315.119995,310.579987,311.859985
314.25,316.929993,313.119995,316.410004
320.140015,324.73999,316.51001,323.769989
325.149994,327.130005,323.730011,326.359985
325.290009,326.459991,324.709991,325.420013
328.910004,330.320007,321.410004,328.109985
328.850006,329.76001,327.220001,328.589996
326.26001,326.269989,317.359985,319.429993
320.670013,326.420013,320.029999,321.320007
319.579987,320.720001,312.76001,314.559998
318.109985,323.540009,316.019989,322.420013
325.480011,328.869995,325.309998,327.679993
329.820007,330.200012,326.320007,326.380005
327.820007,330.329987,326.459991,330.23999
331.220001,332.399994,329.529999,331.359985
333.100006,333.73999,331.410004,333.579987
332.619995,334.809998,332.609985,333.51001
334.98999,335.459991,329.5,332.75
334.329987,335.0,332.119995,334.579987
333.709991,336.619995,332.630005,336.450012
337.269989,338.190002,334.339996,335.540009
332.470001,335.660004,330.170013,333.929993
330.230011,333.869995,328.359985,332.470001
333.859985,333.98999,329.970001,331.019989
326.5,327.799988,322.230011,322.440002
317.0,323.200012,311.0,321.480011
318.73999,324.450012,315.959991,324.130005
321.390015,324.029999,311.23999,312.829987
315.850006,319.109985,310.880005,314.140015
319.269989,323.940002,317.940002,323.589996
324.25,324.329987,318.140015,318.399994
317.269989,318.23999,309.100006,309.160004
308.779999,312.040009,300.109985,304.100006
306.799988,309.609985,297.450012,308.679993
308.119995,310.059998,299.51001,299.940002
307.470001,313.730011,306.920013,311.769989
316.160004,316.470001,310.170013,310.880005
315.769989,319.859985,314.850006,318.040009
313.859985,318.230011,311.390015,315.459991
315.790009,319.0,314.100006,318.829987
321.089996,324.200012,319.100006,320.579987
317.450012,323.850006,315.679993,321.899994
316.869995,317.880005,311.570007,312.040009
311.869995,314.730011,309.660004,313.140015
315.209991,320.73999,315.209991,318.609985
319.730011,321.089996,316.380005,317.220001
318.630005,318.670013,311.720001,311.869995
309.970001,312.890015,307.390015,311.329987
311.109985,316.329987,309.670013,316.0
315.450012,316.98999,312.470001,315.910004
313.890015,314.910004,311.540009,314.320007
316.160004,320.73999,315.809998,319.130005
323.070007,324.709991,322.809998,324.570007
327.130005,331.839996,326.880005,331.049988
330.730011,332.829987,330.019989,330.820007
330.329987,332.480011,329.369995,331.619995
334.559998,335.269989,333.73999,335.079987
333.679993,337.320007,332.920013,337.109985
336.040009,337.100006,334.730011,336.670013
338.23999,341.079987,338.019989,340.600006
340.850006,340.980011,335.670013,336.51001
339.470001,342.01001,336.220001,341.609985
342.149994,342.230011,340.079987,342.01001
340.390015,341.579987,336.899994,338.880005
338.200012,339.519989,334.380005,336.410004
335.089996,339.480011,333.970001,339.290009
338.890015,339.899994,334.01001,335.200012
335.850006,340.769989,335.850006,339.420013
339.670013,341.920013,338.899994,341.630005
341.929993,342.149994,339.170013,340.149994
339.809998,340.850006,338.329987,339.0
342.369995,342.799988,336.899994,340.220001
337.700012,340.26001,337.049988,337.98999
339.230011,340.0,335.730011,336.190002
333.559998,333.890015,326.209991,330.140015
332.25,333.140015,328.230011,329.029999
328.76001,331.670013,326.450012,331.51001
334.369995,336.649994,331.690002,334.200012
332.779999,332.959991,325.549988,325.76001
319.700012,326.130005,319.019989,325.309998
320.230011,322.619995,316.0,316.890015
319.920013,322.399994,316.899994,319.339996
322.600006,327.329987,322.079987,326.390015
324.630005,326.369995,321.450012,324.410004
325.390015,326.649994,321.940002,322.220001
316.660004,322.899994,316.299988,322.589996
324.119995,329.709991,323.890015,328.829987
330.429993,330.859985,326.640015,327.01001
329.369995,333.670013,326.899994,332.51001
334.070007,334.809998,331.76001,332.970001
333.660004,334.609985,332.950012,334.130005
333.670013,334.540009,332.670013,332.880005
334.119995,335.570007,333.600006,333.929993
335.299988,335.790009,331.429993,332.820007
333.25,334.339996,331.700012,333.470001
330.549988,331.859985,328.279999,330.0
331.850006,336.059998,331.779999,335.600006
335.049988,336.660004,334.339996,336.600006
338.399994,339.290009,335.029999,336.76001
338.170013,338.970001,336.649994,336.839996
337.190002,340.459991,336.730011,340.350006
340.359985,341.25,339.690002,341.23999
341.679993,344.519989,340.459991,344.51001
344.149994,344.470001,341.519989,342.26001
342.73999,343.839996,337.450012,341.01001
339.970001,346.380005,339.920013,345.339996
343.630005,344.809998,341.859985,342.630005
342.429993,344.690002,340.149994,344.359985
344.149994,348.029999,343.839996,347.570007
347.51001,348.920013,346.880005,347.73999
349.730011,351.459991,349.170013,349.890015
350.470001,350.720001,348.839996,349.459991
350.779999,353.850006,350.720001,353.709991
353.529999,355.019989,352.670013,354.98999
354.829987,355.230011,353.829987,354.429993
354.070007,355.089996,352.679993,354.570007
356.519989,358.970001,356.279999,358.640015
359.26001,360.480011,356.48999,360.190002
362.450012,362.76001,358.940002,360.950012
355.73999,359.649994,354.420013,358.769989
358.170013,361.5,357.570007,361.01001
362.450012,362.890015,360.829987,362.420013
362.029999,365.470001,361.540009,362.420013
364.829987,365.48999,362.220001,363.070007
362.980011,363.190002,358.459991,360.519989
361.399994,362.410004,357.23999,357.600006
354.049988,355.179993,352.040009,354.670013
355.630005,360.279999,353.799988,358.790009
358.350006,361.559998,358.119995,361.559998
361.769989,363.959991,361.769989,363.950012
365.309998,368.48999,363.920013,368.200012
367.48999,368.890015,366.600006,368.48999
368.220001,368.220001,360.160004,364.429993
365.600006,367.450012,363.23999,365.829987
365.25,367.679993,365.25,366.480011
362.440002,365.170013,362.410004,364.570007
366.279999,366.880005,363.869995,364.600006
365.279999,366.929993,362.0,366.809998
366.769989,368.320007,365.630005,367.339996
368.179993,369.910004,367.450012,369.670013
368.369995,369.369995,366.910004,368.049988
368.519989,369.269989,367.390015,368.730011
369.26001,369.559998,365.619995,366.839996
368.140015,368.649994,364.839996,366.209991
365.690002,367.899994,364.299988,367.529999
367.890015,369.160004,367.380005,368.820007
367.670013,369.019989,363.700012,368.980011
366.149994,367.149994,363.230011,365.730011
365.179993,366.619995,361.869995,362.209991
360.220001,365.679993,359.959991,363.959991
365.059998,368.140015,364.73999,367.730011
368.799988,373.940002,368.790009,373.230011
373.839996,374.98999,373.359985,374.369995
374.630005,375.390015,373.859985,374.799988
373.920013,374.619995,371.970001,372.420013
373.070007,376.559998,372.570007,376.040009
376.850006,380.76001,376.829987,380.26001
380.51001,380.579987,378.359985,379.950012
381.040009,382.709991,380.369995,380.579987
381.970001,382.309998,379.149994,380.399994
379.220001,381.980011,379.200012,381.570007
381.679993,382.779999,380.48999,382.109985
381.929993,381.929993,378.450012,380.779999
381.01001,382.149994,379.220001,379.470001
381.230011,381.970001,376.25,376.589996
378.98999,379.429993,374.220001,376.329987
377.859985,378.609985,374.279999,375.26001
375.730011,378.410004,373.369995,378.049988
376.679993,378.899994,374.700012,378.309998
377.820007,377.869995,372.76001,373.829987
367.459991,369.25,360.929993,365.700012
367.579987,368.809998,364.98999,366.149994
367.089996,371.070007,365.959991,369.570007
370.76001,374.040009,370.100006,372.980011
370.649994,373.76001,370.269989,373.329987
370.200012,371.25,367.730011,370.350006
365.670013,370.299988,359.350006,359.869995
361.170013,363.369995,358.640015,359.279999
360.970001,362.679993,357.100006,357.959991
358.600006,361.25,354.380005,360.179993
358.519989,358.859985,350.320007,352.619995
353.709991,359.690002,353.480011,357.380005
354.079987,359.950012,353.149994,359.670013
362.799988,365.690002,362.25,362.970001
364.079987,364.320007,360.609985,361.160004
359.579987,363.200012,358.299988,358.390015
359.880005,360.329987,356.480011,357.140015
359.51001,360.690002,357.429993,360.0
363.690002,366.850006,363.01001,366.630005
367.880005,369.059998,366.820007,368.940002
367.609985,372.869995,366.98999,372.649994
373.75,375.519989,372.700012,375.470001
375.940002,376.570007,373.459991,374.980011
374.160004,377.470001,373.850006,377.269989
375.980011,376.970001,372.390015,374.100006
375.559998,378.869995,373.559998,377.929993
380.230011,382.709991,377.910004,379.119995
379.579987,383.149994,379.309998,380.0
381.950012,384.480011,381.160004,384.220001
381.059998,386.279999,380.700012,386.109985
386.559998,387.559998,384.420013,387.429993
386.799988,389.540009,386.75,389.049988
389.549988,393.609985,388.480011,393.179993
394.480011,399.200012,393.920013,398.220001
400.040009,400.98999,397.160004,398.600006
398.570007,399.619995,397.399994,398.059998
399.160004,399.570007,393.920013,395.320007
392.470001,395.359985,387.529999,389.51001
392.570007,392.75,390.23999,390.589996
391.769989,395.25,390.130005,394.700012
395.910004,396.23999,392.100006,394.609985
393.859985,397.929993,393.660004,397.420013
397.75,399.720001,396.640015,397.630005
399.730011,402.269989,397.450012,401.75
403.429993,405.299988,402.579987,403.98999
405.570007,408.709991,399.190002,399.299988
398.109985,400.230011,392.920013,397.480011
394.929993,399.049988,392.540009,398.76001
396.109985,397.540009,389.769989,391.200012
395.890015,400.730011,395.140015,399.690002
398.779999,401.190002,391.75,393.820007
398.279999,400.480011,386.640015,387.119995
385.799988,391.73999,384.339996,389.910004
391.309998,392.339996,378.899994,383.130005
383.630005,387.600006,379.299988,386.200012
393.029999,398.459991,392.98999,397.829987
398.170013,399.820007,396.220001,399.609985
398.350006,400.200012,393.529999,393.730011
396.619995,398.279999,393.359985,398.01001
398.0,398.329987,391.880005,392.26001
387.299988,390.089996,383.630005,388.200012
387.940002,397.420013,383.880005,397.049988
398.040009,398.480011,385.209991,386.839996
383.329987,389.190002,381.769989,384.910004
379.570007,381.5,377.470001,380.690002
384.049988,389.529999,380.200012,389.209991
388.910004,394.160004,388.230011,393.950012
394.309998,398.429993,394.140015,396.920013
398.25,403.480011,398.220001,403.480011
404.399994,404.579987,400.709991,401.609985
401.75,403.049988,399.109985,401.549988
401.329987,403.570007,399.75,400.350006
399.660004,401.059998,397.339996,397.850006
399.049988,401.940002,396.880005,401.679993
402.23999,402.279999,393.290009,396.470001
394.73999,395.890015,384.029999,384.290009
382.420013,387.350006,380.130005,384.019989
384.029999,385.76001,378.040009,379.859985
374.820007,380.640015,369.309998,380.109985
379.359985,385.98999,377.220001,385.820007
388.459991,390.200012,385.01001,387.350006
388.769989,389.470001,376.700012,377.660004
375.070007,380.350006,374.859985,380.01001
374.040009,376.220001,369.769989,370.549988
372.149994,374.690002,366.209991,366.480011
369.790009,373.869995,361.170013,361.720001
359.470001,362.179993,351.399994,351.690002
345.910004,353.980011,334.149994,353.299988
346.670013,351.029999,341.679993,345.109985
352.910004,356.880005,340.779999,344.570007
349.399994,351.269989,340.049988,341.100006
343.029999,352.019989,337.950012,351.799988
353.200012,363.649994,351.519989,363.049988
364.429993,366.190002,359.140015,365.519989
369.76001,370.100006,364.290009,368.48999
358.529999,361.929993,352.459991,353.549988
354.079987,361.399994,351.970001,358.01001
358.619995,361.049988,353.839996,355.130005
353.959991,360.23999,352.799988,359.119995
363.76001,366.809998,362.119995,366.730011
359.519989,366.48999,356.540009,358.429993
358.429993,360.070007,345.799988,347.059998
346.48999,350.980011,343.890015,347.48999
352.910004,356.369995,351.820007,356.130005
353.820007,357.089996,350.709991,356.040009
352.73999,353.459991,345.019989,345.450012
346.410004,346.809998,339.140015,341.51001
338.48999,344.040009,334.350006,338.079987
341.320007,342.179993,329.100006,329.420013
318.839996,341.040009,318.26001,340.48999
341.309998,345.980011,337.390015,345.769989
342.51001,348.540009,341.320007,346.799988
345.75,348.079987,338.899994,341.48999
343.079987,348.589996,340.23999,347.220001
349.929993,350.040009,340.350006,342.26001
339.839996,341.309998,334.920013,337.299988
337.290009,338.480011,324.649994,324.859985
324.049988,333.209991,319.940002,323.350006
331.75,336.380005,329.089996,334.98999
330.820007,332.51001,326.709991,331.269989
334.320007,334.640015,323.899994,324.399994
323.130005,326.589996,317.450012,318.170013
320.880005,328.950012,319.230011,328.149994
332.170013,340.440002,328.399994,340.320007
338.369995,344.5,337.040009,344.440002
342.73999,351.790009,341.549988,351.48999
350.200012,352.480011,345.579987,350.079987
350.589996,357.850006,350.200012,356.959991
354.01001,357.660004,351.769989,351.829987
353.799988,359.700012,351.589996,359.649994
359.589996,360.670013,354.940002,359.350006
359.339996,365.01001,358.070007,364.910004
368.899994,371.829987,366.059998,371.190002
369.279999,370.980011,365.570007,367.089996
367.23999,367.600006,361.679993,362.540009
362.809998,363.609985,358.589996,361.850006
362.709991,369.309998,362.440002,369.299988
367.809998,368.540009,359.929993,361.100006
355.649994,356.779999,350.559998,353.26001
352.23999,356.350006,348.690002,354.100006
352.320007,353.089996,348.5,349.149994
344.809998,345.75,340.540009,340.890015
345.76001,347.690002,338.040009,339.450012
339.799988,347.429993,339.059998,346.350006
346.440002,346.970001,338.209991,338.429993
337.350006,341.040009,335.790009,338.690002
338.029999,346.850006,336.980011,346.26001
347.089996,347.559998,339.959991,341.209991
345.190002,347.869995,333.200012,334.149994
334.309998,335.559998,324.959991,325.399994
323.730011,329.899994,322.429993,329.579987
327.470001,327.660004,316.859985,317.140015
317.23999,322.880005,315.0,316.76001
321.850006,329.890015,317.519989,328.01001
323.700012,327.230011,312.600006,313.25
312.829987,318.720001,309.649994,318.480011
318.5,321.170013,315.980011,318.820007
319.309998,330.290009,313.890015,329.600006
325.170013,325.25,309.619995,313.0
310.950012,315.089996,305.109985,309.25
303.480011,309.350006,295.720001,297.149994
304.51001,305.76001,296.570007,300.76001
298.440002,304.089996,290.950012,291.839996
287.450012,295.75,284.940002,291.149994
295.720001,303.0,294.079987,301.940002
300.149994,302.26001,297.130005,298.440002
304.450012,306.559998,300.549988,306.170013
301.540009,302.25,289.850006,291.140015
289.290009,294.390015,287.579987,289.579987
293.130005,293.799988,280.209991,288.679993
289.75,293.869995,287.290009,293.480011
288.130005,288.859985,282.25,287.23999
285.709991,293.390015,285.5,291.26001
290.440002,300.920013,290.149994,299.329987
302.540009,309.25,302.420013,309.100006
309.070007,311.329987,304.329987,308.279999
310.470001,312.649994,303.730011,306.0
304.850006,314.559998,303.399994,314.380005
309.029999,310.470001,304.920013,306.200012
310.75,312.350006,305.619995,307.220001
303.809998,310.670013,302.690002,309.869995
309.049988,311.720001,306.769989,307.640015
305.910004,309.049988,299.230011,299.399994
293.649994,294.869995,288.380005,288.839996
279.75,282.339996,274.529999,275.410004
277.660004,278.660004,273.339996,275.910004
279.420013,286.829987,276.609985,282.799988
275.589996,276.059998,269.279999,271.390015
272.179993,277.190002,270.51001,274.690002
278.75,283.450012,278.640015,281.079987
278.519989,285.179993,277.910004,280.670013
283.209991,285.720001,280.309998,284.850006
287.73999,295.040009,287.5,294.609985
296.0,296.579987,291.290009,292.450012
293.0,295.649994,283.350006,283.540009
283.399994,285.339996,280.839996,283.799988
280.75,283.940002,275.779999,280.279999
278.950012,282.529999,277.029999,282.130005
278.309998,287.079987,276.75,286.959991
287.350006,290.950012,285.589996,288.799988
289.630005,295.700012,289.630005,294.980011
292.079987,296.75,291.119995,295.350006
292.880005,293.109985,288.140015,289.040009
290.320007,292.279999,284.609985,286.23999
280.600006,288.049988,280.019989,285.649994
282.98999,287.559998,279.799988,286.670013
289.730011,291.980011,288.079987,291.869995
294.720001,296.160004,288.200012,289.399994
293.109985,298.600006,291.470001,298.299988
298.730011,304.23999,297.929993,303.029999
303.5,307.440002,300.779999,307.380005
306.429993,308.549988,300.119995,301.98999
302.019989,302.5,298.220001,300.269989
298.529999,298.790009,293.540009,294.369995
299.040009,308.540009,298.459991,306.809998
306.589996,310.399994,302.75,309.809998
311.390015,316.390015,309.929993,315.459991
313.649994,318.809998,312.529999,315.269989
312.920013,318.549988,311.839996,314.329987
316.049988,323.730011,315.98999,322.890015
322.970001,324.720001,320.769989,324.399994
319.190002,323.829987,318.390015,321.75
322.690002,326.470001,319.209991,320.709991
318.769989,319.029999,315.420013,317.079987
324.589996,326.230011,322.059998,325.929993
328.309998,330.359985,323.359985,324.079987
326.179993,330.589996,325.100006,330.390015
329.420013,333.570007,329.399994,333.059998
332.059998,334.420013,329.160004,332.279999
329.070007,331.429993,326.359985,328.48999
328.440002,330.48999,326.790009,329.279999
326.170013,326.839996,322.079987,322.859985
318.5,318.73999,313.529999,314.359985
314.119995,317.0,313.329987,314.100006
313.609985,316.869995,312.98999,315.01001
316.829987,320.600006,315.76001,320.579987
320.279999,321.51001,307.350006,307.440002
304.619995,307.220001,303.279999,304.410004
306.100006,306.730011,298.440002,301.019989
303.98999,304.910004,299.160004,299.269989
296.720001,299.779999,292.950012,299.399994
302.339996,303.75,293.519989,295.170013
295.660004,296.600006,290.869995,293.049988
293.540009,299.98999,293.269989,298.970001
296.850006,301.869995,295.450012,300.519989
302.829987,307.600006,300.519989,307.089996
308.5,311.079987,308.179993,310.73999
301.799988,303.019989,292.790009,293.700012
294.869995,296.929993,293.059998,296.029999
294.070007,296.529999,289.459991,291.100006
287.720001,289.720001,285.619995,289.320007
286.100006,291.209991,286.040009,291.049988
288.48999,291.070007,286.380005,288.730011
289.589996,293.950012,283.420013,283.559998
282.0,283.029999,278.820007,280.070007
277.549988,277.850006,272.019989,275.51001
275.029999,279.48999,273.559998,274.369995
277.809998,280.209991,272.109985,274.480011
274.459991,281.25,272.950012,279.940002
275.859985,276.25,268.839996,271.869995
271.029999,275.190002,267.100006,267.26001
269.070007,275.160004,267.529999,273.529999
278.98999,282.850006,278.98999,282.130005
278.279999,283.809998,275.420013,281.980011
280.959991,284.179993,279.429993,279.76001
275.019989,275.149994,267.73999,269.100006
269.299988,269.700012,263.640015,266.410004
264.700012,267.630005,261.029999,262.75
263.399994,265.359985,261.950012,262.660004
255.160004,270.170013,254.259995,268.820007
271.200012,271.809998,260.140015,260.73999
266.839996,270.23999,266.73999,269.350006
276.529999,277.209991,268.73999,271.480011
269.929993,273.679993,268.070007,270.48999
269.579987,274.839996,267.920013,269.109985
267.980011,275.970001,266.820007,275.420013
275.690002,279.399994,271.970001,278.450012
279.410004,284.600006,277.899994,284.209991
278.459991,283.980011,277.429993,277.929993
276.790009,278.279999,272.339996,272.869995
272.230011,281.700012,272.059998,281.220001
278.920013,279.76001,275.98999,277.950012
281.5,282.070007,274.73999,275.109985
275.079987,278.209991,265.609985,265.679993
263.01001,264.5,260.100006,260.48999
265.529999,266.609985,259.079987,264.679993
265.75,268.140015,263.570007,267.589996
269.140015,272.850006,265.519989,269.540009
267.76001,268.559998,263.029999,263.320007
276.01001,283.049988,273.850006,282.75
282.559998,288.640015,281.190002,287.959991
285.859985,289.209991,284.440002,285.440002
292.209991,293.26001,285.970001,289.390015
287.390015,289.480011,284.600006,285.440002
280.880005,286.320007,280.720001,284.809998
287.890015,287.98999,282.320007,284.820007
283.399994,284.579987,281.040009,281.890015
282.640015,286.109985,280.459991,285.950012
285.970001,289.459991,285.790009,288.820007
287.190002,287.910004,286.420013,286.920013
284.899994,286.959991,281.76001,282.709991
282.940002,283.350006,279.170013,280.570007
280.839996,293.470001,279.970001,293.359985
293.690002,295.75,290.880005,293.720001
288.540009,293.450012,288.359985,292.549988
290.380005,291.679993,286.149994,287.640015
287.480011,287.619995,280.26001,281.679993
280.470001,282.570007,278.779999,280.529999
281.910004,284.839996,279.790009,283.850006
282.809998,285.640015,281.589996,282.040009
282.220001,285.640015,281.160004,285.579987
296.649994,296.880005,285.910004,288.649994
288.049988,291.410004,283.190002,286.51001
282.329987,283.01001,275.670013,276.890015
276.200012,277.769989,272.609985,274.25
273.869995,273.959991,268.48999,269.75
268.559998,271.320007,266.950012,269.540009
270.600006,274.779999,269.73999,273.450012
270.380005,270.51001,262.459991,266.76001
265.470001,268.040009,263.529999,267.359985
266.73999,266.850006,263.029999,263.579987
263.170013,265.470001,259.730011,260.100006
262.959991,267.399994,262.25,266.440002
263.619995,266.410004,262.290009,266.279999
268.649994,270.149994,262.130005,264.480011
266.640015,267.450012,262.529999,265.73999
264.040009,264.209991,261.26001,261.579987
263.350006,269.940002,260.339996,268.799988
270.829987,275.290009,269.920013,270.540009
269.48999,272.940002,268.970001,272.829987
273.920013,277.660004,273.119995,277.549988
278.119995,280.100006,273.73999,279.049988
276.5,281.220001,276.160004,280.970001
280.769989,282.850006,279.579987,281.540009
283.109985,284.690002,277.670013,277.880005
276.220001,277.380005,273.890015,275.149994
276.790009,283.019989,275.709991,282.679993
283.540009,290.209991,282.730011,288.959991
287.309998,289.549988,286.779999,288.369995
283.769989,288.359985,281.179993,287.730011
291.220001,293.519989,288.519989,293.339996
292.0,298.26001,291.880005,296.26001
292.929993,294.380005,289.890015,290.269989
290.309998,294.720001,290.200012,294.619995
294.410004,303.429993,292.299988,300.920013
307.570007,313.679993,306.730011,311.720001
304.940002,312.390015,304.540009,306.179993
303.51001,305.910004,302.220001,303.589996
303.459991,311.029999,302.320007,309.880005
308.540009,309.5,303.670013,304.369995
308.839996,308.98999,300.200012,301.679993
299.480011,301.570007,297.25,299.700012
301.130005,305.100006,299.929993,304.5
302.890015,307.720001,300.910004,306.75
304.899994,309.269989,304.200012,309.100006
304.380005,308.429993,303.149994,303.299988
301.070007,301.929993,298.100006,301.160004
297.26001,298.730011,293.890015,294.029999
294.619995,296.359985,292.559998,294.25
297.970001,298.130005,292.549988,296.820007
291.76001,292.970001,290.049988,291.850006
295.070007,296.48999,293.339996,293.940002
293.299988,296.119995,292.959991,293.559998
293.26001,293.929993,290.200012,291.200012
288.660004,294.429993,288.369995,293.609985
295.390015,299.920013,294.869995,299.679993
300.940002,304.0,299.820007,300.019989
300.070007,301.01001,295.720001,296.339996
296.769989,298.429993,294.880005,297.820007
298.329987,300.980011,291.829987,292.660004
292.829987,294.350006,287.380005,288.549988
286.730011,294.470001,285.190002,290.690002
294.309998,297.929993,293.450012,297.369995
294.709991,299.269989,293.23999,298.929993
298.0,307.179993,297.190002,306.809998
306.720001,309.149994,303.369995,305.359985
304.26001,306.299988,302.01001,305.970001
307.940002,310.799988,306.399994,310.339996
310.269989,315.25,305.950012,306.119995
309.920013,314.149994,307.01001,309.75
309.320007,310.98999,306.950012,310.890015
311.600006,312.700012,307.890015,308.76001
308.170013,308.200012,304.769989,307.119995
310.880005,313.350006,310.049988,312.720001
315.23999,316.320007,312.809998,315.679993
315.910004,321.170013,315.600006,320.929993
318.769989,320.420013,317.420013,320.149994
320.600006,321.630005,317.829987,319.070007
318.100006,319.059998,314.070007,315.920013
314.23999,318.549988,312.820007,318.049988
315.070007,317.920013,313.25,317.869995
317.829987,317.890015,315.309998,315.829987
317.820007,318.420013,312.570007,313.040009
314.829987,319.649994,313.630005,319.170013
317.589996,320.359985,315.609985,318.570007
318.149994,319.200012,316.040009,318.839996
320.98999,321.420013,317.640015,318.859985
316.410004,319.790009,316.279999,318.709991
315.690002,319.269989,314.970001,316.279999
315.910004,317.399994,314.100006,316.609985
316.380005,317.73999,313.73999,315.950012
314.290009,314.970001,309.890015,309.98999
313.440002,314.940002,311.339996,311.869995
315.700012,320.859985,315.049988,320.350006
320.109985,322.649994,318.959991,322.559998
322.089996,323.630005,321.089996,322.190002
322.119995,322.450012,317.609985,319.380005
319.75,322.470001,317.179993,317.290009
317.059998,318.230011,315.119995,316.170013
318.470001,323.76001,316.209991,322.890015
322.420013,324.040009,321.320007,323.690002
322.0,322.880005,321.320007,321.640015
324.119995,326.01001,321.600006,325.140015
325.700012,326.75,324.119995,326.200012
326.73999,327.170013,322.940002,325.029999
325.51001,327.029999,323.959991,326.790009
326.059998,328.899994,326.019989,327.160004
328.23999,331.709991,327.040009,331.119995
331.519989,337.48999,331.5,337.269989
337.48999,338.209991,335.429993,336.51001
336.25,338.670013,336.23999,337.640015
335.890015,337.059998,333.0,333.359985
331.369995,332.910004,329.559998,331.649994
339.140015,341.01001,336.670013,339.720001
340.76001,349.25,340.660004,348.399994
352.709991,353.929993,348.529999,349.980011
348.369995,350.600006,346.51001,347.98999
347.730011,353.359985,346.660004,352.01001
353.799988,355.829987,352.01001,354.649994
354.429993,357.5,353.850006,354.899994
354.279999,355.820007,352.929993,354.839996
355.130005,357.119995,348.179993,348.820007
349.119995,353.619995,348.890015,353.149994
354.630005,357.660004,353.029999,354.5
356.190002,360.589996,355.200012,360.48999
363.290009,364.109985,360.029999,363.26001
363.269989,366.190002,360.420013,365.899994
364.609985,371.769989,363.980011,370.26001
372.720001,372.850006,367.480011,367.929993
365.950012,368.320007,363.890015,366.899994
365.73999,366.179993,360.959991,361.899994
360.630005,366.329987,360.220001,366.170013
362.209991,364.880005,360.820007,362.540009
362.0,364.839996,357.589996,357.679993
359.25,364.570007,358.51001,363.829987
361.980011,366.519989,361.899994,364.540009
364.23999,364.890015,362.140015,363.809998
367.549988,370.48999,367.230011,369.420013
370.070007,370.929993,368.970001,370.290009
368.700012,372.01001,368.660004,370.279999
366.51001,367.910004,364.519989,367.459991
367.230011,370.480011,366.01001,366.23999
365.959991,367.049988,363.410004,366.359985
366.790009,368.630005,364.619995,368.170013
372.339996,374.190002,370.299988,372.820007
376.049988,379.98999,375.459991,379.149994
379.589996,382.859985,378.179993,379.070007
379.799988,383.5,379.309998,382.609985
381.959991,387.130005,380.0,385.73999
386.820007,387.980011,384.299988,385.649994
382.609985,384.100006,375.720001,376.76001
379.179993,379.920013,375.190002,375.630005
376.619995,377.579987,374.339996,376.230011
376.950012,380.470001,376.929993,378.779999
377.720001,379.23999,375.179993,377.519989
383.070007,384.709991,375.309998,376.619995
380.73999,384.519989,380.220001,383.480011
383.790009,384.880005,382.339996,383.679993
382.309998,383.559998,380.690002,382.790009
379.26001,379.26001,373.130005,374.390015
371.940002,375.950012,371.769989,373.790009
375.75,378.100006,371.529999,372.040009
373.880005,375.290009,371.51001,375.190002
372.640015,372.660004,368.820007,372.0
372.290009,372.450012,367.140015,367.910004
370.970001,374.359985,367.040009,368.589996
365.98999,368.0,364.690002,366.23999
365.429993,370.470001,364.700012,370.350006
369.359985,370.170013,365.73999,366.420013
365.869995,367.429993,362.440002,362.540009
363.959991,364.309998,358.160004,358.579987
355.26001,359.410004,354.709991,358.130005
359.619995,364.589996,359.149994,363.899994
366.549988,366.559998,362.679993,363.380005
364.579987,370.220001,364.359985,369.109985
372.640015,372.73999,361.01001,361.220001
362.070007,365.73999,358.579987,364.019989
366.98999,367.709991,364.25,366.76001
366.559998,375.130005,366.230011,374.769989
374.880005,377.450012,373.859985,376.859985
376.940002,379.720001,376.869995,377.98999
380.399994,380.829987,376.079987,377.589996
376.769989,379.309998,375.829987,378.070007
377.279999,377.630005,372.700012,374.73999
370.209991,372.850006,369.149994,372.059998
372.01001,374.850006,371.600006,372.579987
375.660004,377.48999,373.660004,376.970001
375.269989,376.950012,372.5,372.790009
373.029999,375.839996,371.880005,374.209991
375.98999,378.269989,373.890015,377.269989
375.910004,376.320007,369.859985,370.809998
369.320007,371.790009,369.029999,370.660004
369.320007,370.679993,366.799988,369.869995
370.950012,371.309998,364.459991,364.540009
360.799988,361.600006,357.690002,357.859985
359.630005,361.799988,357.589996,357.910004
356.929993,359.700012,355.929993,359.609985
356.98999,357.540009,353.209991,354.209991
355.380005,356.980011,351.359985,355.040009
354.109985,360.170013,353.23999,358.01001
361.540009,362.950012,357.019989,358.269989
358.540009,362.679993,357.920013,361.26001
358.779999,361.01001,353.279999,354.920013
355.769989,360.609985,355.299988,359.75
359.73999,360.149994,355.140015,358.690002
355.649994,365.910004,354.850006,364.700012
362.299988,367.109985,360.779999,366.559998
366.899994,371.279999,366.390015,368.589996
369.940002,371.410004,368.190002,371.220001
371.730011,373.73999,367.5,369.929993
370.570007,371.160004,363.859985,365.279999
366.619995,370.480011,366.470001,369.410004
365.809998,369.920013,363.660004,368.200012
365.670013,367.910004,362.019989,363.369995
364.809998,366.019989,359.160004,359.970001
359.459991,360.040009,354.369995,354.600006
353.26001,359.26001,351.119995,355.670013
357.51001,359.910004,355.790009,359.130005
356.700012,356.880005,349.75,350.339996
349.119995,350.070007,342.350006,343.660004
346.429993,348.839996,344.079987,345.309998
347.829987,350.540009,346.450012,349.200012
349.230011,351.25,346.619995,350.869995
351.720001,357.529999,351.619995,356.959991
361.540009,363.679993,360.299988,363.440002
364.75,369.019989,364.519989,367.709991
368.48999,369.779999,366.910004,369.209991
370.269989,373.579987,369.049988,372.700012
373.079987,373.790009,370.619995,372.940002
373.640015,374.799988,369.570007,370.070007
371.820007,378.540009,371.279999,378.390015
376.790009,378.279999,375.23999,377.209991
383.709991,386.26001,383.179993,385.329987
387.25,387.75,384.23999,385.619995
384.839996,386.190002,383.559998,385.950012
385.209991,387.070007,384.290009,386.040009
386.049988,391.410004,386.049988,390.73999
389.01001,389.230011,386.700012,388.470001
390.570007,393.070007,389.040009,390.059998
389.649994,390.25,388.5,389.51001
389.01001,391.149994,388.279999,389.170013
388.410004,390.779999,388.049988,390.190002
392.690002,394.140015,389.459991,389.809998
390.079987,390.549988,385.820007,388.829987
387.75,390.540009,386.070007,389.940002
386.089996,386.600006,382.660004,386.320007
384.390015,388.5,384.209991,387.290009
390.269989,390.369995,384.700012,385.049988
388.070007,391.269989,386.959991,390.429993
388.670013,392.619995,388.480011,392.170013
391.73999,395.790009,391.529999,395.519989
395.559998,398.790009,394.410004,398.670013
399.619995,404.359985,398.839996,403.73999
404.980011,406.299988,400.339996,403.390015
404.179993,406.540009,403.570007,405.339996
404.929993,407.98999,404.600006,407.079987
407.540009,409.279999,407.350006,409.160004
408.350006,410.470001,402.899994,403.079987
407.059998,408.140015,404.470001,407.769989
409.0,409.970001,406.480011,408.380005
409.25,411.559998,409.149994,410.880005
410.950012,411.790009,410.079987,411.5
412.670013,412.920013,410.940002,411.299988
411.279999,411.640015,407.579987,409.519989
405.839996,406.089996,400.23999,402.589996
399.929993,401.0,397.890015,398.329987
396.440002,399.589996,396.059998,396.279999
396.450012,399.559998,395.339996,396.75
397.98999,405.23999,397.839996,404.950012
401.910004,406.690002,401.709991,405.75
406.070007,409.519989,405.170013,408.5
409.790009,411.200012,404.23999,409.350006
410.399994,411.25,408.149994,409.559998
408.309998,411.119995,406.829987,409.519989
406.170013,407.589996,402.920013,407.209991
410.519989,413.579987,409.160004,412.98999
415.220001,421.339996,414.630005,421.179993
423.410004,424.730011,421.119995,421.730011
422.429993,423.700012,420.570007,423.480011
427.440002,429.850006,425.329987,425.829987
428.359985,429.040009,423.980011,426.350006
424.440002,426.209991,423.149994,423.809998
424.269989,428.350006,423.609985,428.149994
427.100006,427.679993,424.380005,425.299988
420.850006,422.869995,416.790009,416.970001
418.790009,422.380005,417.809998,421.880005
423.799988,430.23999,422.790009,429.01001
429.070007,429.609985,425.0,428.450012
429.609985,430.220001,425.220001,427.589996
430.410004,432.829987,429.089996,431.98999
432.109985,433.559998,431.420013,432.790009
433.940002,437.850006,433.140015,437.049988
436.940002,439.140015,434.649994,435.339996
427.279999,431.269989,425.329987,428.549988
431.26001,433.649994,428.880005,433.220001
433.920013,434.980011,431.329987,434.51001
434.890015,434.98999,429.850006,430.570007
428.549988,430.079987,423.5,427.320007
424.549988,425.700012,421.630005,425.609985
434.48999,439.119995,433.709991,438.070007
439.649994,440.589996,435.790009,436.779999
437.600006,438.600006,436.359985,436.549988
437.670013,437.98999,435.029999,437.600006
435.429993,436.670013,434.299988,435.269989
438.230011,440.089996,435.019989,439.0
439.899994,446.579987,439.839996,445.609985
445.609985,446.040009,443.769989,444.019989
440.940002,440.950012,433.649994,436.049988
440.320007,441.98999,436.890015,438.790009
442.420013,446.720001,440.859985,445.450012
445.809998,448.640015,438.339996,439.019989
437.51001,438.660004,435.440002,437.390015
439.730011,444.019989,436.459991,443.660004
442.649994,442.670013,439.119995,440.25
441.5,442.029999,436.390015,439.140015
436.070007,438.869995,432.73999,433.920013
438.730011,441.040009,437.23999,437.480011
435.450012,438.980011,433.329987,438.570007
439.779999,444.109985,438.059998,443.769989
448.880005,449.339996,445.670013,445.869995
445.350006,447.48999,444.48999,446.380005
443.549988,446.26001,442.540009,444.76001
446.299988,447.230011,443.089996,443.320007
446.440002,446.540009,441.929993,444.829987
444.779999,445.640015,443.649994,444.01001
444.970001,447.529999,443.019989,444.950012
440.079987,441.429993,438.029999,441.109985
438.959991,444.0,438.950012,442.100006
446.329987,446.950012,435.109985,435.339996
436.779999,443.170013,435.959991,440.470001
441.410004,442.5,439.200012,440.600006
442.959991,443.23999,437.440002,442.230011
437.0,439.23999,436.279999,438.369995
440.26001,446.329987,437.959991,445.369995
441.100006,442.23999,436.880005,438.269989
442.059998,442.149994,430.209991,431.059998
430.899994,433.76001,429.700012,431.100006
433.100006,433.119995,424.899994,425.839996
426.48999,428.23999,422.829987,423.410004
422.220001,422.75,413.070007,414.649994
417.309998,421.179993,413.940002,418.820007
420.769989,426.279999,418.869995,425.070007
428.200012,429.730011,424.200012,426.51001
419.23999,425.320007,418.140015,424.450012
427.619995,432.549988,426.920013,431.0
433.130005,433.76001,429.980011,432.75
431.149994,432.559998,424.51001,424.589996
423.149994,430.140015,420.660004,421.519989
425.299988,427.809998,420.630005,426.899994
434.440002,436.480011,432.619995,435.480011
437.299988,440.339996,436.519989,440.25
440.700012,441.970001,439.579987,440.320007
437.670013,441.480011,437.549988,440.059998
440.329987,441.600006,438.459991,441.019989
442.540009,444.309998,440.5,442.059998
443.98999,444.089996,441.649994,443.079987
442.649994,446.470001,442.459991,445.929993
448.429993,453.149994,446.899994,452.899994
452.709991,454.690002,451.809998,451.980011
452.109985,452.720001,449.540009,451.76001
451.980011,455.579987,451.790009,454.910004
453.040009,455.98999,452.839996,455.799988
456.059998,456.820007,453.079987,455.709991
460.549988,460.579987,451.850006,453.660004
455.290009,459.230011,453.570007,457.950012
459.179993,459.73999,456.690002,459.679993
455.480011,458.23999,455.339996,456.440002
455.5,455.640015,450.209991,451.549988
451.779999,452.480011,443.059998,450.709991
454.570007,455.579987,447.899994,453.130005
452.869995,455.579987,451.130005,454.369995
457.980011,463.609985,454.410004,463.529999
464.220001,464.540009,462.190002,463.369995
463.0,465.73999,461.839996,462.959991
461.820007,465.190002,461.529999,464.829987
463.540009,468.140015,462.029999,468.019989
471.98999,476.5,471.290009,474.149994
477.720001,478.390015,474.420013,476.720001
476.519989,479.26001,476.049988,479.190002
479.459991,486.859985,478.140015,485.059998
485.01001,485.899994,483.429993,485.209991
486.420013,486.839996,479.619995,481.470001
481.190002,482.540009,478.670013,480.179993
478.179993,479.929993,473.820007,473.959991
476.070007,479.679993,475.119995,479.380005
478.549988,480.920013,478.130005,480.369995
480.119995,483.100006,479.299988,481.609985
482.410004,487.200012,478.459991,479.109985
480.040009,482.48999,476.26001,481.920013
480.410004,487.040009,480.279999,486.980011
486.220001,491.170013,486.220001,491.040009
491.890015,496.600006,491.589996,496.160004
496.529999,497.899994,495.5,497.339996
498.869995,500.0,496.23999,497.769989
499.709991,503.519989,498.390015,502.959991
503.070007,503.279999,490.730011,491.929993
492.51001,499.619995,492.040009,494.820007
496.609985,501.01001,494.089996,496.149994
497.619995,498.440002,493.149994,496.339996
488.279999,488.799988,481.700012,481.769989
485.529999,485.709991,476.269989,479.48999
479.149994,481.690002,473.940002,475.23999
481.160004,483.350006,477.709991,482.320007
481.410004,484.429993,480.140015,480.619995
473.820007,474.190002,462.51001,463.380005
463.720001,467.940002,455.630005,458.269989
462.649994,465.929993,459.769989,462.970001
465.709991,467.910004,461.619995,463.899994
465.850006,466.559998,454.149994,457.529999
467.869995,472.790009,466.410004,471.070007
471.76001,475.549988,455.980011,459.660004
450.890015,453.570007,444.470001,448.75
424.709991,442.290009,423.450012,435.369995
437.230011,447.070007,434.559998,439.529999
446.48999,449.0,434.369995,434.769989
441.059998,448.98999,437.149994,448.070007
446.73999,452.059998,445.609985,450.410004
451.390015,454.369995,448.549988,451.380005
455.820007,462.850006,455.679993,462.579987
463.51001,465.109985,458.399994,462.730011
468.76001,474.820007,468.380005,474.420013
472.619995,476.410004,471.649994,475.029999
475.170013,481.309998,473.369995,481.269989
480.350006,482.940002,478.549988,480.26001
481.049988,484.369995,479.320007,482.5
484.839996,485.540009,473.809998,474.850006
479.23999,482.73999,475.279999,480.0
479.450012,480.380005,473.23999,475.339996
473.690002,477.839996,471.709991,476.76001
476.290009,477.019989,467.890015,471.350006
473.279999,477.929993,469.369995,470.660004
475.040009,476.899994,470.51001,476.269989
473.200012,473.329987,459.410004,461.809998
458.670013,464.450012,457.730011,460.609985
458.970001,465.359985,457.940002,461.040009
460.329987,461.220001,448.190002,448.690002
453.059998,455.459991,449.820007,454.459991
456.23999,459.170013,452.230011,458.660004
459.910004,469.369995,451.279999,468.619995
468.649994,474.040009,466.850006,473.220001
472.480011,476.529999,472.25,475.339996
473.190002,473.859985,469.890015,473.23999
476.290009,477.600006,470.970001,473.48999
474.700012,478.829987,470.829987,471.440002
482.609985,486.230011,480.48999,483.359985
482.48999,483.690002,478.299988,482.440002
482.950012,484.140015,481.600006,483.040009
484.459991,486.329987,480.170013,485.369995
484.73999,487.790009,484.559998,485.820007
493.369995,493.700012,485.799988,489.470001
490.5,490.640015,485.559998,486.75
485.779999,488.410004,482.920013,488.070007
487.700012,488.0,477.399994,481.269989
480.359985,483.880005,477.720001,481.950012
479.73999,484.549988,478.98999,481.589996
487.450012,487.880005,482.390015,487.320007
485.390015,486.570007,480.869995,482.100006
484.660004,489.98999,483.850006,489.299988
489.0,493.730011,487.950012,493.149994
490.850006,494.470001,489.529999,492.589996
490.73999,494.390015,490.170013,493.359985
495.769989,498.829987,495.26001,497.5
497.829987,498.5,488.679993,490.850006
491.179993,491.690002,487.570007,490.910004
496.440002,496.48999,491.190002,491.25
494.059998,495.570007,493.299988,494.470001
493.25,496.230011,491.309998,495.420013
492.730011,497.450012,491.970001,495.959991
493.589996,494.25,485.049988,488.359985
492.109985,493.0,489.440002,492.320007
495.140015,500.279999,494.429993,495.320007
498.459991,498.519989,495.100006,495.399994
495.720001,501.350006,493.850006,500.160004
499.390015,500.350006,495.890015,496.380005
492.380005,492.429993,483.75,483.850006
485.5,490.75,485.200012,487.429993
486.820007,489.380005,484.25,486.01001
487.609985,492.880005,487.519989,492.209991
500.559998,506.410004,499.600006,505.579987
508.399994,514.330017,508.339996,513.539978
513.039978,514.919983,512.409973,514.140015
515.369995,515.580017,510.920013,513.840027
513.77002,514.659973,509.829987,512.909973
512.400024,514.97998,509.950012,512.25
511.910004,512.789978,507.769989,508.690002
502.940002,503.329987,494.48999,496.570007
498.130005,502.140015,496.730011,500.019989
497.420013,503.950012,497.079987,503.459991
503.160004,503.480011,496.559998,503.170013
506.23999,506.959991,497.559998,504.980011
504.420013,506.529999,502.779999,505.790009
509.899994,511.450012,504.26001,506.589996
508.079987,510.140015,507.230011,509.309998
508.170013,508.23999,501.929993,505.299988
505.929993,510.339996,505.309998,509.73999
511.01001,516.26001,510.619995,515.289978
513.950012,517.150024,513.369995,516.869995
520.320007,523.52002,519.599976,523.26001
523.309998,524.039978,521.419983,521.809998
522.47998,526.719971,522.349976,526.47998
525.549988,526.349976,521.219971,522.380005
523.619995,525.380005,519.159973,520.599976
525.0,530.609985,524.590027,529.919983
527.679993,528.960022,526.02002,526.5
530.460022,533.169983,527.299988,530.530029
533.080017,539.150024,533.0,538.169983
536.359985,537.47998,534.130005,535.799988
535.150024,536.880005,515.01001,516.469971
521.190002,521.76001,513.830017,514.169983
510.440002,524.820007,509.290009,518.659973
519.549988,523.25,516.130005,522.869995
524.830017,530.049988,524.190002,529.960022
528.320007,531.23999,526.309998,529.599976
526.01001,526.450012,517.859985,522.559998
515.51001,519.359985,511.829987,515.609985
516.900024,517.659973,510.26001,511.230011
514.299988,516.640015,505.709991,510.230011
513.349976,519.650024,512.530029,518.580017
524.02002,527.919983,522.030029,524.539978
525.590027,525.98999,513.280029,515.179993
515.080017,516.919983,510.570007,515.27002
511.480011,511.579987,503.920013,507.190002
501.200012,506.019989,499.700012,505.559998
508.73999,510.160004,501.589996,505.079987
513.030029,517.849976,511.459991,516.700012
518.97998,519.059998,512.950012,513.080017
522.849976,524.070007,513.109985,521.73999
524.47998,525.969971,520.059998,524.799988
529.570007,533.820007,529.26001,531.51001
529.039978,532.76001,528.450012,532.640015
533.02002,533.789978,528.150024,529.630005
511.0,517.98999,510.149994,514.210022
515.219971,523.0,511.779999,521.809998
522.460022,522.590027,516.900024,520.830017
523.710022,526.099976,518.210022,523.049988
526.919983,531.52002,521.190002,522.289978
513.469971,520.849976,511.049988,518.109985
518.630005,525.109985,518.22998,524.469971
521.820007,527.01001,520.619995,526.849976
527.359985,529.809998,525.73999,529.599976
530.140015,532.099976,522.190002,522.919983
527.219971,530.359985,526.75,529.25
525.960022,529.919983,525.830017,527.98999
522.299988,529.190002,521.950012,528.299988
529.97998,536.219971,529.190002,535.900024
536.01001,538.840027,535.669983,538.150024
539.72998,540.0,536.039978,539.369995
538.570007,540.809998,536.460022,539.52002
538.72998,539.099976,532.460022,537.22998
538.380005,538.400024,525.710022,526.080017
527.880005,529.070007,519.530029,519.869995
519.23999,519.320007,509.440002,513.320007
515.530029,519.659973,511.369995,514.559998
518.130005,519.070007,500.049988,500.269989
500.130005,508.779999,496.929993,508.170013
511.519989,513.039978,493.579987,497.049988
494.179993,503.73999,487.73999,495.549988
496.200012,503.630005,491.26001,502.01001
493.690002,498.579987,486.200012,488.200012
487.160004,493.279999,480.529999,491.790009
483.450012,483.970001,468.660004,472.730011
472.350006,478.809998,467.01001,471.600006
479.160004,481.059998,471.790009,476.920013
476.25,476.279999,466.429993,468.339996
473.730011,480.559998,473.119995,479.660004
479.609985,485.839996,477.799988,482.769989
479.410004,479.609985,472.410004,474.540009
476.809998,485.329987,474.869995,480.890015
476.880005,484.549988,476.179993,479.26001
474.079987,481.609985,472.910004,480.839996
487.73999,491.51001,484.399994,490.660004
491.390015,493.619995,490.420013,493.459991
492.299988,493.160004,482.820007,484.380005
482.410004,486.579987,480.25,481.619995
479.809998,480.519989,468.049988,468.940002
461.920013,469.859985,457.329987,468.920013
467.299988,473.630005,464.420013,472.700012
466.119995,479.559998,465.859985,476.149994
456.440002,460.070007,450.140015,450.660004
438.140015,440.369995,422.670013,422.670013
408.660004,443.140015,402.390015,423.690002
438.160004,443.140015,409.790009,416.059998
415.570007,467.829987,415.429993,466.0
453.559998,455.589996,432.630005,446.179993
444.649994,455.790009,441.329987,454.399994
464.459991,465.049988,452.630005,457.480011
458.540009,462.380005,456.149994,457.98999
449.029999,452.619995,437.76001,444.179993
447.170013,447.75,441.359985,444.100006
438.230011,439.079987,427.929993,433.109985
438.820007,447.579987,437.619995,444.480011
458.170013,463.380005,452.880005,454.559998
456.480011,467.660004,455.829987,467.350006
466.970001,473.089996,465.390015,472.559998
473.029999,474.809998,466.029999,472.410004
470.170013,476.420013,469.589996,475.529999
467.130005,477.200012,462.429993,475.470001
483.410004,487.179993,480.73999,481.679993
486.540009,490.910004,484.829987,488.829987
484.600006,489.029999,484.100006,485.929993
479.559998,485.049988,478.190002,481.410004
482.079987,485.799988,476.779999,483.299988
488.529999,492.700012,484.170013,488.290009
490.209991,491.540009,486.200012,487.970001
506.98999,507.890015,501.480011,507.850006
509.160004,517.390015,508.420013,515.590027
516.77002,519.22998,515.75,518.679993
516.52002,521.929993,515.169983,519.25
520.659973,521.700012,517.099976,521.51001
514.23999,522.530029,514.23999,522.01001
519.469971,520.929993,516.659973,520.27002
516.27002,523.0,511.23999,513.039978
513.659973,517.710022,512.299988,514.0
506.179993,511.839996,505.579987,509.23999
516.150024,521.710022,514.590027,521.219971
522.179993,523.679993,518.390015,518.909973
526.330017,526.47998,517.320007,519.929993
519.440002,520.679993,511.929993,519.109985
517.23999,523.450012,515.969971,523.210022
523.559998,528.73999,522.690002,527.299988
528.01001,529.840027,525.969971,528.77002
530.179993,533.049988,522.659973,524.789978
530.0,531.799988,528.210022,529.919983
530.140015,532.349976,529.01001,530.700012
531.169983,534.900024,528.890015,534.210022
535.619995,536.780029,530.109985,532.409973
531.090027,534.640015,530.840027,533.659973
527.679993,531.869995,525.72998,526.960022
530.5,535.369995,530.450012,534.289978
531.710022,533.330017,527.909973,529.080017
530.099976,532.549988,527.400024,528.98999
532.26001,533.559998,524.880005,526.830017
526.809998,532.169983,523.650024,531.650024
536.890015,540.700012,536.27002,539.780029
542.059998,543.309998,539.380005,541.159973
543.349976,546.669983,541.52002,546.219971
547.26001,549.98999,544.539978,548.090027
551.26001,552.799988,549.01001,551.640015
549.72998,550.710022,544.659973,546.98999
546.159973,551.0,546.119995,550.799988
553.179993,557.200012,553.179993,556.219971
553.52002,554.340027,549.580017,552.030029
553.380005,554.01001,551.099976,552.340027
554.47998,557.630005,553.099976,556.25
556.890015,557.299988,552.75,555.450012
553.299988,555.789978,552.049988,554.200012
553.98999,556.950012,551.630005,556.210022
560.25,560.799988,556.659973,556.719971
557.280029,560.210022,551.559998,557.289978
558.02002,562.309998,557.210022,561.799988
563.119995,564.72998,559.97998,561.26001
562.090027,566.059998,562.059998,564.169983
564.299988,564.349976,558.609985,561.25
562.340027,563.849976,559.580017,563.809998
565.130005,566.23999,563.289978,565.01001
564.929993,567.700012,564.27002,566.369995
567.73999,569.039978,566.869995,568.140015
570.76001,572.109985,566.530029,567.26001
568.179993,570.619995,565.049988,568.02002
574.539978,574.630005,563.869995,565.01001
558.830017,559.02002,551.679993,553.880005
559.049988,564.320007,558.950012,564.099976
565.390015,566.559998,559.72998,560.27002
561.109985,567.76001,560.630005,567.320007
571.669983,573.320007,565.109985,569.23999
570.450012,574.77002,570.150024,574.549988
574.690002,576.799988,571.570007,572.849976
575.159973,580.349976,572.48999,580.049988
582.76001,583.320007,578.940002,580.340027
578.280029,581.880005,577.909973,579.890015
579.799988,579.840027,575.570007,577.340027
576.440002,577.77002,575.23999,577.109985
576.390015,576.559998,568.25,569.280029
568.330017,568.450012,558.840027,565.900024
564.349976,566.48999,560.97998,563.280029
564.669983,573.98999,563.27002,571.969971
570.400024,573.289978,569.159973,570.320007
569.830017,572.919983,568.799988,572.609985
571.590027,574.409973,570.369995,573.48999
574.109985,578.0,572.460022,577.080017
574.659973,575.030029,568.539978,570.400024
561.309998,565.969971,559.539978,565.619995
569.22998,571.700012,566.72998,570.070007
570.73999,575.599976,569.030029,575.22998
580.48999,581.119995,571.530029,576.059998
578.369995,580.840027,577.77002,578.869995
579.669983,580.940002,577.039978,580.51001
583.73999,583.77002,578.549988,580.700012
583.23999,584.880005,581.619995,584.080017
585.039978,587.859985,584.099976,586.659973
588.440002,591.789978,588.289978,591.679993
592.609985,592.859985,590.48999,591.179993
591.099976,591.75,584.369995,590.0
594.909973,598.140015,592.960022,595.320007
597.330017,600.049988,595.849976,599.349976
597.73999,602.869995,597.719971,602.200012
602.369995,602.570007,596.97998,598.200012
599.580017,599.900024,593.359985,596.099976
592.200012,595.119995,588.5,593.530029
594.349976,596.299988,591.059998,595.969971
599.109985,602.049988,597.409973,598.72998
598.429993,600.710022,596.099976,600.369995
597.169983,603.789978,596.340027,603.25
607.059998,607.159973,602.929993,605.72998
606.51001,607.330017,601.390015,603.179993
608.450012,609.359985,605.969971,607.710022
609.02002,609.710022,603.030029,604.51001
605.409973,611.75,605.26001,611.440002
611.47998,611.609985,607.47998,610.700012
611.400024,613.179993,589.049988,589.5
599.679993,602.950012,597.22998,602.01001
595.309998,602.690002,590.130005,598.0
604.01001,606.700012,595.929993,602.219971
605.109985,608.309998,595.5,599.98999
597.950012,605.51001,596.369995,603.929993
607.140015,612.799988,607.070007,611.539978
611.640015,612.719971,609.320007,611.380005
610.820007,611.409973,599.73999,605.48999
604.909973,611.369995,604.52002,610.580017
615.98999,618.419983,615.130005,617.099976
624.52002,628.549988,624.030029,628.090027
630.359985,634.679993,629.25,632.919983
635.590027,637.01001,630.25,635.77002
632.169983,633.5,625.940002,626.049988
634.169983,634.200012,626.690002,629.070007
635.109985,635.820007,629.849976,632.080017
623.280029,626.950012,618.460022,619.25
618.48999,626.599976,617.210022,623.280029
621.789978,622.039978,610.299988,611.669983
608.309998,609.950012,598.669983,609.73999
618.919983,624.309998,616.890015,623.22998
620.570007,622.719971,617.52002,621.570007
624.840027,624.859985,617.809998,621.080017
617.539978,618.119995,606.080017,608.400024
599.549988,613.349976,597.169983,608.859985
606.299988,612.47998,599.869995,603.659973
599.619995,602.309998,591.340027,596.309998
597.070007,606.159973,594.590027,599.869995
611.619995,614.030029,584.75,585.669983
587.469971,596.97998,580.73999,590.070007
595.280029,606.679993,595.159973,605.159973
603.51001,610.26001,597.320007,608.890015
612.51001,616.190002,610.390015,614.27002
616.109985,619.320007,615.419983,619.25
613.630005,619.440002,612.52002,617.169983
619.460022,623.75,617.590027,622.0
619.619995,624.219971,618.030029,623.52002
624.929993,624.940002,619.539978,622.940002
624.380005,628.919983,623.710022,625.47998
627.210022,628.840027,621.690002,624.280029
623.01001,625.869995,621.0,625.049988
623.849976,629.210022,620.98999,627.609985
623.820007,625.780029,617.719971,625.580017
622.080017,623.539978,611.359985,613.619995
618.369995,618.419983,609.320007,610.539978
608.26001,613.51001,606.909973,611.75
613.059998,613.650024,600.280029,600.409973
609.799988,612.929993,606.919983,609.109985
611.950012,617.619995,611.869995,617.049988
621.349976,621.650024,617.77002,619.210022
618.200012,622.409973,617.780029,622.109985
621.98999,624.280029,621.719971,623.929993
624.659973,625.52002,623.140015,623.890015
620.099976,622.780029,618.72998,620.869995
619.840027,622.179993,619.219971,619.429993
619.650024,619.960022,614.049988,614.309998
620.059998,622.849976,610.150024,613.119995
619.320007,620.809998,616.719971,617.98999
619.22998,624.02002,618.539978,623.419983
623.039978,627.940002,622.559998,624.02002
623.030029,623.419983,617.799988,620.469971
621.409973,627.890015,619.059998,626.650024
622.309998,628.849976,622.26001,627.169983
627.27002,629.469971,623.700012,626.23999
622.23999,623.450012,614.559998,619.549988
626.599976,630.0,620.75,621.780029
625.5,626.080017,618.880005,621.26001
610.530029,615.059998,607.049988,608.059998
609.469971,620.419983,607.859985,616.280029
622.349976,622.460022,617.780029,620.76001
619.72998,625.400024,618.650024,622.719971
623.210022,627.609985,622.119995,625.460022
628.909973,632.039978,627.340027,631.130005
635.460022,636.599976,631.809998,633.219971
632.650024,633.669983,618.27002,629.429993
625.710022,628.26001,619.299988,621.869995
618.700012,628.48999,618.659973,626.140015
628.299988,629.97998,610.960022,616.52002
615.02002,615.099976,600.469971,605.75
600.210022,604.809998,594.76001,597.030029
600.190002,611.409973,598.77002,609.650024
607.539978,616.460022,605.070007,614.320007
615.309998,617.02002,611.01001,611.469971
616.380005,617.52002,607.690002,613.109985
614.710022,615.809998,599.570007,600.640015
600.429993,606.47998,596.419983,601.919983
598.380005,603.950012,593.340027,601.299988
602.109985,609.77002,600.719971,605.789978
602.809998,605.820007,600.75,603.469971
600.119995,610.349976,599.22998,608.809998
606.609985,608.01001,599.049988,601.409973
602.400024,608.98999,599.72998,607.869995
611.070007,616.830017,611.0,616.679993
615.590027,615.590027,603.97998,609.23999
602.97998,608.320007,602.190002,607.289978
598.859985,609.919983,597.98999,608.090027
596.330017,603.960022,591.869995,601.580017
604.159973,612.880005,603.429993,610.75
607.400024,612.76001,602.26001,608.909973
600.309998,606.0,598.330017,599.75
594.22998,609.27002,591.330017,607.76001
607.780029,613.289978,605.419983,607.77002
608.950012,612.429993,605.030029,607.690002
602.76001,604.140015,597.049988,597.26001
599.72998,603.599976,592.570007,593.719971
600.039978,603.859985,599.109985,600.380005
603.140015,605.900024,601.869995,603.309998
601.48999,603.159973,594.559998,594.900024
589.51001,595.799988,587.080017,593.02002
591.059998,591.169983,578.539978,582.059998
590.52002,595.080017,585.960022,588.0
584.809998,587.929993,581.929993,583.97998
589.140015,591.369995,585.690002,587.820007
582.599976,584.630005,573.429993,573.789978
570.809998,571.02002,561.570007,562.580017
567.380005,568.049988,555.599976,558.280029
564.289978,578.640015,564.210022,577.179993
581.47998,587.73999,580.419983,584.309998
573.969971,586.049988,571.919983,584.97998
586.22998,590.609985,584.690002,588.5
585.640015,588.97998,578.400024,588.590027
608.710022,609.900024,602.119995,606.090027
605.929993,610.5,603.030029,610.190002
611.840027,613.669983,609.580017,611.070007
609.47998,626.73999,608.109985,617.390015
620.219971,628.599976,620.099976,628.599976
629.080017,637.830017,628.200012,637.400024
639.210022,642.179993,635.26001,640.469971
645.590027,650.0,644.070007,648.849976
648.039978,648.76001,642.52002,646.789978
648.409973,650.200012,642.210022,644.330017
650.150024,655.330017,648.52002,655.109985
653.549988,656.919983,645.52002,651.419983
658.51001,664.51001,656.530029,663.880005
663.400024,664.429993,660.690002,664.22998
657.409973,659.640015,653.809998,657.549988
658.630005,661.719971,656.590027,661.570007
665.349976,668.900024,657.559998,667.73999
669.159973,675.969971,668.799988,674.150024
674.659973,676.72998,668.900024,672.880005
677.960022,682.77002,677.51001,681.609985
687.780029,695.929993,686.47998,695.77002
696.580017,701.23999,691.77002,694.940002
699.919983,711.22998,699.5,711.22998
710.359985,714.590027,708.909973,713.289978
708.219971,710.179993,696.640015,707.23999
709.960022,716.650024,704.830017,714.710022
714.619995,722.030029,714.219971,719.789978
710.140015,715.130005,705.549988,708.929993
711.539978,712.070007,698.849976,705.880005
699.809998,706.48999,695.25,701.530029
705.289978,713.150024,703.789978,713.150024
708.98999,717.119995,706.77002,714.51001
718.070007,722.119995,715.950012,717.539978
725.960022,731.169983,724.159973,730.280029
732.960022,733.320007,725.440002,729.450012
729.72998,736.599976,726.409973,735.599976
737.840027,741.630005,735.25,738.309998
737.039978,745.650024,735.98999,742.73999
742.400024,746.440002,739.22998,746.159973
747.309998,748.650024,741.01001,744.210022
735.47998,743.498779,732.630005,740.609985
