open,high,low,close
210.699997,211.770004,210.509995,211.350006
211.529999,212.339996,211.5,211.679993
211.839996,212.520004,211.690002,212.369995
211.509995,212.220001,211.190002,212.080002
210.460007,210.860001,209.429993,210.070007
209.360001,210.369995,208.350006,208.449997
208.0,208.740005,206.919998,208.039993
208.039993,209.360001,207.529999,207.75
207.75,208.570007,205.589996,208.369995
207.169998,207.199997,205.75,206.520004
208.820007,209.610001,207.75,207.850006
208.300003,208.919998,207.779999,208.440002
208.649994,209.5,207.929993,208.100006
209.809998,210.869995,209.270004,210.809998
203.630005,210.850006,202.720001,203.240005
201.589996,201.600006,198.649994,199.600006
201.479996,203.229996,201.119995,203.199997
204.839996,206.929993,204.720001,206.660004
207.210007,209.539993,206.559998,209.479996
209.479996,210.490005,209.289993,209.919998
208.949997,209.080002,207.710007,208.410004
207.830002,209.800003,207.059998,209.660004
209.869995,210.649994,208.630005,209.529999
211.050003,212.940002,210.779999,212.649994
213.190002,214.070007,212.949997,213.399994
214.529999,215.300003,213.429993,214.949997
215.440002,215.449997,214.350006,214.919998
216.399994,216.669998,215.660004,216.119995
216.779999,217.009995,215.309998,215.830002
215.970001,216.600006,215.669998,216.410004
215.919998,216.229996,215.630005,216.190002
216.190002,217.369995,216.190002,217.089996
216.960007,217.220001,215.75,216.270004
216.410004,217.300003,216.100006,217.240005
217.0,217.059998,215.970001,216.649994
216.529999,217.169998,215.759995,216.75
217.190002,217.270004,215.619995,216.520004
216.289993,217.110001,215.75,216.770004
216.460007,217.539993,216.130005,217.119995
217.190002,217.649994,216.410004,216.940002
216.649994,216.830002,214.570007,215.550003
215.479996,216.25,215.130005,216.179993
216.309998,216.779999,214.25,216.410004
216.410004,218.229996,216.410004,218.179993
218.399994,218.520004,217.740005,218.050003
218.130005,218.759995,217.800003,218.179993
218.309998,218.399994,217.229996,217.639999
218.259995,218.940002,217.949997,218.649994
218.289993,218.710007,217.990005,218.460007
218.889999,219.5,218.880005,219.089996
218.600006,218.679993,217.960007,217.960007
218.0,218.529999,217.020004,218.369995
218.339996,218.899994,218.210007,218.860001
218.309998,218.75,217.740005,218.539993
218.259995,218.800003,217.830002,218.529999
219.25,219.600006,218.899994,218.970001
218.800003,218.910004,217.360001,217.850006
217.399994,218.190002,217.220001,217.699997
217.919998,219.119995,216.25,217.289993
217.440002,218.669998,217.399994,218.360001
218.259995,218.589996,217.350006,218.0
217.610001,217.75,216.470001,217.380005
217.369995,217.729996,216.029999,217.389999
218.389999,218.869995,217.699997,218.369995
218.699997,219.119995,217.860001,219.029999
218.839996,219.220001,218.300003,219.009995
218.619995,218.940002,218.149994,218.509995
216.970001,217.029999,213.25,213.279999
212.389999,216.809998,212.309998,216.339996
214.839996,215.149994,212.5,213.229996
213.289993,214.699997,212.5,213.149994
212.960007,215.729996,212.75,215.279999
213.479996,213.690002,212.570007,213.369995
214.130005,214.880005,213.029999,213.410004
214.410004,214.589996,213.380005,213.419998
214.240005,216.029999,213.440002,215.820007
217.0,217.529999,216.710007,217.179993
216.720001,216.880005,215.880005,215.990005
215.020004,215.229996,214.009995,214.240005
214.050003,215.679993,213.619995,215.570007
215.830002,216.820007,214.710007,216.639999
216.399994,216.869995,214.039993,214.679993
215.649994,217.119995,215.360001,216.300003
215.820007,216.039993,215.039993,215.779999
215.910004,216.169998,213.990005,214.679993
215.410004,216.130005,215.330002,215.630005
215.369995,216.039993,214.740005,215.779999
216.100006,216.300003,214.190002,215.039993
216.160004,216.699997,215.990005,216.160004
215.660004,215.740005,212.580002,213.429993
213.589996,214.320007,213.009995,213.710007
212.160004,213.589996,211.210007,213.009995
214.149994,214.690002,213.029999,213.119995
213.089996,213.389999,212.169998,212.380005
214.240005,214.309998,213.270004,213.710007
214.020004,214.639999,213.600006,214.279999
213.869995,214.529999,213.110001,213.880005
213.880005,214.080002,212.759995,213.979996
215.0,215.320007,214.479996,214.889999
214.679993,214.979996,213.979996,214.169998
213.210007,214.419998,212.929993,213.740005
214.580002,214.619995,213.080002,213.169998
213.139999,213.929993,211.710007,212.539993
212.929993,213.190002,212.360001,212.550003
212.929993,212.990005,209.600006,211.009995
210.649994,211.100006,209.229996,209.740005
209.990005,210.240005,208.460007,208.779999
208.910004,209.889999,208.380005,208.550003
208.550003,213.190002,208.550003,213.149994
212.690002,214.770004,212.380005,214.110001
212.369995,217.100006,212.339996,216.380005
217.300003,218.309998,215.220001,216.919998
216.080002,216.699997,215.320007,216.419998
217.029999,217.270004,215.720001,216.589996
217.039993,218.279999,216.800003,218.279999
217.559998,218.139999,217.419998,217.869995
218.050003,219.059998,217.919998,218.990005
219.070007,219.270004,218.289993,218.5
219.169998,220.179993,219.0,220.149994
220.509995,220.789993,219.729996,220.580002
219.979996,220.759995,219.75,220.699997
221.100006,221.559998,221.009995,221.520004
221.160004,221.479996,220.360001,220.479996
220.520004,221.440002,220.169998,220.910004
221.630005,221.820007,220.309998,220.380005
220.729996,220.729996,219.149994,219.570007
219.669998,220.25,219.259995,219.679993
220.649994,221.399994,220.419998,221.0
221.220001,221.740005,220.660004,221.699997
221.520004,224.669998,221.380005,224.600006
224.570007,225.699997,224.259995,225.149994
225.410004,226.529999,225.369995,226.509995
226.399994,226.960007,225.759995,226.25
227.020004,228.339996,227.0,227.759995
227.410004,228.229996,225.369995,225.880005
226.160004,227.809998,225.889999,226.809998
226.009995,226.080002,224.669998,225.039993
225.25,226.020004,225.080002,225.529999
226.149994,226.570007,225.880005,226.399994
226.25,226.449997,225.770004,225.770004
225.600006,225.740005,224.919998,225.380005
225.429993,225.720001,225.210007,225.710007
226.020004,226.729996,226.0,226.270004
226.570007,226.589996,224.270004,224.399994
224.479996,224.889999,223.839996,224.350006
224.729996,224.830002,222.729996,223.529999
225.039993,225.830002,223.880005,225.240005
225.619995,226.75,225.610001,226.580002
226.270004,226.580002,225.479996,226.399994
226.529999,227.75,225.899994,227.210007
226.910004,227.070007,226.419998,226.460007
226.479996,227.449997,226.009995,226.460007
226.360001,227.100006,225.589996,227.100006
226.5,226.75,224.960007,226.529999
226.729996,227.399994,226.690002,227.050003
226.309998,226.779999,225.800003,226.25
226.539993,226.800003,225.899994,226.75
226.839996,227.0,225.410004,225.910004
226.699997,227.309998,225.970001,226.740005
226.740005,226.809998,225.270004,226.149994
226.399994,228.080002,226.270004,227.600006
228.699997,229.570007,228.509995,229.570007
229.399994,229.710007,229.009995,229.330002
229.419998,229.589996,228.759995,228.970001
228.169998,228.199997,226.410004,227.550003
226.979996,227.600006,226.320007,227.529999
227.529999,228.589996,226.940002,227.619995
227.619995,228.100006,226.820007,227.770004
228.820007,229.550003,228.460007,229.339996
228.869995,229.330002,228.539993,228.929993
229.380005,229.660004,228.720001,228.940002
228.940002,229.389999,228.309998,229.240005
229.240005,230.949997,229.240005,230.600006
231.0,231.770004,230.619995,231.509995
232.080002,233.070007,232.050003,232.770004
232.559998,233.710007,232.160004,233.699997
233.449997,235.139999,233.389999,234.919998
234.949997,235.160004,233.850006,234.720001
233.949997,235.089996,233.929993,235.089996
235.520004,236.690002,235.509995,236.490005
236.020004,236.539993,235.830002,236.279999
236.880005,236.899994,235.559998,236.440002
235.460007,236.789993,235.410004,236.740005
236.639999,237.309998,236.350006,237.110001
236.669998,236.949997,236.020004,236.470001
238.389999,240.320007,238.369995,239.779999
239.559998,239.570007,238.210007,238.270004
238.169998,238.610001,237.729996,238.419998
237.5,238.119995,237.009995,237.710007
237.360001,237.770004,236.759995,237.0
237.339996,237.639999,236.399994,236.559998
236.699997,237.240005,235.740005,236.860001
237.970001,238.020004,236.589996,237.690002
237.619995,237.860001,237.240005,237.809998
237.179993,237.240005,236.190002,236.899994
237.559998,239.440002,237.289993,238.949997
239.110001,239.199997,238.100006,238.479996
237.75,237.970001,237.029999,237.029999
237.029999,237.360001,236.320007,236.770004
237.470001,237.610001,233.580002,233.729996
233.770004,234.610001,233.050003,234.279999
234.279999,235.339996,233.600006,234.029999
234.380005,235.039993,232.960007,233.860001
231.929993,233.919998,231.610001,233.619995
233.270004,235.809998,233.139999,235.320007
234.990005,235.809998,234.729996,235.539993
235.470001,236.520004,235.270004,236.289993
235.899994,236.509995,235.679993,235.740005
235.800003,236.029999,233.910004,235.330002
235.0,235.580002,234.559998,235.479996
236.259995,237.389999,234.539993,234.779999
234.940002,236.039993,234.429993,235.440002
235.149994,236.0,234.639999,235.199997
235.360001,236.259995,234.729996,235.339996
234.899994,235.179993,233.339996,235.059998
234.740005,234.960007,233.770004,234.029999
233.639999,234.490005,232.509995,232.509995
233.110001,234.570007,232.880005,234.570007
233.720001,234.490005,233.080002,233.869995
234.520004,234.949997,233.179993,233.440002
234.149994,235.850006,233.779999,235.339996
235.25,235.309998,234.130005,234.589996
237.179993,237.410004,234.559998,237.169998
237.910004,238.949997,237.809998,238.550003
238.509995,239.529999,238.350006,238.399994
238.770004,238.949997,237.979996,238.600006
238.899994,238.929993,237.929993,238.080002
238.679993,239.169998,238.199997,238.679993
238.839996,238.979996,238.300003,238.770004
238.770004,238.880005,237.699997,238.479996
238.830002,238.919998,237.779999,238.759995
239.190002,239.720001,238.679993,239.699997
239.75,239.919998,239.169998,239.660004
239.960007,240.190002,239.039993,239.440002
239.389999,239.869995,239.149994,239.869995
239.350006,239.570007,238.130005,239.380005
239.089996,239.429993,238.669998,238.979996
239.470001,240.440002,239.449997,240.300003
240.639999,240.669998,239.630005,240.080002
240.080002,240.080002,235.75,235.820007
235.729996,237.75,235.429993,236.770004
237.330002,239.080002,237.270004,238.309998
238.899994,239.710007,238.820007,239.520004
239.949997,240.240005,239.509995,240.050003
240.320007,240.729996,239.929993,240.610001
241.199997,242.080002,240.960007,241.759995
241.539993,241.899994,241.449997,241.710007
241.339996,241.789993,241.160004,241.5
241.839996,241.880005,240.639999,241.440002
241.970001,243.380005,241.639999,243.360001
243.419998,244.350006,243.080002,244.169998
243.970001,244.300003,243.759995,243.990005
243.339996,243.979996,243.119995,243.210007
243.600006,243.919998,242.830002,243.660004
243.770004,244.330002,243.169998,243.779999
244.089996,245.009995,241.949997,243.410004
243.130005,243.419998,242.380005,243.360001
243.979996,244.610001,243.580002,244.550003
244.860001,244.869995,243.289993,244.240005
242.679993,243.910004,242.360001,243.770004
242.770004,242.830002,241.630005,242.639999
243.589996,244.729996,243.479996,244.660004
244.25,244.259995,242.990005,243.009995
243.460007,243.589996,242.410004,242.949997
242.960007,243.529999,242.639999,242.839996
242.910004,243.509995,242.470001,243.130005
243.899994,244.380005,243.050003,243.289993
243.039993,243.380005,241.309998,241.330002
242.5,243.720001,242.229996,243.490005
243.660004,243.720001,239.960007,241.350006
242.279999,242.710007,241.580002,241.800003
242.880005,243.380005,242.210007,242.210007
242.630005,243.009995,241.699997,242.770004
241.889999,242.029999,240.339996,240.550003
241.210007,242.279999,240.559998,242.110001
242.110001,242.800003,241.759995,242.369995
242.369995,242.550003,240.850006,242.190002
243.300003,244.199997,243.300003,244.009995
244.020004,244.550003,243.759995,244.419998
244.419998,245.970001,244.309998,245.559998
245.470001,245.910004,245.330002,245.529999
245.059998,245.720001,244.669998,245.660004
246.020004,247.0,246.009995,246.990005
247.279999,247.419998,246.470001,247.100006
246.440002,246.910004,246.179993,246.880005
246.789993,246.979996,246.279999,246.820007
247.679993,247.800003,247.160004,247.419998
247.75,247.789993,247.130005,247.429993
247.960007,248.0,245.679993,247.199997
246.649994,247.059998,246.130005,246.910004
247.369995,247.479996,246.529999,246.770004
247.460007,247.5,246.720001,247.320007
247.470001,247.600006,246.369995,247.440002
247.309998,247.339996,246.639999,246.960007
247.520004,247.789993,246.970001,247.410004
247.490005,247.869995,247.369995,247.869995
247.509995,248.910004,246.830002,247.259995
246.470001,247.309998,246.059998,247.25
246.289993,246.440002,243.699997,243.759995
244.020004,244.800003,243.75,244.119995
245.589996,246.789993,245.550003,246.539993
246.979996,247.0,246.160004,246.509995
247.110001,247.570007,246.449997,246.940002
246.240005,246.600006,243.089996,243.089996
242.899994,244.190002,242.199997,242.710007
242.639999,243.199997,241.830002,242.899994
243.570007,245.619995,243.550003,245.440002
244.330002,245.050003,244.160004,244.559998
245.0,245.179993,243.75,243.990005
244.899994,245.610001,244.389999,244.559998
245.169998,245.199997,244.089996,244.570007
243.059998,245.149994,242.929993,244.850006
244.830002,246.320007,244.619995,246.009995
246.720001,247.770004,246.050003,247.490005
247.919998,248.330002,247.669998,247.839996
247.259995,247.520004,244.949997,246.059998
246.839996,247.279999,246.229996,246.899994
247.25,247.270004,246.399994,246.869995
246.539993,247.110001,246.300003,246.580002
248.039993,249.300003,248.020004,249.210007
249.630005,250.089996,249.419998,250.050003
249.720001,250.210007,249.589996,250.169998
249.800003,250.320007,249.600006,250.089996
248.690002,249.289993,248.570007,249.190002
249.610001,250.119995,249.279999,249.720001
250.0,250.070007,249.600006,249.970001
250.070007,250.190002,248.919998,250.059998
249.880005,249.979996,249.190002,249.389999
249.050003,249.630005,249.020004,249.440002
249.149994,249.550003,248.080002,248.929993
249.419998,249.699997,248.809998,249.080002
249.880005,250.490005,248.869995,250.050003
249.729996,250.440002,249.630005,250.350006
250.339996,251.320007,250.130005,251.229996
251.490005,252.320007,251.289993,252.320007
252.320007,252.889999,252.229996,252.860001
252.690002,253.440002,252.559998,253.160004
253.539993,254.679993,253.199997,254.660004
254.149994,254.699997,253.850006,254.369995
254.630005,254.699997,253.649994,253.949997
254.600006,255.050003,253.979996,254.619995
254.509995,255.020004,254.320007,255.020004
254.660004,255.059998,254.369995,254.639999
255.139999,255.270004,254.639999,254.949997
255.210007,255.509995,254.820007,255.289993
255.229996,255.520004,254.979996,255.470001
255.899994,255.949997,255.5,255.720001
254.830002,255.830002,254.350006,255.789993
256.700012,257.140015,255.770004,257.109985
257.480011,257.51001,256.019989,256.109985
256.600006,256.829987,256.149994,256.559998
256.179993,256.309998,254.0,255.289993
255.990005,256.299988,255.479996,255.619995
256.470001,257.890015,255.630005,257.709991
256.470001,257.600006,256.410004,256.75
257.179993,257.440002,256.809998,257.149994
258.040009,258.429993,257.070007,257.48999
257.410004,257.75,256.190002,257.589996
257.769989,258.5,257.299988,258.450012
258.299988,259.0,258.220001,258.850006
258.970001,259.350006,258.089996,258.670013
258.470001,259.220001,258.149994,259.109985
257.730011,258.390015,256.359985,258.170013
257.730011,258.290009,257.369995,258.089996
257.309998,258.589996,257.269989,258.329987
257.410004,257.850006,256.519989,257.730011
256.619995,257.220001,255.630005,256.440002
257.519989,259.040009,257.470001,258.619995
258.220001,258.589996,257.769989,257.859985
258.140015,258.519989,257.859985,258.299988
259.179993,260.200012,258.26001,259.98999
260.0,260.149994,259.570007,259.76001
260.320007,260.480011,260.160004,260.359985
260.410004,260.75,260.0,260.230011
260.76001,262.899994,260.649994,262.869995
263.019989,263.630005,262.200012,262.709991
263.76001,266.049988,263.670013,265.01001
264.76001,265.309998,260.76001,264.459991
266.309998,266.799988,264.079987,264.140015
263.190002,265.149994,263.040009,263.190002
263.299988,263.730011,262.709991,263.23999
264.070007,264.429993,262.940002,264.070007
265.160004,265.519989,264.029999,265.51001
266.309998,266.380005,265.480011,266.309998
267.209991,267.320007,266.350006,266.779999
267.059998,267.559998,266.649994,266.75
267.089996,267.220001,265.600006,265.660004
265.450012,267.040009,265.390015,266.51001
268.100006,268.600006,267.980011,268.200012
268.480011,268.529999,267.089996,267.170013
268.269989,268.329987,266.690002,267.029999
267.73999,268.390015,267.299988,267.579987
267.600006,267.640015,266.899994,267.51001
267.049988,267.440002,266.890015,267.190002
267.380005,267.730011,267.01001,267.320007
267.890015,267.920013,267.450012,267.869995
268.529999,268.549988,266.640015,266.859985
267.839996,268.809998,267.399994,268.769989
268.959991,270.640015,268.959991,270.470001
271.200012,272.160004,270.540009,271.609985
272.51001,273.559998,271.950012,273.420013
273.309998,274.100006,272.980011,273.920013
274.399994,275.25,274.079987,274.540009
273.679993,274.420013,272.920013,274.119995
274.75,276.119995,274.559998,276.119995
276.420013,278.109985,276.079987,277.920013
279.350006,280.089996,276.179993,276.970001
278.029999,280.049988,276.970001,279.609985
279.480011,279.959991,278.579987,279.140015
279.799988,280.410004,279.140015,280.410004
280.170013,282.690002,280.109985,282.690002
282.73999,283.619995,282.369995,283.290009
284.019989,284.700012,281.839996,283.179993
284.160004,284.269989,282.399994,283.299988
284.25,286.630005,283.959991,286.579987
285.929993,286.429993,284.5,284.679993
282.600006,284.73999,281.220001,281.76001
282.730011,283.299988,280.679993,281.899994
281.070007,283.059998,280.679993,281.579987
280.079987,280.230011,275.410004,275.450012
273.450012,275.850006,263.309998,263.929993
259.940002,269.700012,258.700012,269.130005
268.5,272.359985,267.579987,267.670013
268.01001,268.170013,257.589996,257.630005
260.799988,263.609985,252.919998,261.5
263.829987,267.01001,261.660004,265.339996
263.970001,266.619995,263.309998,266.0
264.309998,270.0,264.299988,269.589996
271.570007,273.040009,268.769989,273.029999
272.320007,275.320007,272.269989,273.109985
272.029999,273.670013,270.5,271.399994
271.899994,274.720001,269.940002,270.049988
271.100006,273.049988,269.640015,270.399994
271.790009,274.709991,271.25,274.709991
275.929993,278.01001,275.26001,277.899994
278.109985,278.920013,274.359985,274.429993
275.679993,276.190002,271.290009,271.649994
271.410004,273.170013,266.0,267.700012
265.799988,269.720001,264.820007,269.079987
267.730011,272.890015,267.609985,272.190002
273.299988,273.390015,271.179993,272.880005
270.420013,273.179993,270.200012,272.779999
273.549988,274.23999,272.420013,274.100006
275.700012,278.869995,275.339996,278.869995
279.200012,279.910004,278.079987,278.519989
279.839996,280.410004,276.029999,276.720001
277.809998,278.019989,274.670013,275.299988
275.880005,276.609985,274.429993,275.0
274.5,275.390015,274.140015,274.200012
273.350006,274.399994,268.619995,270.48999
270.940002,271.670013,270.179993,270.950012
270.899994,273.269989,270.190002,270.429993
267.910004,268.869995,263.359985,263.670013
264.170013,264.540009,257.829987,258.049988
262.130005,265.429993,259.410004,265.109985
266.170013,266.769989,258.839996,260.600006
260.75,262.640015,258.579987,259.829987
261.119995,265.26001,259.839996,263.149994
262.549988,263.130005,254.669998,257.470001
258.869995,261.309998,256.839996,260.769989
256.75,264.359985,256.600006,263.559998
265.549988,266.640015,264.320007,265.640015
263.420013,265.109985,258.0,259.720001
261.369995,264.839996,259.940002,261.0
264.269989,266.040009,262.980011,265.149994
263.470001,265.640015,263.390015,263.76001
265.26001,267.0,265.059998,265.929993
267.410004,267.540009,264.01001,265.149994
267.0,268.200012,266.070007,267.329987
269.329987,270.869995,268.75,270.190002
270.690002,271.299988,269.869995,270.390015
269.649994,269.880005,267.720001,268.890015
268.809998,269.059998,265.609985,266.609985
267.26001,267.890015,265.350006,266.570007
267.730011,267.980011,261.279999,262.980011
262.910004,264.130005,260.850006,263.630005
264.790009,267.25,264.290009,266.309998
267.0,267.339996,265.5,266.559998
267.26001,267.890015,264.429993,264.51001
263.869995,265.100006,262.109985,264.980011
264.76001,265.679993,262.76001,263.200012
262.26001,263.359985,259.049988,262.619995
261.519989,266.790009,261.149994,266.019989
266.890015,268.019989,266.109985,266.920013
266.5,267.329987,265.149994,266.920013
267.679993,269.869995,267.089996,269.5
270.339996,272.390015,270.220001,272.019989
272.160004,273.149994,271.579987,272.850006
273.339996,274.079987,272.359985,272.980011
271.589996,271.609985,270.029999,271.100006
271.140015,272.76001,271.109985,272.23999
271.940002,273.230011,271.130005,272.01001
271.619995,272.029999,270.929993,271.329987
273.01001,273.980011,272.570007,273.369995
273.959991,274.25,272.23999,272.609985
271.170013,273.390015,270.98999,273.359985
272.910004,273.220001,270.779999,272.799988
272.149994,272.859985,271.579987,272.149994
270.309998,271.170013,267.76001,269.019989
270.5,273.109985,270.420013,272.609985
272.149994,272.48999,270.26001,270.940002
272.410004,273.940002,272.329987,273.600006
274.529999,275.190002,274.26001,274.899994
275.049988,275.529999,274.179993,275.100006
275.790009,277.519989,275.089996,277.399994
277.950012,278.279999,276.339996,277.369995
276.850006,278.25,276.660004,278.190002
278.440002,279.369995,278.309998,278.559998
279.029999,279.329987,278.190002,278.920013
279.190002,279.480011,277.799988,278.029999
279.01001,279.329987,278.059998,278.730011
276.600006,277.51001,275.350006,277.130005
275.48999,276.700012,274.950012,276.559998
274.0,275.75,273.529999,275.5
276.269989,276.720001,275.589996,275.970001
275.959991,275.980011,273.679993,274.23999
275.660004,275.790009,274.48999,274.73999
273.440002,273.619995,269.100006,271.0
271.640015,272.559998,270.790009,271.600006
272.26001,273.869995,269.179993,269.350006
269.290009,271.75,268.48999,270.890015
272.119995,273.660004,271.149994,271.279999
269.51001,272.040009,269.23999,271.859985
272.869995,272.980011,270.420013,270.899994
272.170013,273.179993,270.959991,273.109985
273.140015,275.839996,272.709991,275.420013
276.549988,277.959991,276.5,277.899994
278.410004,279.01001,278.079987,278.899994
277.149994,278.040009,276.519989,276.859985
278.279999,279.429993,277.600006,279.369995
279.170013,279.929993,278.660004,279.589996
279.640015,279.799988,278.839996,279.339996
278.470001,280.910004,278.410004,280.470001
280.559998,281.179993,280.059998,281.059998
280.309998,280.73999,279.459991,280.0
279.769989,280.480011,279.5,279.679993
279.450012,280.429993,279.059998,280.200012
281.790009,282.559998,280.630005,281.609985
281.329987,284.369995,281.279999,284.01001
283.200012,284.109985,283.089996,283.339996
283.709991,283.820007,280.380005,281.420013
281.51001,281.690002,279.359985,279.950012
280.809998,282.019989,280.380005,281.329987
281.559998,282.130005,280.130005,280.859985
279.390015,282.579987,279.160004,282.390015
282.529999,283.660004,282.329987,283.600006
283.640015,284.98999,283.200012,284.640015
285.390015,286.01001,285.23999,285.579987
285.390015,285.910004,284.940002,285.459991
285.529999,285.970001,284.920013,285.070007
283.450012,284.059998,282.359985,283.160004
283.470001,284.160004,281.769989,282.100006
282.920013,284.170013,282.480011,283.899994
282.380005,282.540009,280.160004,281.779999
283.399994,285.040009,283.359985,284.059998
283.829987,285.559998,283.369995,285.059998
285.570007,285.970001,285.059998,285.670013
286.25,287.309998,285.709991,286.339996
285.880005,286.76001,285.579987,286.170013
285.970001,286.940002,285.429993,285.790009
286.440002,287.670013,286.380005,287.51001
288.859985,289.899994,288.679993,289.779999
290.299988,290.420013,289.399994,289.920013
290.160004,291.73999,289.890015,291.480011
290.940002,291.359985,289.630005,290.299988
289.839996,290.809998,289.290009,290.309998
289.839996,290.209991,288.679993,289.809998
289.410004,289.640015,287.890015,289.029999
289.149994,289.48999,287.0,288.160004
286.980011,288.700012,286.709991,287.600006
288.73999,289.040009,287.880005,288.100006
287.369995,289.549988,286.980011,289.049988
289.059998,289.799988,288.230011,289.119995
290.320007,291.040009,290.0,290.829987
291.059998,291.269989,290.0,290.880005
290.820007,290.859985,289.029999,289.339996
289.579987,291.579987,289.549988,290.910004
290.970001,291.690002,290.829987,291.220001
292.640015,293.940002,291.23999,293.579987
293.089996,293.220001,291.809998,291.98999
291.339996,291.5,290.369995,291.019989
291.529999,291.649994,290.480011,290.75
290.910004,292.23999,289.410004,289.880005
290.410004,291.910004,290.100006,290.690002
289.98999,291.279999,289.950012,290.720001
292.109985,292.929993,290.980011,291.730011
291.559998,292.359985,291.140015,291.559998
292.73999,293.209991,291.320007,291.720001
291.179993,291.23999,287.660004,289.440002
289.690002,290.269989,286.220001,287.820007
287.049988,288.220001,285.5,287.820007
287.390015,288.859985,286.769989,287.399994
286.829987,286.910004,277.880005,278.299988
277.079987,278.899994,270.359985,272.170013
276.769989,277.089996,272.369995,275.950012
275.549988,277.040009,274.299988,274.399994
276.600006,280.820007,276.070007,280.399994
280.440002,281.149994,277.559998,280.450012
279.399994,280.070007,274.970001,276.399994
277.130005,279.299988,275.470001,276.25
277.0,277.359985,274.410004,275.01001
270.950012,274.869995,268.609985,273.609985
273.329987,273.76001,264.700012,265.320007
267.380005,271.809998,266.230011,270.079987
265.920013,271.0,262.290009,265.329987
268.799988,270.25,259.850006,263.859985
263.670013,268.119995,263.119995,267.769989
270.649994,273.230011,270.119995,270.630005
271.600006,273.730011,270.380005,273.51001
274.75,275.230011,269.589996,271.890015
272.440002,274.01001,271.350006,273.390015
273.320007,275.299988,273.25,275.119995
277.559998,281.100006,277.079987,281.01001
280.109985,281.220001,279.220001,280.5
279.029999,279.23999,276.179993,277.76001
277.190002,277.459991,271.98999,272.570007
273.089996,275.329987,271.25,272.059998
274.160004,274.609985,268.450012,270.200012
268.779999,273.540009,267.01001,273.019989
271.790009,274.75,271.209991,273.730011
273.049988,273.380005,268.070007,269.100006
265.359985,267.0,263.149994,264.119995
265.859985,267.149994,265.01001,265.019989
263.179993,264.820007,263.070007,263.25
265.779999,267.75,265.339996,267.5
266.339996,268.399994,265.660004,268.399994
269.600006,274.579987,268.329987,274.579987
273.709991,275.549988,272.429993,273.980011
273.809998,276.279999,273.450012,275.649994
280.279999,280.399994,277.51001,279.299988
278.369995,278.850006,269.899994,270.25
265.920013,269.970001,262.440002,269.839996
269.459991,271.220001,262.630005,263.570007
263.369995,265.160004,258.619995,264.070007
267.660004,267.869995,262.480011,264.130005
267.470001,269.0,265.369995,265.459991
266.519989,267.48999,264.119995,265.369995
262.959991,264.029999,259.850006,260.470001
259.399994,260.649994,253.529999,255.360001
257.200012,257.950012,253.279999,255.080002
255.169998,259.399994,249.350006,251.259995
249.860001,251.619995,244.649994,247.169998
246.740005,249.710007,239.979996,240.699997
239.039993,240.839996,234.270004,234.339996
235.970001,246.179993,233.759995,246.179993
242.570007,248.289993,238.960007,248.070007
249.580002,251.399994,246.449997,247.75
249.559998,250.190002,247.470001,249.919998
245.979996,251.210007,245.949997,250.179993
248.229996,248.570007,243.669998,244.210007
247.589996,253.110001,247.169998,252.389999
252.690002,255.949997,251.690002,254.380005
256.820007,257.309998,254.0,256.769989
257.559998,258.910004,256.190002,257.970001
256.26001,259.160004,255.5,258.880005
257.679993,259.01001,257.029999,258.980011
256.859985,258.299988,256.410004,257.399994
257.820007,260.700012,257.809998,260.350006
260.829987,261.970001,260.600006,260.980011
260.01001,263.920013,259.959991,262.959991
264.980011,266.980011,263.0,266.459991
264.820007,265.059998,261.059998,262.859985
264.01001,264.790009,260.660004,263.410004
263.209991,264.200012,262.079987,263.549988
265.609985,266.700012,263.660004,265.779999
263.390015,263.829987,261.790009,263.76001
263.920013,264.549988,262.480011,263.410004
265.100006,268.519989,264.25,267.579987
267.51001,270.470001,267.269989,269.929993
270.149994,271.200012,269.179993,270.059998
270.109985,272.029999,269.359985,271.959991
272.440002,273.440002,271.880005,273.100006
272.790009,273.339996,271.920013,272.73999
270.940002,271.549988,268.290009,270.140015
268.75,270.579987,267.829987,270.470001
271.200012,271.48999,270.029999,270.619995
272.420013,274.519989,272.339996,274.100006
275.029999,275.929993,274.559998,274.98999
273.779999,275.640015,272.869995,274.380005
276.359985,277.410004,276.130005,277.369995
276.480011,278.579987,276.470001,277.850006
277.809998,278.920013,277.25,278.410004
277.700012,278.100006,276.350006,277.420013
278.109985,279.359985,277.399994,279.140015
280.730011,281.309998,279.429993,279.519989
279.130005,280.299988,278.899994,279.320007
278.519989,279.589996,277.480011,279.200012
278.959991,279.450012,278.320007,278.679993
280.440002,280.880005,278.820007,280.420013
281.600006,281.869995,276.839996,279.399994
279.540009,279.76001,278.410004,279.019989
279.149994,279.160004,276.970001,277.329987
276.829987,276.98999,274.070007,275.01001
272.940002,274.649994,272.420013,274.459991
275.26001,278.619995,275.230011,278.440002
279.059998,280.070007,278.850006,279.48999
280.480011,282.380005,280.299988,281.339996
281.369995,281.839996,280.670013,281.160004
280.540009,282.209991,280.329987,281.309998
281.549988,282.660004,281.299988,282.329987
283.51001,284.359985,281.410004,282.399994
282.160004,283.5,280.320007,281.549988
280.640015,285.179993,280.589996,284.730011
283.220001,283.799988,279.179993,279.25
278.869995,280.190002,277.640015,279.040009
280.98999,282.179993,279.559998,281.119995
281.109985,281.76001,277.929993,279.649994
280.350006,281.209991,279.070007,280.709991
282.390015,282.839996,281.140015,282.480011
284.700012,286.160004,284.399994,285.829987
286.040009,286.230011,285.089996,285.970001
287.320007,287.76001,285.75,286.420013
286.779999,287.459991,286.01001,287.179993
287.920013,288.630005,287.600006,288.570007
288.100006,288.910004,287.369995,288.790009
287.720001,288.079987,286.700012,287.309998
287.769989,288.390015,287.309998,288.290009
288.829987,288.839996,287.579987,288.209991
290.0,290.470001,288.26001,290.160004
290.23999,290.350006,289.079987,289.970001
290.950012,291.01001,289.5,290.160004
291.399994,291.429993,288.98999,289.450012
290.100006,290.320007,288.660004,290.019989
289.170013,290.440002,289.070007,290.269989
290.679993,293.140015,290.420013,292.880005
292.790009,293.160004,292.070007,292.230011
292.119995,292.779999,290.730011,292.049988
292.100006,293.48999,291.23999,293.410004
293.51001,294.450012,293.410004,293.869995
293.48999,294.339996,291.920013,294.019989
294.720001,294.950012,291.799988,291.809998
291.679993,292.700012,289.519989,291.179993
292.820007,294.339996,291.299988,294.029999
289.25,293.309998,288.899994,292.820007
290.149994,290.809998,285.809998,287.929993
287.529999,289.429993,286.869995,287.529999
285.230011,287.329987,283.299988,286.660004
285.619995,288.940002,282.299988,288.100006
282.420013,283.48999,279.929993,280.859985
281.98999,285.100006,281.850006,283.399994
281.589996,285.769989,281.359985,285.059998
285.839996,289.209991,285.76001,287.700012
285.140015,288.600006,285.119995,285.839996
284.059998,285.959991,283.119995,283.950012
285.829987,286.929993,285.549988,286.51001
285.450012,286.690002,285.100006,285.630005
283.160004,283.209991,280.570007,282.140015
283.73999,284.200012,282.089996,282.779999
283.089996,284.149994,280.130005,280.149994
278.910004,279.359985,276.709991,278.269989
279.109985,280.040009,277.809998,279.029999
276.200012,277.119995,275.23999,275.269989
275.309998,276.549988,273.089996,274.570007
277.119995,280.679993,276.619995,280.529999
282.329987,282.98999,280.320007,282.959991
283.290009,285.549988,282.570007,284.799988
285.929993,288.850006,285.73999,287.649994
289.369995,290.820007,288.869995,288.970001
290.98999,291.399994,288.179993,288.899994
288.640015,289.26001,287.820007,288.390015
289.399994,289.980011,288.619995,289.579987
289.26001,289.929993,288.410004,289.26001
289.519989,290.220001,289.179993,289.369995
291.390015,293.570007,290.98999,292.399994
292.549988,293.649994,291.470001,293.059998
296.040009,296.309998,293.130005,295.859985
294.130005,295.519989,293.76001,294.0
294.230011,294.579987,293.470001,293.640015
293.700012,293.730011,290.640015,290.76001
291.75,292.309998,290.350006,290.470001
291.309998,292.059998,290.890015,291.5
292.579987,293.549988,292.01001,293.0
296.679993,296.920013,294.329987,295.660004
295.609985,296.48999,294.679993,296.429993
297.179993,298.820007,297.019989,298.799988
297.440002,298.640015,296.01001,298.459991
297.01001,298.26001,296.220001,296.820007
295.540009,297.519989,295.480011,297.190002
298.369995,299.660004,297.779999,298.609985
299.320007,299.579987,298.200012,299.309998
299.850006,300.730011,299.51001,300.649994
301.130005,301.130005,300.190002,300.75
300.649994,300.880005,299.440002,299.779999
299.75,299.929993,297.73999,297.73999
297.190002,299.25,296.700012,298.829987
300.040009,300.070007,296.980011,297.170013
297.609985,298.5,297.040009,297.899994
299.140015,300.029999,298.220001,300.029999
299.190002,301.440002,299.089996,301.440002
300.940002,301.0,299.109985,300.0
300.76001,302.230011,300.619995,302.01001
301.880005,302.01001,300.850006,301.459991
299.910004,301.170013,299.48999,300.720001
300.98999,301.200012,295.200012,297.429993
297.600006,300.869995,293.959991,294.839996
293.850006,294.119995,290.899994,292.619995
288.089996,288.209991,281.720001,283.820007
285.910004,288.040009,284.279999,287.799988
284.399994,288.820007,282.040009,287.970001
289.619995,293.619995,289.01001,293.619995
292.579987,293.23999,289.649994,291.619995
289.959991,291.609985,287.019989,288.070007
287.73999,294.149994,287.359985,292.549988
288.070007,288.73999,283.76001,283.899994
284.880005,285.640015,282.390015,284.649994
286.480011,289.329987,284.709991,288.850006
292.190002,293.079987,291.440002,292.329987
291.769989,292.359985,289.950012,290.089996
292.480011,292.859985,291.720001,292.450012
293.230011,293.929993,290.399994,292.359985
290.920013,292.76001,283.470001,284.850006
287.269989,288.0,285.579987,288.0
289.540009,289.950012,286.029999,286.869995
286.140015,289.070007,285.25,288.890015
291.720001,293.160004,290.609985,292.579987
294.220001,294.23999,291.420013,292.450012
290.570007,291.579987,289.269989,290.73999
293.140015,294.059998,292.309998,294.040009
296.790009,298.829987,294.0,297.820007
298.170013,298.76001,297.420013,298.049988
299.140015,299.23999,297.160004,298.200012
297.359985,298.200012,295.970001,298.130005
298.470001,300.339996,297.75,300.25
301.25,302.459991,300.410004,301.290009
301.779999,302.170013,300.679993,301.089996
299.839996,301.140015,299.450012,300.160004
299.940002,301.019989,299.75,300.920013
300.48999,301.220001,298.23999,301.100006
301.529999,302.630005,300.709991,301.079987
300.359985,300.670013,297.410004,298.279999
297.549988,299.0,297.269989,298.209991
299.410004,299.839996,294.809998,295.869995
295.959991,298.109985,294.329987,297.619995
297.630005,297.859985,295.450012,297.0
297.829987,297.950012,293.690002,295.399994
295.970001,297.549988,295.920013,296.769989
297.73999,298.459991,293.0,293.23999
291.5,291.51001,286.640015,288.059998
287.809998,290.450012,284.820007,290.420013
291.140015,294.630005,291.079987,294.350006
293.470001,295.26001,292.769989,293.079987
291.040009,291.850006,288.48999,288.529999
290.75,292.299988,290.059998,291.269989
291.179993,294.209991,291.0,293.23999
296.269989,298.73999,296.140015,296.279999
295.929993,296.670013,295.570007,295.950012
297.100006,299.700012,296.970001,298.880005
298.369995,299.160004,297.920013,298.399994
299.679993,300.23999,298.519989,299.279999
298.690002,299.399994,297.029999,297.970001
299.420013,300.209991,298.940002,299.98999
300.579987,300.899994,298.910004,299.01001
298.730011,299.940002,298.5,299.880005
300.910004,301.070007,299.459991,300.369995
299.73999,302.200012,299.679993,301.600006
302.940002,303.850006,302.910004,303.299988
303.0,304.230011,302.859985,303.209991
303.429993,304.549988,301.98999,304.140015
304.130005,304.130005,301.730011,303.329987
304.920013,306.190002,304.73999,306.140015
307.850006,308.0,306.959991,307.369995
307.589996,307.920013,306.709991,307.029999
307.029999,307.399994,306.059998,307.100006
308.570007,309.649994,307.660004,308.179993
307.799988,309.0,307.029999,308.940002
307.420013,308.540009,307.269989,308.350006
308.75,309.98999,308.149994,309.0
307.910004,309.540009,307.660004,309.100006
308.790009,309.640015,308.089996,309.549988
311.019989,311.839996,310.26001,311.790009
311.529999,312.279999,311.029999,312.019989
312.679993,312.690002,311.220001,311.929993
311.279999,311.850006,309.059998,310.769989
310.890015,311.01001,309.390015,310.269989
311.089996,311.23999,309.850006,310.959991
311.980011,313.369995,311.980011,313.369995
313.410004,314.279999,313.059998,314.079987
314.609985,315.480011,314.369995,315.480011
314.859985,315.130005,314.059998,314.309998
314.589996,314.660004,311.170013,311.640015
308.649994,309.640015,307.130005,309.549988
310.700012,312.119995,310.320007,311.459991
312.230011,312.25,310.579987,312.019989
314.119995,315.309998,314.109985,314.869995
314.440002,315.179993,313.799988,313.880005
313.820007,314.549988,312.809998,313.529999
314.029999,314.700012,313.440002,314.420013
314.429993,317.98999,314.170013,317.130005
316.869995,318.670013,316.019989,317.320007
319.220001,320.149994,317.25,319.5
319.920013,320.25,319.480011,319.570007
320.0,320.25,319.529999,319.589996
319.799988,320.980011,319.519989,320.899994
320.459991,321.970001,319.390015,320.730011
321.589996,321.649994,321.059998,321.220001
321.470001,321.519989,320.899994,321.230011
321.649994,322.950012,321.640015,322.940002
323.73999,323.799988,322.279999,322.859985
322.950012,323.100006,320.549988,321.079987
320.529999,322.130005,320.149994,321.859985
323.540009,324.890015,322.529999,324.869995
321.160004,323.640015,321.100006,322.410004
320.48999,323.730011,320.359985,323.640015
323.019989,323.540009,322.23999,322.730011
322.940002,325.779999,322.670013,324.450012
326.160004,326.730011,325.519989,326.649994
327.290009,327.459991,325.200012,325.709991
326.390015,327.959991,325.920013,327.950012
327.470001,328.619995,326.839996,327.450012
327.350006,329.019989,327.26001,328.190002
329.700012,330.920013,329.450012,330.920013
331.700012,332.179993,330.850006,331.950012
330.899994,332.179993,330.820007,331.299988
332.23999,332.950012,331.170013,331.339996
330.630005,332.170013,329.410004,331.720001
332.440002,332.529999,327.359985,328.769989
323.029999,325.119995,322.660004,323.5
325.059998,327.850006,323.600006,326.890015
328.380005,328.630005,326.399994,326.619995
324.359985,327.910004,323.540009,327.679993
327.0,327.170013,320.730011,321.730011
323.350006,326.160004,323.220001,324.119995
328.070007,330.01001,327.720001,329.059998
332.269989,333.089996,330.670013,332.859985
333.910004,334.190002,332.799988,333.980011
332.820007,333.98999,331.600006,332.200012
331.230011,334.75,331.190002,334.679993
336.160004,337.019989,334.679993,335.26001
336.829987,337.649994,336.429993,337.420013
335.859985,338.119995,335.559998,337.059998
337.51001,337.730011,336.200012,337.600006
336.51001,337.670013,335.209991,336.730011
337.790009,339.079987,337.480011,338.339996
337.73999,338.640015,333.679993,336.950012
335.470001,335.809998,332.579987,333.480011
323.140015,333.559998,321.23999,322.420013
323.940002,324.609985,311.690002,312.649994
314.179993,318.109985,310.700012,311.5
305.459991,311.559998,297.51001,297.51001
288.700012,297.890015,285.540009,296.26001
298.209991,309.160004,294.459991,309.089996
309.5,313.839996,297.570007,300.23999
306.119995,313.100006,303.329987,312.859985
304.980011,308.470001,300.01001,302.459991
293.149994,298.779999,290.230011,297.459991
275.299988,284.190002,273.450012,274.230011
284.640015,288.519989,273.5,288.420013
280.700012,281.940002,270.880005,274.359985
256.0,266.660004,247.679993,248.110001
263.089996,271.480011,248.520004,269.320007
241.179993,256.899994,237.360001,239.850006
245.039993,256.170013,237.070007,252.800003
236.25,248.369995,228.020004,240.0
239.25,247.380005,232.220001,240.509995
242.529999,244.470001,228.5,228.800003
228.190002,229.679993,218.259995,222.949997
234.419998,244.100006,233.800003,243.149994
244.869995,256.350006,239.75,246.789993
249.520004,262.799988,249.050003,261.200012
253.270004,260.809998,251.050003,253.419998
255.699997,262.429993,253.529999,261.649994
260.559998,263.329987,256.220001,257.75
247.979996,257.660004,243.899994,246.149994
245.190002,252.679993,244.589996,251.830002
250.759995,253.320007,245.220001,248.190002
257.839996,267.0,248.169998,264.859985
274.209991,275.029999,264.890015,265.130005
267.959991,276.0,265.25,274.029999
277.579987,281.200012,275.470001,278.200012
277.140015,277.51001,271.410004,275.660004
280.980011,284.899994,275.51001,283.790009
277.570007,283.940002,275.459991,277.76001
279.149994,280.029999,275.76001,279.100006
285.380005,287.299988,282.399994,286.640015
282.609985,286.790009,281.350006,281.589996
276.730011,278.040009,272.019989,273.040009
278.350006,281.0,276.910004,279.100006
280.48999,283.940002,278.75,279.079987
280.730011,283.700012,278.5,282.970001
285.119995,288.269989,284.619995,287.049988
291.019989,291.399994,285.399994,285.730011
291.529999,294.880005,290.410004,293.209991
291.709991,293.320007,288.589996,290.480011
285.309998,290.660004,281.519989,282.790009
280.73999,283.899994,279.130005,283.570007
286.640015,289.25,283.709991,286.190002
288.040009,288.459991,283.779999,284.25
287.75,289.779999,287.130005,287.679993
291.089996,292.950012,289.859985,292.440002
290.339996,294.0,289.880005,292.5
293.790009,294.23999,286.519989,286.670013
286.059998,287.190002,278.959991,281.600006
278.950012,285.109985,272.98999,284.970001
282.369995,286.329987,281.339996,286.279999
293.049988,296.75,292.700012,295.0
294.350006,296.209991,291.950012,291.970001
295.820007,297.869995,295.570007,296.929993
296.790009,297.670013,293.690002,294.880005
294.570007,295.630005,293.220001,295.440002
301.929993,302.190002,295.459991,299.079987
302.119995,303.570007,296.869995,303.529999
304.649994,306.839996,302.23999,302.970001
302.459991,304.959991,299.470001,304.320007
303.619995,306.209991,303.059998,305.549988
306.549988,308.130005,305.100006,308.079987
310.23999,313.220001,309.940002,312.179993
311.109985,313.0,309.079987,311.359985
317.230011,321.269989,317.160004,319.339996
320.220001,323.410004,319.630005,323.200012
320.299988,323.279999,319.359985,320.790009
321.420013,322.390015,318.220001,319.0
311.459991,312.149994,300.01001,300.609985
308.23999,309.079987,298.600006,304.209991
298.019989,308.279999,296.73999,307.049988
315.480011,315.640015,307.670013,312.959991
314.070007,314.390015,310.859985,311.660004
310.01001,312.299988,309.51001,311.779999
314.170013,314.380005,306.529999,308.640015
307.98999,311.049988,306.75,310.619995
313.48999,314.5,311.609985,312.049988
309.839996,310.51001,302.100006,304.089996
303.470001,307.640015,301.279999,307.350006
306.160004,306.390015,299.420013,300.049988
301.410004,304.609985,298.929993,304.459991
303.98999,310.200012,303.820007,308.359985
309.570007,311.890015,309.070007,310.519989
314.23999,315.700012,311.51001,312.230011
316.369995,317.679993,315.559998,317.049988
315.380005,317.519989,313.369995,313.779999
314.609985,316.299988,312.700012,316.179993
316.839996,317.100006,310.679993,314.380005
314.309998,317.880005,312.76001,317.589996
320.130005,322.709991,314.130005,314.839996
313.299988,319.76001,312.0,318.920013
322.410004,323.040009,319.269989,321.850006
319.790009,321.279999,319.089996,320.790009
321.880005,322.570007,319.73999,321.720001
321.429993,325.130005,320.619995,324.320007
326.450012,326.929993,323.940002,325.01001
324.619995,327.200012,324.5,326.859985
326.470001,327.230011,321.480011,322.959991
320.950012,321.98999,319.25,320.880005
321.630005,323.410004,320.769989,323.220001
322.429993,323.640015,320.850006,321.170013
322.119995,325.730011,322.079987,325.119995
321.899994,324.410004,319.640015,323.959991
325.899994,326.630005,321.329987,326.519989
328.320007,329.619995,327.730011,328.790009
327.859985,330.059998,327.859985,330.059998
331.470001,332.390015,331.179993,332.109985
331.480011,334.459991,331.130005,334.329987
333.279999,334.880005,332.299988,334.570007
335.059998,335.769989,332.959991,335.570007
336.850006,337.540009,332.01001,332.799988
335.440002,338.279999,335.410004,337.440002
336.609985,338.25,335.829987,336.829987
336.410004,337.420013,335.619995,336.839996
337.940002,338.339996,336.850006,337.910004
338.339996,339.100006,336.609985,338.640015
339.049988,339.609985,336.619995,337.230011
335.359985,338.799988,335.220001,338.279999
337.920013,339.720001,337.549988,339.480011
342.119995,343.0,339.450012,342.920013
343.529999,344.209991,342.269989,344.119995
344.76001,347.859985,344.170013,347.570007
348.51001,349.899994,346.529999,348.329987
349.440002,350.720001,348.149994,350.579987
350.350006,351.299988,349.059998,349.309998
350.209991,352.709991,349.23999,352.600006
354.670013,358.75,353.429993,357.700012
355.869995,356.380005,342.589996,345.390015
346.130005,347.829987,334.869995,342.570007
336.709991,342.640015,332.880005,333.209991
337.549988,342.459991,336.609985,339.790009
341.820007,342.529999,332.850006,333.890015
335.820007,336.970001,331.0,334.059998
337.48999,340.380005,334.220001,338.459991
341.119995,342.019989,338.470001,340.170013
341.51001,343.059998,338.519989,338.820007
333.559998,337.700012,332.98999,335.839996
335.369995,335.48999,327.970001,330.649994
325.700012,327.130005,321.730011,326.970001
328.570007,330.899994,325.859985,330.299988
330.899994,331.200012,322.100006,322.640015
321.220001,326.799988,319.799988,323.5
322.579987,329.579987,321.640015,328.730011
333.220001,334.959991,332.149994,334.190002
333.970001,334.769989,331.619995,332.369995
333.089996,338.290009,332.880005,334.890015
337.690002,338.73999,335.01001,337.040009
331.700012,337.01001,331.190002,333.839996
336.059998,339.959991,336.01001,339.76001
339.910004,342.170013,334.380005,334.929993
338.119995,341.630005,338.089996,340.76001
342.850006,343.850006,341.859985,343.779999
345.559998,347.350006,344.890015,346.850006
349.589996,354.019989,349.059998,352.429993
352.279999,352.470001,349.089996,350.130005
350.75,351.929993,347.140015,347.929993
343.709991,348.019989,343.130005,347.5
348.959991,350.75,347.100006,347.290009
348.649994,349.329987,341.040009,342.01001
343.459991,346.880005,342.640015,343.380005
343.329987,345.670013,342.399994,342.730011
342.959991,345.23999,340.649994,344.609985
345.929993,345.98999,343.130005,345.779999
342.130005,342.980011,335.619995,339.390015
339.76001,340.119995,337.98999,338.220001
332.100006,338.25,326.130005,326.660004
326.910004,333.399994,325.089996,329.980011
328.279999,329.690002,322.600006,326.540009
330.200012,332.359985,327.23999,330.200012
333.690002,338.25,330.290009,336.029999
340.859985,347.940002,339.589996,343.540009
349.23999,352.190002,348.859985,350.23999
349.929993,351.51001,347.649994,350.160004
363.970001,364.380005,354.059998,354.559998
353.48999,355.179993,350.51001,354.040009
356.399994,357.559998,355.059998,356.670013
355.579987,356.720001,351.26001,353.209991
355.269989,358.899994,354.709991,358.100006
360.980011,362.779999,359.589996,362.570007
359.970001,361.920013,358.339996,360.619995
360.910004,361.5,356.23999,356.279999
355.600006,358.179993,354.149994,357.779999
357.5,357.720001,355.25,355.329987
357.279999,358.820007,354.869995,357.459991
360.209991,363.809998,359.290009,363.220001
363.130005,363.160004,361.480011,362.660004
363.839996,364.179993,362.579987,363.670013
362.829987,363.119995,359.170013,362.059998
365.570007,367.679993,364.929993,366.019989
364.820007,366.959991,364.200012,366.790009
366.679993,368.190002,365.5,366.690002
367.320007,369.850006,367.220001,369.850006
369.019989,369.619995,367.720001,369.089996
367.720001,370.779999,367.670013,370.170013
370.880005,371.049988,365.950012,366.850006
365.369995,367.859985,364.429993,366.730011
364.899994,366.73999,363.26001,366.299988
368.640015,369.799988,364.470001,364.660004
367.399994,369.589996,365.920013,369.589996
369.820007,371.160004,368.869995,370.170013
371.940002,372.459991,371.049988,372.23999
370.970001,371.149994,367.019989,369.179993
364.970001,378.459991,362.029999,367.859985
368.209991,368.329987,366.029999,367.23999
368.279999,369.619995,367.220001,367.570007
368.079987,369.029999,367.450012,369.0
371.73999,372.589996,371.070007,372.170013
373.809998,374.0,370.829987,371.459991
372.339996,373.100006,371.570007,371.98999
371.779999,374.660004,371.230011,373.880005
375.309998,375.450012,364.820007,368.790009
368.100006,372.5,368.049988,371.329987
369.709991,376.980011,369.119995,373.549988
376.100006,379.899994,375.910004,379.100006
380.589996,381.48999,377.100006,381.26001
377.850006,380.579987,377.720001,378.690002
378.890015,379.859985,376.359985,378.769989
378.690002,380.859985,377.850006,379.790009
380.589996,381.130005,378.100006,378.459991
376.720001,377.579987,373.700012,375.700012
378.339996,379.230011,376.75,378.649994
381.109985,384.790009,380.690002,383.890015
384.48999,384.950012,383.25,384.23999
382.25,384.130005,381.839996,382.880005
383.670013,384.769989,378.459991,384.390015
385.410004,385.850006,383.540009,383.790009
380.220001,380.320007,372.01001,374.410004
376.359985,381.929993,375.890015,377.630005
375.630005,376.670013,368.269989,370.070007
373.720001,377.339996,370.380005,376.230011
379.649994,383.220001,376.320007,381.549988
382.440002,383.700012,380.480011,381.850006
382.959991,386.23999,381.970001,386.190002
388.200012,388.470001,386.140015,387.709991
389.269989,390.559998,388.350006,390.51001
389.609985,390.890015,389.170013,390.25
392.119995,392.279999,387.5,390.079987
391.23999,391.690002,388.100006,390.709991
389.850006,392.899994,389.769989,392.640015
393.959991,394.170013,391.529999,392.299988
390.420013,392.660004,389.329987,392.390015
389.589996,391.519989,387.73999,390.720001
392.070007,392.380005,389.549988,390.029999
387.059998,389.619995,386.73999,387.029999
384.660004,388.950012,380.200012,387.5
386.329987,392.230011,385.269989,391.769989
390.410004,391.880005,380.779999,382.329987
384.350006,385.579987,378.230011,380.359985
385.589996,390.920013,380.570007,389.579987
389.820007,390.070007,386.0,386.540009
385.790009,386.829987,381.309998,381.420013
381.220001,384.0,371.880005,376.700012
380.459991,384.76001,372.640015,383.630005
384.660004,387.679993,381.420013,381.720001
385.850006,389.910004,385.309998,387.170013
389.690002,391.399994,388.170013,389.579987
392.230011,395.649994,391.73999,393.529999
392.070007,394.209991,391.200012,394.059998
394.329987,396.690002,392.029999,396.410004
397.070007,397.829987,395.079987,395.910004
394.529999,398.119995,393.299988,397.26001
394.480011,396.720001,390.75,391.480011
389.880005,391.570007,387.149994,389.480011
390.029999,394.070007,389.970001,392.589996
391.910004,393.459991,388.660004,389.5
391.0,392.75,387.470001,387.519989
385.980011,390.549988,383.899994,389.700012
390.929993,396.410004,390.290009,395.980011
394.399994,396.75,392.809998,395.779999
394.420013,395.450012,393.019989,394.730011
395.339996,398.0,395.309998,396.329987
398.399994,400.670013,398.179993,400.609985
403.459991,406.940002,403.380005,406.359985
405.76001,407.23999,405.399994,406.119995
405.940002,406.959991,405.450012,406.589996
407.929993,408.579987,406.929993,408.519989
408.390015,411.670013,408.26001,411.48999
410.850006,411.929993,410.200012,411.640015
411.529999,413.529999,411.119995,412.859985
412.829987,413.959991,410.869995,411.450012
413.73999,416.160004,413.690002,415.869995
417.25,417.910004,415.730011,417.26001
416.26001,416.73999,413.790009,415.209991
413.910004,415.089996,410.589996,412.170013
411.51001,416.290009,411.359985,416.070007
415.890015,416.779999,411.130005,412.269989
412.869995,418.25,412.790009,416.73999
417.440002,418.220001,416.809998,417.609985
417.929993,418.140015,416.299988,417.519989
417.809998,419.01001,416.899994,417.399994
420.320007,420.720001,416.440002,420.059998
417.630005,418.540009,416.339996,417.299988
419.429993,419.839996,417.670013,418.200012
416.070007,416.600006,411.670013,415.619995
417.380005,417.630005,415.149994,415.75
415.829987,419.209991,413.679993,419.070007
419.890015,422.820007,419.160004,422.119995
422.5,422.73999,417.809998,417.940002
413.100006,415.269989,410.059998,414.209991
411.230011,412.589996,404.0,405.410004
407.070007,412.350006,407.019989,410.279999
413.209991,417.48999,413.179993,416.579987
415.390015,416.390015,413.359985,415.519989
415.799988,416.059998,411.769989,411.940002
406.920013,411.049988,405.329987,410.859985
411.799988,416.630005,411.670013,415.279999
416.869995,418.200012,414.450012,414.940002
417.339996,420.320007,417.079987,419.170013
420.329987,420.709991,417.619995,418.23999
418.869995,419.609985,417.76001,419.070007
420.170013,420.720001,418.98999,419.290009
420.970001,421.25,419.790009,420.040009
422.570007,422.720001,419.200012,419.670013
420.369995,421.230011,419.290009,420.329987
417.850006,419.98999,416.279999,418.769989
420.75,422.920013,418.839996,422.600006
422.589996,422.779999,421.190002,422.190002
423.109985,423.209991,420.320007,422.279999
423.179993,423.26001,421.410004,421.649994
422.959991,424.630005,421.549988,423.609985
424.200012,424.429993,422.820007,424.309998
424.429993,425.369995,423.100006,425.26001
425.420013,425.459991,423.540009,424.480011
424.630005,424.869995,419.920013,422.109985
421.670013,423.019989,419.320007,421.970001
417.089996,417.829987,414.700012,414.920013
416.799988,421.059998,415.929993,420.859985
420.850006,424.0,420.079987,423.109985
423.190002,424.049988,422.51001,422.600006
424.890015,425.549988,424.619995,425.100006
425.899994,427.089996,425.549988,426.609985
427.170013,427.649994,425.890015,427.470001
427.880005,428.559998,427.130005,427.700012
427.209991,428.779999,427.179993,428.059998
428.869995,430.600006,428.799988,430.429993
431.670013,434.100006,430.519989,433.720001
433.779999,434.01001,430.01001,432.929993
433.660004,434.76001,431.51001,434.459991
428.779999,431.730011,427.519989,430.920013
432.529999,435.839996,430.709991,435.519989
435.429993,437.350006,434.970001,437.079987
436.23999,437.839996,435.309998,435.589996
437.399994,437.920013,434.910004,436.23999
434.809998,435.529999,432.720001,434.75
436.01001,436.059998,430.920013,431.339996
426.190002,431.410004,421.970001,424.970001
425.679993,432.420013,424.829987,431.059998
432.339996,434.700012,431.01001,434.549988
434.73999,435.720001,433.690002,435.459991
437.519989,440.299988,436.790009,439.940002
439.309998,441.029999,439.26001,441.019989
439.910004,439.940002,435.98999,439.01001
439.679993,440.299988,437.309998,438.829987
439.820007,441.799988,439.809998,440.649994
437.910004,440.059998,437.769989,438.51001
440.339996,440.929993,437.209991,437.589996
438.440002,441.279999,436.100006,441.149994
439.779999,441.119995,438.730011,438.980011
440.220001,441.850006,439.880005,441.76001
442.100006,442.940002,441.799988,442.48999
442.459991,442.799988,441.309998,442.130005
442.609985,443.440002,441.880005,442.679993
443.820007,443.880005,442.619995,443.779999
443.619995,445.26001,442.660004,445.109985
445.589996,445.940002,445.070007,445.920013
444.529999,447.109985,442.869995,446.970001
444.23999,444.959991,440.850006,444.040009
442.959991,444.630005,438.920013,439.179993
436.269989,441.140015,436.119995,439.859985
440.230011,443.709991,439.709991,443.359985
445.160004,448.230011,443.440002,447.26001
447.970001,448.540009,447.420013,447.970001
448.170013,449.459991,447.769989,448.910004
448.609985,448.859985,446.160004,446.26001
447.119995,450.649994,447.059998,450.25
450.970001,453.070007,450.709991,452.230011
452.130005,452.48999,450.920013,451.559998
452.559998,453.109985,451.549988,451.799988
453.320007,454.049988,451.910004,453.190002
451.980011,453.630005,451.549988,453.079987
452.709991,452.809998,450.73999,451.459991
450.890015,451.670013,448.859985,450.910004
450.700012,452.570007,448.720001,448.980011
451.040009,451.48999,445.309998,445.440002
448.640015,448.920013,444.109985,446.579987
448.119995,448.339996,443.220001,444.170013
444.619995,448.410004,443.440002,447.880005
447.320007,448.359985,444.019989,447.170013
444.920013,445.369995,441.019989,441.399994
434.880005,436.559998,428.859985,434.040009
436.529999,437.910004,433.070007,433.630005
436.049988,440.029999,433.75,437.859985
439.850006,444.890015,439.600006,443.179993
441.440002,444.670013,441.209991,443.910004
442.809998,444.049988,441.899994,442.640015
439.690002,440.040009,432.940002,433.720001
435.190002,437.040009,433.850006,434.450012
436.019989,436.769989,428.779999,429.140015
430.980011,436.029999,427.230011,434.23999
433.0,433.959991,426.359985,428.640015
430.23999,435.48999,429.390015,433.100006
429.269989,435.119995,427.540009,434.899994
438.390015,441.679993,438.200012,438.660004
439.480011,439.890015,437.190002,437.859985
437.160004,440.26001,434.619995,434.690002
435.670013,436.100006,432.779999,433.619995
434.709991,436.049988,431.540009,435.179993
439.079987,442.660004,438.579987,442.5
444.75,446.26001,444.089996,445.869995
443.970001,447.549988,443.269989,447.190002
448.920013,450.709991,448.269989,450.640015
451.130005,452.730011,451.01001,452.410004
451.769989,453.829987,451.309998,453.589996
453.130005,454.670013,451.049988,453.119995
454.279999,455.899994,452.390015,455.549988
457.200012,458.48999,455.559998,455.959991
456.450012,457.160004,453.859985,453.940002
455.459991,458.399994,455.450012,458.320007
455.869995,459.559998,455.559998,459.25
460.299988,460.700012,458.200012,460.040009
460.220001,462.230011,460.079987,461.899994
461.299988,465.149994,460.829987,464.720001
465.359985,467.0,464.98999,466.910004
469.279999,470.649994,466.920013,468.529999
469.700012,470.230011,468.200012,468.929993
469.320007,469.570007,465.880005,467.380005
465.579987,467.380005,462.040009,463.619995
465.209991,465.290009,463.75,463.769989
465.119995,467.859985,464.109985,467.269989
468.640015,468.809998,466.230011,467.429993
467.149994,470.48999,467.070007,469.279999
469.0,469.190002,467.480011,468.140015
469.23999,470.01001,466.339996,469.730011
469.609985,470.940002,468.5,468.890015
470.890015,473.540009,467.350006,467.570007
467.220001,469.100006,464.450012,468.190002
466.059998,469.570007,465.190002,469.440002
462.339996,463.899994,457.769989,458.970001
464.070007,466.559998,461.730011,464.600006
462.0,464.029999,455.299988,455.559998
461.640015,464.670013,450.290009,450.5
450.730011,459.070007,450.309998,457.399994
459.170013,460.299988,448.920013,453.420013
456.130005,460.790009,453.559998,458.790009
464.410004,468.880005,458.649994,468.279999
468.700012,470.0,466.829987,469.519989
468.149994,469.630005,466.140015,466.350006
469.230011,470.899994,466.51001,470.73999
470.190002,470.559998,466.269989,466.570007
463.089996,465.73999,460.25,463.359985
463.420013,470.859985,460.73999,470.600006
472.570007,472.869995,464.799988,466.450012
461.549988,464.73999,458.059998,459.869995
454.480011,455.399994,451.140015,454.980011
458.609985,463.209991,456.309998,463.059998
462.790009,467.809998,462.579987,467.690002
468.75,472.190002,468.640015,470.600006
472.059998,477.309998,472.01001,477.26001
477.720001,478.809998,476.059998,476.869995
476.980011,478.559998,475.920013,477.480011
477.929993,479.0,475.670013,476.160004
475.640015,476.859985,474.670013,474.959991
476.299988,477.850006,473.850006,477.709991
479.220001,479.980011,475.579987,477.549988
477.160004,477.980011,468.279999,468.380005
467.890015,470.820007,465.429993,467.940002
467.950012,469.200012,464.649994,466.089996
462.700012,465.73999,456.600006,465.51001
465.230011,469.850006,462.049988,469.75
471.589996,473.200012,468.940002,471.019989
472.190002,472.880005,463.440002,464.529999
461.190002,465.089996,459.899994,464.720001
459.73999,459.959991,455.309998,456.48999
458.130005,459.609985,451.459991,451.75
453.75,458.73999,444.5,446.75
445.559998,448.059998,437.950012,437.980011
432.029999,440.380005,420.76001,439.839996
433.059998,439.720001,427.149994,434.470001
440.720001,444.040009,428.859985,433.380005
438.26001,441.589996,429.450012,431.23999
432.679993,442.0,427.820007,441.950012
441.23999,450.279999,439.809998,449.910004
450.679993,453.630005,446.940002,452.950012
455.5,458.119995,453.049988,457.350006
450.950012,452.970001,445.709991,446.600006
446.350006,452.779999,443.829987,448.700012
449.51001,450.98999,445.850006,447.26001
446.730011,451.920013,445.220001,450.940002
455.220001,457.880005,455.01001,457.540009
451.339996,457.709991,447.200012,449.320007
449.410004,451.609985,438.940002,440.459991
439.920013,441.600006,435.339996,439.019989
443.730011,446.279999,443.179993,446.100006
443.929993,448.059998,441.940002,446.600006
443.220001,446.570007,436.420013,437.059998
437.329987,438.660004,431.820007,434.230011
431.890015,435.5,425.859985,429.570007
432.660004,433.26001,421.350006,421.950012
411.019989,428.76001,410.640015,428.299988
429.609985,437.839996,427.859985,437.75
432.029999,438.200012,430.700012,436.630005
435.040009,437.170013,427.109985,429.980011
432.369995,439.720001,431.570007,437.890015
440.470001,441.109985,433.799988,435.709991
431.75,433.369995,427.880005,432.170013
431.549988,432.299988,419.359985,419.429993
419.619995,427.209991,415.119995,416.25
425.140015,429.51001,422.820007,427.410004
422.519989,426.429993,420.440002,425.480011
428.119995,428.769989,419.529999,420.070007
420.890015,424.549988,415.790009,417.0
419.769989,426.839996,418.420013,426.170013
429.890015,435.679993,424.799988,435.619995
433.589996,441.070007,433.190002,441.070007
438.0,444.859985,437.220001,444.519989
444.339996,446.459991,440.679993,444.390015
445.859985,450.579987,445.859985,449.589996
446.910004,448.48999,443.709991,443.799988
445.940002,450.5,444.76001,450.48999
451.160004,452.980011,448.429993,452.690002
452.059998,455.910004,450.059998,455.910004
460.019989,462.070007,457.179993,461.549988
460.339996,461.200012,456.470001,458.700012
457.890015,458.76001,451.160004,451.640015
453.309998,453.459991,449.140015,452.920013
453.130005,456.910004,452.26001,456.799988
455.220001,457.829987,449.820007,451.029999
446.890015,448.929993,443.470001,446.519989
445.589996,450.690002,443.529999,448.769989
447.970001,450.630005,445.940002,447.570007
444.109985,445.0,439.390015,439.920013
443.079987,445.75,436.649994,438.290009
438.029999,444.109985,437.839996,443.309998
443.549988,444.730011,437.679993,437.790009
436.809998,439.75,435.609985,437.970001
437.859985,445.799988,437.679993,445.040009
446.920013,447.570007,443.480011,444.709991
448.540009,450.01001,437.100006,438.059998
436.910004,438.079987,425.440002,426.040009
423.670013,428.690002,418.839996,428.51001
425.829987,426.040009,416.070007,416.100006
417.23999,422.920013,415.01001,417.269989
422.290009,429.640015,417.600006,427.809998
423.589996,425.869995,411.209991,412.0
412.070007,415.920013,405.019989,414.480011
415.01001,418.929993,413.359985,416.380005
417.079987,429.660004,413.709991,429.059998
424.549988,425.0,409.440002,413.809998
411.100006,414.799988,405.730011,411.339996
405.100006,406.410004,396.5,398.170013
404.48999,406.079987,394.820007,399.089996
398.070007,404.040009,391.959991,392.75
389.369995,395.799988,385.149994,392.339996
396.709991,403.179993,395.609985,401.720001
399.980011,403.970001,397.600006,400.089996
406.529999,408.570007,402.579987,408.320007
403.5,403.799988,390.549988,391.859985
388.619995,394.140015,387.109985,389.459991
393.25,397.029999,380.540009,389.630005
392.829987,397.730011,390.380005,396.920013
392.559998,395.149994,386.959991,393.890015
392.309998,399.450012,391.890015,397.369995
398.670013,407.040009,398.450012,405.309998
407.910004,415.380005,407.700012,415.26001
413.549988,416.459991,410.029999,412.929993
415.170013,416.23999,406.929993,409.589996
409.420013,417.440002,407.040009,417.390015
412.399994,414.040009,409.51001,410.540009
414.779999,416.609985,410.549988,411.790009
408.100006,416.220001,407.609985,415.73999
413.929993,415.820007,410.380005,411.220001
409.339996,411.73999,401.440002,401.440002
394.880005,395.779999,389.75,389.799988
379.850006,381.809998,373.299988,375.0
376.850006,377.940002,370.589996,373.869995
377.359985,383.899994,372.119995,379.200012
370.51001,370.940002,364.079987,366.649994
365.51001,369.380005,362.170013,365.859985
371.890015,376.529999,371.809998,375.070007
370.619995,378.720001,370.179993,374.390015
376.640015,378.829987,372.890015,378.059998
381.399994,390.089996,381.369995,390.079987
391.049988,391.359985,387.440002,388.589996
390.230011,393.160004,380.529999,380.649994
381.230011,382.269989,378.420013,380.339996
376.23999,380.660004,372.559998,377.25
376.559998,381.700012,373.799988,381.23999
375.880005,381.980011,372.899994,381.959991
382.109985,385.869995,379.600006,383.25
385.119995,389.829987,383.269989,388.98999
387.269989,390.640015,385.660004,388.670013
385.850006,386.869995,383.5,384.230011
383.649994,386.160004,378.98999,380.829987
375.100006,381.920013,374.660004,378.829987
373.609985,379.049988,371.040009,377.910004
382.549988,385.25,380.540009,385.130005
388.380005,389.089996,380.660004,381.950012
386.079987,392.869995,385.390015,392.269989
392.470001,396.26001,391.029999,394.769989
394.160004,398.839996,391.630005,398.790009
398.920013,400.179993,392.75,395.089996
395.75,396.470001,393.209991,395.570007
393.839996,394.059998,389.950012,390.890015
394.359985,402.880005,394.049988,401.040009
401.890015,406.799988,398.149994,406.070007
407.579987,413.029999,406.769989,411.98999
409.149994,413.410004,408.399994,410.769989
409.119995,413.0,406.820007,408.059998
410.299988,415.679993,410.0,414.450012
414.369995,415.089996,412.440002,414.170013
409.660004,414.149994,409.600006,413.470001
415.25,417.619995,411.829987,412.98999
412.220001,412.75,410.220001,411.350006
418.779999,420.140015,416.720001,419.98999
422.98999,424.950012,419.209991,419.98999
422.029999,427.209991,421.029999,427.100006
424.769989,429.410004,424.709991,428.859985
427.730011,431.730011,426.880005,429.700012
425.910004,429.5,424.540009,426.649994
426.859985,428.609985,425.5,427.890015
424.980011,425.26001,421.220001,422.140015
417.049988,417.230011,412.399994,413.350006
412.899994,415.420013,411.769989,412.350006
412.109985,415.109985,411.390015,413.670013
415.23999,419.559998,414.089996,419.51001
419.390015,419.959991,405.25,405.309998
402.200012,405.839996,401.200012,402.630005
403.850006,404.100006,396.0,398.209991
399.929993,401.23999,395.040009,395.179993
392.890015,396.779999,390.040009,396.420013
400.279999,401.559998,390.329987,392.23999
393.130005,394.119995,388.420013,390.76001
390.429993,398.589996,390.200012,397.779999
395.390015,400.859985,394.119995,400.380005
402.73999,407.51001,402.459991,406.600006
408.779999,411.730011,408.459991,410.970001
401.829987,403.100006,391.920013,393.100006
394.470001,396.200012,391.119995,394.600006
392.959991,395.959991,388.779999,390.119995
384.140015,386.25,382.109985,385.559998
382.26001,388.549988,382.179993,388.549988
385.059998,386.119995,381.200012,384.089996
386.109985,389.309998,377.380005,377.390015
376.579987,378.299988,373.440002,374.220001
370.579987,370.619995,363.290009,367.950012
366.410004,370.209991,363.029999,364.309998
368.019989,370.399994,360.869995,363.380005
364.380005,372.299988,362.600006,370.529999
366.809998,367.109985,359.700012,362.790009
361.799988,365.910004,357.040009,357.179993
361.079987,368.549988,359.209991,366.609985
372.399994,378.0,366.570007,377.970001
373.390015,379.459991,370.950012,377.089996
375.619995,378.720001,372.679993,373.200012
368.970001,373.290009,360.940002,362.790009
363.959991,364.209991,357.670013,360.019989
358.23999,363.029999,355.709991,357.73999
358.170013,359.820007,356.299988,356.559998
349.209991,367.51001,348.109985,365.970001
368.549988,370.26001,356.959991,357.630005
364.01001,367.980011,357.279999,366.820007
375.130005,375.450012,367.519989,371.130005
368.98999,371.850006,365.549988,368.5
368.029999,372.670013,364.609985,365.410004
365.119995,374.799988,363.540009,374.290009
375.890015,380.059998,373.109985,378.869995
378.790009,385.25,378.670013,384.920013
381.619995,387.579987,381.350006,382.019989
383.070007,385.0,379.329987,379.980011
379.869995,389.519989,379.679993,389.019989
386.440002,388.399994,385.26001,386.209991
390.140015,390.390015,383.290009,384.519989
383.899994,388.630005,374.76001,374.869995
371.470001,374.200012,368.790009,371.01001
377.0,378.869995,370.0,376.350006
377.709991,380.570007,375.529999,379.950012
381.109985,385.119995,377.720001,382.0
379.929993,381.140015,373.609985,374.130005
388.049988,395.040009,385.640015,394.690002
395.589996,399.350006,393.609985,398.51001
396.660004,400.179993,394.829987,395.119995
401.149994,402.309998,394.48999,398.48999
396.779999,397.779999,394.790009,395.450012
390.459991,394.950012,390.140015,394.23999
397.73999,397.809998,393.040009,396.029999
394.640015,395.820007,392.660004,394.589996
396.630005,400.070007,395.149994,399.899994
399.549988,402.929993,399.309998,402.420013
401.829987,402.910004,401.540009,402.329987
399.089996,400.809998,395.109985,395.910004
396.049988,397.299988,393.299988,395.230011
395.48999,407.679993,393.480011,407.679993
408.769989,410.0,404.75,407.380005
402.25,407.859985,402.140015,406.910004
403.950012,404.929993,398.170013,399.589996
399.420013,399.98999,391.640015,393.829987
392.940002,395.640015,391.970001,393.160004
395.140015,397.359985,393.269989,396.23999
394.940002,397.619995,393.149994,393.279999
394.109985,398.950012,393.410004,398.950012
410.220001,410.48999,399.070007,401.970001
401.609985,405.5,396.309998,399.399994
394.299988,395.25,387.890015,389.630005
385.179993,386.579987,381.040009,383.269989
383.470001,383.820007,378.279999,380.019989
379.230011,382.230011,377.850006,380.540009
383.25,387.410004,382.690002,386.230011
383.049988,386.209991,374.769989,380.720001
379.649994,383.059998,378.029999,382.910004
382.790009,383.149994,379.649994,381.399994
381.329987,383.390015,376.420013,376.660004
379.630005,384.350006,379.079987,383.440002
380.640015,382.579987,378.429993,382.429993
384.369995,386.429993,377.829987,380.820007
383.179993,385.880005,380.0,383.76001
381.720001,381.839996,378.76001,379.380005
382.609985,389.25,379.410004,388.079987
390.369995,393.700012,387.670013,387.859985
387.25,390.649994,386.269989,390.579987
392.230011,395.600006,391.380005,395.519989
396.670013,398.48999,392.420013,396.959991
393.619995,399.100006,393.339996,398.5
398.480011,400.230011,397.059998,397.769989
399.01001,400.119995,391.279999,391.48999
389.359985,391.079987,387.26001,388.640015
390.100006,396.040009,388.380005,395.880005
396.720001,402.649994,395.720001,400.630005
398.880005,401.149994,397.640015,400.200012
395.950012,400.700012,393.559998,400.350006
403.130005,404.920013,400.029999,404.75
403.660004,408.160004,403.440002,405.679993
402.799988,405.130005,400.279999,400.589996
401.130005,406.529999,400.769989,406.480011
405.209991,413.670013,402.350006,410.799988
414.859985,418.309998,412.880005,416.779999
411.589996,416.970001,411.089996,412.350006
409.790009,411.290009,408.100006,409.829987
408.869995,416.48999,407.570007,415.190002
413.130005,414.529999,409.929993,410.649994
414.410004,414.570007,405.809998,407.089996
405.859985,408.440002,405.01001,408.040009
408.720001,412.970001,408.23999,412.829987
411.23999,415.049988,408.51001,412.640015
410.350006,414.059998,409.470001,413.980011
408.790009,412.910004,408.140015,408.279999
406.059998,407.51001,404.049988,407.26001
403.059998,404.160004,398.820007,399.089996
399.519989,401.130005,397.019989,398.540009
401.559998,402.200012,396.25,400.660004
395.420013,397.25,393.640015,396.380005
399.869995,401.290009,396.75,397.730011
397.230011,399.279999,396.149994,396.26001
395.410004,396.690002,393.380005,394.73999
392.679993,398.690002,392.329987,397.809998
399.709991,404.450012,399.029999,404.190002
405.049988,407.450012,404.01001,404.470001
404.420013,404.670013,397.630005,398.269989
398.390015,399.709991,396.589996,398.920013
399.73999,401.480011,390.529999,391.559998
390.98999,393.160004,384.320007,385.910004
381.809998,390.390015,380.649994,385.359985
390.5,393.450012,387.049988,391.730011
385.890015,389.48999,383.709991,389.279999
386.820007,396.470001,386.290009,396.109985
393.220001,394.399994,388.549988,389.98999
390.799988,394.170013,390.070007,393.73999
397.23999,399.410004,395.579987,398.910004
398.730011,402.48999,392.070007,392.109985
395.089996,399.290009,390.350006,393.170013
391.839996,395.839996,389.399994,395.75
398.119995,398.920013,395.559998,396.48999
395.769989,396.48999,393.690002,395.600006
399.929993,401.600006,398.679993,401.350006
404.089996,404.350006,401.76001,403.700012
404.660004,409.700012,404.549988,409.390015
408.850006,411.369995,408.440002,410.950012
411.619995,411.920013,407.23999,408.670013
407.910004,408.700012,405.880005,407.600006
406.769989,409.480011,405.679993,409.190002
406.609985,409.690002,405.970001,409.609985
410.26001,411.179993,408.920013,409.720001
411.869995,412.170013,407.440002,408.049988
409.179993,413.839996,407.98999,413.470001
412.809998,415.089996,410.059998,412.459991
412.369995,413.959991,411.089996,413.940002
415.579987,415.720001,412.779999,414.209991
412.220001,415.079987,412.160004,414.140015
411.209991,413.700012,410.269989,411.880005
412.190002,412.679993,410.170013,412.200012
411.98999,413.070007,410.600006,412.630005
410.579987,411.160004,406.019989,406.079987
406.720001,407.839996,403.779999,404.359985
407.0,412.690002,406.73999,412.410004
411.48999,415.940002,411.429993,415.929993
415.470001,417.619995,415.269989,415.51001
414.769989,414.820007,407.820007,410.839996
411.359985,413.869995,407.769989,408.019989
406.929993,407.269989,403.73999,405.130005
408.910004,413.720001,408.640015,412.630005
412.970001,413.23999,411.279999,412.73999
411.130005,412.089996,410.690002,410.929993
413.880005,414.540009,408.869995,412.850006
411.950012,412.429993,409.970001,412.130005
413.420013,413.640015,409.070007,411.589996
412.220001,413.429993,410.230011,413.01001
411.859985,412.820007,410.23999,410.25
412.350006,415.859985,410.640015,415.230011
414.899994,419.670013,414.670013,419.230011
420.170013,420.720001,417.350006,418.619995
418.640015,420.390015,417.350006,418.790009
417.079987,418.720001,413.679993,414.089996
412.420013,412.820007,409.880005,411.089996
414.73999,416.160004,412.410004,414.649994
415.329987,420.769989,415.25,420.019989
422.029999,422.579987,418.73999,420.179993
418.279999,419.220001,416.220001,417.850006
418.089996,422.920013,416.790009,421.820007
424.5,428.73999,423.950012,427.920013
428.279999,429.619995,426.369995,427.100006
426.670013,428.579987,425.98999,428.029999
428.440002,429.619995,426.109985,426.549988
426.619995,429.600006,425.820007,429.130005
429.959991,431.98999,428.869995,429.899994
430.920013,433.880005,430.170013,433.799988
435.320007,437.329987,434.630005,436.660004
437.01001,439.059998,433.589996,437.179993
436.329987,443.899994,436.230011,442.600006
443.019989,443.609985,438.970001,439.459991
437.450012,438.369995,435.029999,437.179993
436.160004,436.98999,434.329987,434.940002
433.950012,436.619995,433.600006,436.51001
432.929993,435.059998,432.470001,433.209991
432.619995,434.609985,431.190002,431.440002
432.350006,436.809998,431.880005,436.170013
435.049988,437.440002,434.410004,436.390015
435.959991,438.279999,435.540009,438.109985
441.440002,444.299988,441.109985,443.279999
442.920013,444.079987,442.630005,443.790009
441.910004,443.890015,441.899994,443.130005
439.420013,440.100006,437.059998,439.660004
438.630005,442.640015,438.299988,438.549988
438.179993,439.839996,437.589996,439.660004
440.450012,442.970001,439.440002,442.459991
446.390015,447.480011,444.910004,446.019989
447.899994,450.380005,447.450012,449.559998
450.480011,451.359985,448.48999,449.279999
449.130005,451.929993,449.079987,450.839996
450.5,454.859985,450.049988,454.190002
455.01001,456.429993,454.109985,455.200012
454.170013,455.100006,451.440002,452.179993
453.959991,454.170013,452.170013,452.179993
453.369995,455.040009,452.299988,454.200012
453.920013,456.73999,453.869995,455.440002
454.470001,456.98999,453.380005,455.51001
459.019989,459.440002,451.549988,452.48999
455.880005,457.779999,452.48999,456.920013
457.410004,458.160004,456.049988,457.790009
456.269989,457.25,455.48999,456.480011
453.25,453.519989,449.350006,450.130005
448.040009,450.790009,447.369995,448.839996
450.720001,452.899994,446.269989,446.809998
448.709991,450.869995,447.98999,450.709991
448.079987,450.700012,445.269989,448.75
449.029999,449.200012,444.959991,445.75
448.190002,451.700012,444.700012,445.910004
443.970001,446.700012,443.350006,445.649994
444.700012,448.109985,444.380005,448.109985
446.269989,446.640015,442.299988,442.890015
442.459991,444.179993,439.529999,439.640015
441.160004,441.429993,435.75,436.290009
433.369995,437.570007,433.01001,436.5
437.549988,440.109985,435.320007,439.339996
441.179993,441.179993,437.570007,438.149994
439.25,443.670013,439.100006,443.029999
444.690002,445.220001,436.859985,436.890015
438.679993,441.299988,435.0,439.970001
442.23999,443.399994,439.970001,442.76001
442.649994,449.450012,442.459991,449.160004
449.51001,451.670013,448.779999,451.01001
451.649994,452.829987,450.160004,450.350006
453.170013,453.670013,449.679993,451.190002
450.730011,451.059998,449.170013,449.23999
448.399994,448.51001,443.809998,446.220001
443.109985,445.549988,442.75,444.850006
444.899994,447.109985,444.529999,445.519989
448.23999,448.769989,446.470001,448.450012
446.950012,448.529999,445.390015,445.98999
446.220001,447.709991,445.079987,446.51001
449.070007,451.079987,447.720001,450.359985
447.140015,447.480011,442.920013,443.369995
443.049988,444.970001,442.559998,443.630005
442.679993,443.290009,439.940002,442.709991
444.01001,444.440002,438.429993,438.640015
435.700012,435.970001,431.230011,431.390015
432.450012,434.100006,429.98999,430.420013
429.170013,432.269989,428.720001,432.230011
429.089996,429.820007,425.019989,425.880005
427.089996,427.670013,422.290009,426.049988
425.480011,430.25,424.869995,428.519989
431.670013,431.850006,425.910004,427.480011
426.619995,428.600006,424.459991,427.309998
425.059998,427.369995,420.179993,421.589996
422.070007,425.429993,420.559998,424.660004
424.359985,425.369995,421.170013,424.5
421.970001,431.130005,420.600006,429.540009
427.579987,432.880005,427.01001,432.290009
432.940002,437.220001,432.529999,434.540009
435.640015,436.579987,433.179993,436.320007
436.950012,437.339996,431.230011,433.660004
435.209991,436.450012,429.880005,431.5
433.820007,437.140015,433.570007,436.040009
432.809998,438.140015,432.450012,436.019989
434.190002,435.179993,429.089996,430.209991
430.950012,432.820007,425.730011,426.429993
425.980011,426.540009,421.079987,421.190002
419.609985,424.450012,417.799988,420.459991
422.649994,424.820007,420.73999,423.630005
421.890015,421.920013,417.019989,417.549988
416.450012,417.329987,411.600006,412.549988
414.190002,414.600006,409.209991,410.679993
413.559998,416.679993,412.220001,415.589996
416.179993,418.529999,414.209991,418.200012
419.200012,423.5,418.649994,422.660004
426.579987,430.920013,426.559998,430.76001
433.140015,436.290009,433.01001,434.690002
435.470001,436.149994,433.679993,435.690002
435.690002,437.589996,434.51001,436.929993
437.549988,438.089996,434.869995,437.25
438.429993,438.470001,433.399994,433.839996
435.980011,440.929993,433.829987,440.609985
439.230011,441.329987,438.420013,440.190002
446.320007,450.059998,446.089996,448.730011
450.109985,451.380005,448.799988,449.679993
449.220001,450.559998,448.119995,450.230011
450.23999,451.420013,449.290009,450.790009
450.529999,455.130005,450.519989,454.26001
453.179993,454.130005,451.959991,453.269989
454.980011,456.380005,453.890015,455.019989
455.070007,455.5,454.730011,455.299988
454.649994,455.48999,454.079987,454.480011
454.079987,456.269989,453.5,454.929993
457.149994,458.320007,454.200012,454.609985
455.480011,456.76001,453.339996,456.399994
455.769989,459.649994,455.160004,459.100006
455.600006,459.119995,454.339996,456.690002
455.26001,457.589996,454.869995,456.600006
458.809998,458.839996,454.309998,454.76001
456.910004,458.899994,456.290009,458.230011
457.459991,460.75,457.209991,460.200012
459.690002,462.170013,459.470001,461.98999
461.630005,464.200012,460.600006,464.100006
464.48999,470.76001,464.119995,470.5
472.5,473.730011,469.25,472.01001
469.48999,470.700012,467.429993,469.329987
470.980011,472.980011,469.890015,471.970001
472.529999,474.920013,472.450012,474.839996
473.959991,475.899994,467.820007,468.26001
471.329987,472.980011,468.839996,472.700012
473.859985,475.380005,471.700012,473.649994
474.070007,476.579987,473.98999,475.649994
475.440002,476.660004,474.890015,476.51001
476.880005,477.549988,476.26001,476.690002
476.48999,477.029999,473.299988,475.309998
472.160004,473.670013,470.48999,472.649994
470.429993,471.190002,468.170013,468.790009
468.299988,470.959991,467.049988,467.279999
467.48999,470.440002,466.429993,467.920013
468.429993,474.75,468.299988,474.600006
471.869995,474.929993,471.350006,473.880005
474.160004,477.450012,473.869995,476.559998
477.589996,478.119995,472.26001,476.350006
477.839996,478.600006,475.230011,476.679993
475.26001,476.609985,473.059998,474.929993
471.820007,472.790009,469.869995,472.290009
474.01001,477.059998,472.420013,476.48999
477.649994,482.720001,476.540009,482.429993
484.01001,485.220001,482.779999,483.450012
484.01001,485.109985,482.890015,484.859985
487.809998,488.769989,484.880005,485.390015
487.579987,488.309998,485.390015,488.029999
487.589996,489.119995,486.540009,487.410004
487.730011,491.420013,487.170013,491.269989
490.559998,491.619995,490.109985,490.890015
488.619995,489.079987,482.859985,482.880005
484.630005,489.230011,483.799988,489.200012
489.649994,496.049988,489.299988,494.350006
493.700012,494.380005,490.230011,492.549988
493.519989,494.320007,492.049988,493.980011
496.290009,498.529999,495.359985,498.100006
498.100006,498.709991,497.26001,498.320007
498.839996,501.649994,498.48999,501.200012
501.170013,503.5,500.23999,500.980011
494.529999,497.089996,490.720001,494.079987
496.790009,499.070007,494.399994,498.570007
499.290009,502.200012,498.799988,502.01001
501.700012,502.869995,498.75,499.51001
497.720001,498.410004,494.450012,496.76001
495.420013,497.369995,493.559998,497.209991
504.01001,508.48999,503.019989,507.5
509.269989,510.130005,507.100006,507.850006
508.299988,508.75,505.859985,505.98999
506.700012,507.160004,504.75,506.929993
505.329987,506.859985,504.959991,506.26001
508.070007,509.73999,505.350006,508.079987
508.980011,513.289978,508.559998,512.849976
512.030029,514.200012,512.0,512.299988
510.23999,510.700012,504.910004,507.179993
510.549988,512.070007,508.420013,509.75
513.140015,515.890015,509.809998,514.809998
515.460022,518.219971,511.130005,511.720001
510.480011,511.880005,508.5,511.279999
513.450012,517.380005,510.859985,516.780029
517.109985,517.289978,514.48999,515.969971
516.969971,517.130005,511.820007,514.950012
510.209991,511.700012,508.119995,509.829987
514.0,515.47998,512.440002,512.859985
512.150024,516.0,511.119995,515.710022
515.77002,520.619995,515.080017,520.47998
523.390015,524.109985,521.909973,522.200012
522.109985,522.609985,520.969971,521.210022
519.799988,520.950012,519.609985,519.77002
521.22998,521.580017,518.400024,518.809998
521.710022,523.210022,519.48999,523.169983
523.210022,524.609985,522.780029,523.070007
523.830017,524.380005,520.969971,522.159973
518.23999,518.97998,516.47998,518.840027
517.719971,520.950012,517.669983,519.409973
523.52002,523.869995,512.76001,513.070007
514.460022,520.440002,514.01001,518.429993
519.150024,520.179993,517.890015,518.719971
520.5,520.75,514.349976,519.320007
513.47998,516.159973,512.090027,514.119995
515.679993,519.47998,512.080017,518.0
514.369995,515.820007,509.079987,510.850006
515.130005,515.299988,503.579987,504.450012
504.940002,506.5,502.209991,503.529999
506.049988,506.220001,499.119995,500.549988
501.980011,504.130005,498.559998,499.519989
499.440002,500.459991,493.859985,495.160004
497.829987,502.380005,495.429993,499.720001
501.779999,506.089996,499.529999,505.649994
506.559998,507.369995,503.130005,505.410004
499.179993,504.269989,497.48999,503.48999
506.350006,509.880005,505.700012,508.26001
510.089996,510.75,507.25,510.059998
508.559998,509.559998,501.980011,501.980011
501.380005,508.190002,499.869995,500.350006
504.149994,505.890015,499.549988,505.029999
511.160004,512.549988,508.559998,511.290009
513.75,516.609985,513.299988,516.570007
517.559998,518.570007,516.450012,517.140015
515.26001,517.73999,515.140015,517.190002
517.380005,520.210022,516.710022,520.169983
521.809998,522.640015,519.590027,520.840027
522.559998,522.669983,519.73999,520.909973
521.109985,523.830017,520.559998,523.299988
525.830017,530.080017,525.179993,529.780029
529.880005,531.52002,528.539978,528.690002
528.809998,529.52002,527.320007,529.450012
529.570007,531.559998,529.169983,530.059998
529.280029,531.52002,529.070007,531.359985
530.650024,531.380005,527.599976,529.830017
532.960022,533.070007,524.719971,525.960022
527.849976,530.27002,526.880005,529.440002
530.27002,530.51001,527.109985,529.809998
525.679993,527.309998,525.369995,526.099976
524.52002,525.200012,521.330017,522.609985
523.590027,527.5,518.359985,527.369995
529.02002,529.309998,522.599976,527.799988
526.460022,529.150024,524.960022,528.390015
530.77002,534.690002,528.72998,534.669983
534.97998,535.419983,532.679993,534.659973
533.659973,536.890015,532.539978,534.01001
533.179993,535.98999,532.570007,535.659973
534.070007,537.01001,532.049988,536.950012
541.630005,544.119995,540.299988,541.359985
543.150024,543.330017,539.590027,542.450012
540.880005,542.809998,539.849976,542.780029
542.080017,548.530029,541.609985,547.099976
547.159973,548.619995,546.72998,548.48999
549.440002,550.119995,545.179993,547.0
544.400024,545.650024,543.02002,544.51001
544.330017,546.950012,542.619995,542.73999
543.98999,545.200012,542.440002,544.830017
543.690002,546.23999,543.030029,545.51001
545.369995,546.960022,544.609985,546.369995
547.159973,550.280029,542.950012,544.219971
545.630005,545.880005,542.52002,545.340027
543.700012,549.01001,543.650024,549.01001
548.690002,551.830017,548.650024,551.460022
551.77002,555.049988,551.119995,554.640015
555.440002,556.25,554.190002,555.280029
556.26001,557.179993,555.52002,555.820007
557.070007,561.669983,556.77002,561.320007
561.440002,562.330017,555.830017,556.47998
557.630005,563.669983,557.150024,559.98999
562.030029,564.840027,559.630005,561.530029
562.869995,565.159973,562.099976,564.859985
558.799988,560.51001,556.609985,556.940002
558.51001,559.52002,550.429993,552.659973
552.419983,554.080017,547.909973,548.98999
553.0,555.27002,551.02002,554.650024
554.539978,556.73999,553.280029,553.780029
548.859985,549.169983,540.289978,541.22998
541.349976,547.460022,537.450012,538.409973
542.280029,547.190002,541.48999,544.440002
546.02002,547.049988,542.719971,544.76001
546.26001,547.340027,538.52002,542.0
548.97998,553.5,547.580017,550.809998
552.570007,554.869995,539.429993,543.01001
535.75,536.98999,528.599976,532.900024
511.640015,523.580017,510.269989,517.380005
519.219971,529.75,517.869995,522.150024
528.469971,531.590027,518.049988,518.659973
523.909973,531.289978,521.840027,530.650024
529.809998,534.51001,528.559998,532.98999
534.210022,535.72998,530.950012,533.27002
536.530029,542.280029,536.280029,542.039978
542.849976,544.960022,540.119995,543.75
549.5,553.359985,548.880005,553.070007
551.419983,555.02002,551.26001,554.309998
554.72998,559.609985,553.859985,559.609985
559.150024,560.840027,557.330017,558.700012
559.77002,562.109985,554.72998,560.619995
562.559998,563.179993,554.97998,556.219971
559.530029,563.090027,557.289978,562.130005
563.179993,563.909973,559.049988,560.789978
559.48999,562.059998,558.320007,561.559998
561.210022,561.650024,555.039978,558.299988
560.309998,563.679993,557.179993,558.349976
560.77002,564.200012,557.140015,563.679993
560.469971,560.809998,549.51001,552.080017
550.200012,554.429993,549.460022,550.950012
550.890015,553.799988,547.099976,549.609985
549.940002,551.599976,539.440002,540.359985
544.650024,547.710022,542.679993,546.409973
548.359985,549.150024,543.380005,548.789978
548.700012,555.359985,539.960022,554.419983
555.01001,559.400024,552.73999,559.090027
559.710022,563.030029,559.450012,562.01001
561.73999,563.109985,559.900024,562.840027
565.099976,566.580017,560.789978,563.070007
563.73999,568.690002,560.830017,561.400024
571.01001,572.880005,568.080017,570.97998
567.840027,569.309998,565.169983,568.25
569.340027,570.330017,568.099976,569.669983
570.47998,571.359985,567.599976,571.299988
571.140015,571.890015,568.909973,570.039978
574.380005,574.710022,569.900024,572.299988
573.390015,574.219971,570.419983,571.469971
570.419983,574.380005,568.080017,573.76001
573.400024,574.059998,566.0,568.619995
567.710022,569.900024,565.27002,568.859985
567.359985,569.799988,565.48999,567.820007
572.349976,573.359985,568.099976,572.97998
571.299988,571.960022,566.630005,567.799988
570.419983,573.780029,569.530029,573.169983
573.159973,577.710022,572.549988,577.140015
575.77002,577.580017,574.48999,576.130005
576.049988,580.330017,575.909973,579.580017
581.219971,585.27002,580.72998,584.320007
584.590027,584.900024,578.539978,579.780029
579.780029,582.830017,578.960022,582.299988
585.909973,586.119995,582.159973,582.349976
584.070007,585.390015,582.580017,584.590027
583.849976,584.849976,580.599976,583.630005
581.049988,584.5,580.380005,583.320007
581.26001,581.710022,574.419983,577.98999
579.97998,580.059998,576.570007,579.23999
581.51001,584.460022,578.080017,579.039978
582.580017,582.710022,580.52002,580.830017
579.849976,582.909973,578.429993,581.77002
581.289978,583.320007,579.289978,580.01001
575.559998,575.630005,568.440002,568.640015
571.320007,575.549988,570.619995,571.039978
571.179993,572.5,567.890015,569.809998
570.73999,576.73999,570.52002,576.700012
589.200012,591.929993,585.390015,591.039978
593.080017,596.650024,593.0,595.609985
596.169983,599.640015,596.169983,598.190002
599.809998,600.169983,597.0,598.76001
598.679993,599.289978,594.369995,596.900024
597.369995,599.22998,594.960022,597.190002
597.320007,597.809998,592.650024,593.349976
589.719971,590.200012,583.859985,585.75
586.219971,589.48999,585.340027,588.150024
584.710022,591.039978,584.030029,590.299988
590.380005,590.789978,584.630005,590.5
593.400024,595.119995,587.450012,593.669983
593.659973,596.150024,593.150024,595.51001
599.52002,600.859985,595.200012,597.530029
598.799988,601.330017,598.070007,600.650024
600.460022,600.849976,597.280029,598.830017
599.659973,603.349976,599.380005,602.549988
602.969971,604.320007,602.469971,603.630005
603.390015,604.159973,602.340027,603.909973
605.630005,607.909973,604.950012,607.659973
607.659973,608.47998,606.299988,606.659973
607.440002,609.070007,607.02002,607.809998
607.690002,607.859985,604.080017,604.679993
605.369995,605.799988,602.130005,602.799988
605.780029,608.429993,605.5,607.460022
606.580017,607.159973,604.330017,604.330017
606.400024,607.130005,602.809998,604.210022
606.0,607.780029,605.210022,606.789978
604.190002,605.169983,602.890015,604.289978
603.97998,606.409973,585.890015,586.280029
591.359985,593.0,585.849976,586.099976
581.77002,595.75,580.909973,591.150024
590.890015,595.299988,587.659973,594.690002
596.059998,601.340027,595.469971,601.299988
599.5,602.47998,598.080017,601.340027
597.539978,597.780029,590.76001,595.01001
587.890015,591.73999,584.409973,588.219971
589.909973,590.640015,584.419983,586.080017
589.390015,591.130005,580.5,584.640015
587.530029,592.599976,586.429993,591.950012
596.27002,599.700012,593.599976,595.359985
597.419983,597.75,586.780029,588.630005
588.700012,590.580017,585.200012,589.48999
585.880005,585.950012,578.549988,580.48999
575.77002,581.75,575.349976,581.390015
584.359985,585.0,578.349976,582.190002
590.330017,593.940002,589.200012,592.780029
594.169983,594.349976,590.929993,591.640015
596.960022,599.359985,595.609985,597.580017
600.669983,603.059998,598.669983,603.049988
605.919983,607.820007,605.359985,606.440002
605.799988,609.75,605.52002,609.75
609.809998,610.780029,606.799988,607.969971
594.809998,599.690002,594.640015,599.369995
600.619995,605.369995,597.25,604.52002
603.719971,604.130005,599.219971,601.809998
603.960022,606.599976,600.719971,605.039978
607.5,609.960022,601.049988,601.820007
592.669983,600.289978,590.48999,597.77002
597.830017,602.299988,597.280029,601.780029
600.640015,604.369995,598.580017,604.219971
605.98999,606.450012,602.630005,606.320007
606.890015,608.130005,600.049988,600.77002
604.030029,605.5,602.73999,604.849976
602.549988,605.859985,602.429993,605.309998
599.200012,604.549988,598.51001,603.359985
604.47998,609.940002,603.200012,609.72998
609.940002,610.98999,609.070007,609.700012
610.880005,611.48999,608.380005,611.48999
610.080017,613.22998,609.559998,612.929993
611.539978,611.679993,607.02002,610.380005
610.159973,610.299988,599.469971,599.940002
602.02002,603.030029,596.48999,597.210022
597.150024,597.890015,589.559998,594.23999
595.929993,599.580017,591.859985,594.539978
596.849976,598.02002,584.650024,585.049988
585.559998,594.719971,582.440002,594.179993
596.179993,597.340027,579.900024,583.77002
579.710022,585.390015,572.25,576.859985
576.690002,584.880005,573.080017,583.059998
575.47998,580.169983,570.119995,572.710022
570.900024,577.390015,565.630005,575.919983
567.590027,569.539978,555.590027,560.580017
559.400024,564.02002,552.02002,555.919983
562.169983,563.109985,553.690002,558.869995
558.48999,559.109985,549.679993,551.419983
556.109985,563.830017,551.48999,562.809998
562.789978,569.710022,562.349976,567.150024
564.799988,565.02002,559.059998,561.02002
562.830017,570.950012,561.630005,567.130005
563.330017,570.570007,562.599976,565.48999
559.280029,564.890015,558.030029,563.97998
570.799988,575.150024,570.200012,574.080017
575.299988,576.409973,573.690002,575.460022
575.190002,576.330017,567.190002,568.590027
567.179993,570.900024,564.940002,567.080017
565.530029,566.27002,555.070007,555.659973
549.830017,560.710022,546.869995,559.390015
557.450012,562.940002,553.679993,560.969971
555.049988,567.419983,554.809998,564.52002
545.109985,547.969971,536.700012,536.700012
523.669983,525.869995,505.059998,505.279999
489.190002,523.169983,481.799988,504.380005
521.859985,524.97998,489.160004,496.480011
493.440002,548.619995,493.049988,548.619995
532.169983,533.5,509.320007,524.580017
523.01001,536.429993,520.070007,533.940002
544.049988,544.280029,533.859985,539.119995
539.669983,543.22998,536.809998,537.609985
531.679993,537.890015,520.289978,525.659973
527.640015,531.169983,523.909973,526.409973
521.159973,521.700012,508.459991,513.880005
520.140015,529.299988,519.190002,527.25
540.429993,545.429993,533.880005,535.419983
536.719971,547.429993,535.450012,546.690002
546.650024,551.049988,543.690002,550.640015
551.390015,553.549988,545.02002,550.849976
548.909973,555.450012,548.549988,554.320007
547.570007,556.52002,541.52002,554.539978
560.369995,564.070007,557.859985,558.469971
564.72998,568.380005,562.380005,566.76001
562.570007,566.650024,561.700012,563.51001
557.929993,563.349976,556.960022,558.799988
560.150024,563.820007,556.039978,561.150024
565.23999,570.309998,561.700012,565.059998
566.47998,567.5,562.76001,564.340027
581.469971,583.0,577.039978,582.98999
583.409973,589.080017,582.840027,586.840027
587.809998,588.97998,585.539978,587.590027
585.559998,590.969971,585.099976,590.460022
591.25,594.5,589.280029,594.200012
588.099976,595.539978,588.099976,594.849976
593.090027,594.049988,589.599976,592.849976
588.440002,592.580017,581.820007,582.859985
582.659973,586.619995,581.409973,583.090027
575.97998,581.809998,575.599976,579.109985
586.070007,591.309998,578.429993,591.150024
591.559998,592.77002,586.98999,587.72998
593.059998,593.200012,586.070007,590.049988
588.929993,591.130005,583.23999,589.390015
587.76001,592.789978,585.059998,592.710022
592.340027,597.080017,591.849976,596.090027
596.960022,597.950012,595.48999,595.929993
597.630005,599.0,591.049988,593.049988
598.659973,600.830017,596.859985,599.140015
599.719971,601.25,598.48999,599.679993
600.219971,603.469971,599.090027,603.080017
604.190002,605.059998,599.27002,601.359985
600.01001,603.75,599.52002,603.75
598.5,601.849976,595.47998,597.0
600.400024,604.450012,600.219971,602.679993
600.210022,601.75,596.76001,597.530029
598.440002,601.219971,596.469971,597.440002
598.380005,599.460022,592.859985,594.280029
595.039978,600.539978,591.890015,600.150024
604.330017,607.849976,603.409973,606.780029
607.909973,608.609985,605.539978,607.119995
608.98999,612.309998,608.369995,611.869995
612.880005,616.390015,610.830017,614.909973
617.380005,619.219971,615.039978,617.849976
616.359985,618.830017,615.52002,617.650024
617.23999,620.48999,616.609985,620.450012
622.450012,626.280029,622.429993,625.340027
623.359985,624.030029,617.869995,620.679993
621.349976,622.109985,619.52002,620.340027
622.77002,624.719971,620.909973,624.059998
624.200012,626.869995,623.01001,625.820007
622.73999,624.859985,621.530029,623.619995
623.159973,625.159973,621.799988,624.809998
627.52002,627.859985,622.059998,622.140015
623.73999,624.72998,618.049988,624.219971
624.400024,628.400024,624.179993,628.039978
629.299988,629.469971,626.460022,627.580017
628.77002,631.539978,628.340027,628.77002
629.099976,629.72998,626.190002,628.859985
631.549988,634.210022,629.72998,634.210022
634.599976,636.150024,633.98999,634.419983
635.090027,637.580017,634.840027,637.099976
637.47998,638.039978,635.539978,636.940002
638.349976,638.669983,634.340027,635.26001
635.919983,637.679993,631.539978,634.460022
639.460022,639.849976,630.77002,632.080017
626.299988,626.340027,619.289978,621.719971
625.669983,631.219971,625.580017,631.169983
631.789978,632.609985,627.039978,627.969971
629.049988,633.440002,628.130005,632.780029
636.23999,636.97998,629.109985,632.25
634.059998,637.650024,633.73999,637.179993
637.460022,638.950012,634.659973,635.919983
638.289978,642.849976,636.789978,642.690002
644.909973,646.190002,642.679993,644.890015
642.789978,645.619995,642.340027,644.950012
645.98999,646.090027,642.52002,643.440002
642.859985,644.0,642.179993,643.299988
643.119995,644.109985,638.47998,639.809998
639.400024,639.659973,632.950012,638.109985
636.280029,637.969971,633.809998,635.549988
637.76001,646.5,637.25,645.309998
644.039978,645.289978,642.349976,642.469971
642.200012,645.51001,641.570007,645.159973
644.570007,647.369995,644.419983,646.630005
647.23999,649.47998,645.340027,648.919983
647.469971,647.840027,643.140015,645.049988
637.5,640.48999,634.919983,640.27002
642.669983,644.210022,640.460022,643.73999
644.419983,649.150024,643.51001,649.119995
651.47998,652.210022,643.330017,647.23999
648.619995,649.840027,647.22998,648.830017
648.969971,650.859985,647.219971,650.330017
653.619995,654.549988,650.630005,652.210022
654.179993,658.330017,653.590027,657.630005
657.599976,659.109985,656.900024,657.409973
659.640015,661.039978,659.340027,660.909973
661.469971,661.780029,659.210022,660.0
660.01001,661.719971,654.299988,659.179993
661.890015,664.890015,660.27002,662.26001
662.330017,664.549988,660.369995,663.700012
662.200012,667.289978,662.169983,666.840027
666.719971,667.340027,661.97998,663.210022
664.51001,664.609985,659.669983,661.099976
657.940002,659.409973,654.409973,658.049988
659.51001,662.369995,657.880005,661.820007
664.359985,665.280029,661.859985,663.679993
662.929993,666.650024,661.609985,666.179993
663.169983,669.369995,663.059998,668.450012
670.450012,670.570007,666.780029,669.219971
669.98999,672.679993,668.159973,669.210022
671.619995,672.51001,669.460022,671.609985
672.539978,672.98999,667.669983,669.119995
670.25,673.210022,669.419983,673.109985
673.530029,673.940002,669.210022,671.159973
672.130005,673.950012,652.840027,653.02002
660.650024,665.130005,659.77002,663.039978
657.169983,665.830017,653.169983,662.22998
666.820007,670.22998,658.929993,665.169983
666.820007,668.710022,657.109985,660.640015
659.5,665.76001,658.140015,664.390015
667.320007,672.210022,667.27002,671.299988
671.440002,672.98999,669.97998,671.289978
672.0,672.0,663.299988,667.799988
668.119995,672.710022,667.799988,671.76001
676.460022,678.469971,675.650024,677.25
682.72998,685.539978,682.119995,685.23999
687.049988,688.909973,684.830017,687.059998
688.719971,689.700012,682.869995,687.390015
683.900024,685.940002,679.830017,679.830017
685.039978,685.080017,679.23999,682.059998
685.669983,685.799988,679.940002,683.340027
676.109985,679.960022,674.580017,675.23999
674.97998,680.859985,674.169983,677.580017
676.469971,677.380005,668.719971,670.309998
667.909973,671.080017,661.210022,670.969971
677.23999,682.179993,675.030029,681.440002
679.950012,683.570007,678.72998,683.0
684.789978,684.960022,680.950012,683.380005
680.5,680.859985,670.52002,672.039978
665.380005,675.659973,663.27002,671.929993
669.700012,673.710022,662.169983,665.669983
662.099976,665.119995,655.859985,660.080017
660.780029,667.340027,658.75,662.630005
672.909973,675.559998,651.890015,652.530029
655.049988,664.549988,650.849976,659.030029
662.690002,670.059998,661.590027,668.72998
668.630005,676.210022,664.47998,675.02002
677.630005,681.700012,676.719971,679.679993
680.859985,683.669983,680.5,683.390015
678.809998,682.98999,678.73999,680.27002
681.919983,683.820007,679.330017,681.530029
680.570007,684.909973,679.690002,683.890015
685.299988,685.369995,681.340027,684.390015
685.469971,688.390015,684.580017,685.690002
686.590027,686.640015,681.570007,683.630005
683.150024,685.390015,682.590027,683.039978
682.559998,688.969971,681.309998,687.570007
685.140015,689.25,682.169983,689.169983
688.169983,688.880005,679.169983,681.76001
685.73999,685.76001,679.25,680.72998
679.22998,681.080017,674.97998,678.869995
679.890015,680.440002,671.200012,671.400024
677.599976,680.73999,674.900024,676.469971
676.590027,681.090027,676.469971,680.590027
683.940002,685.359985,680.590027,684.830017
683.919983,688.200012,683.869995,687.960022
687.950012,690.830017,687.799988,690.380005
690.640015,691.659973,689.27002,690.309998
687.539978,689.200012,686.070007,687.849976
687.450012,688.559998,686.580017,687.01001
687.140015,687.359985,681.710022,681.919983
685.710022,686.869995,679.820007,683.169983
686.539978,689.429993,686.380005,687.719971
687.929993,692.320007,687.780029,691.809998
692.190002,693.960022,689.320007,689.580017
688.820007,690.619995,687.48999,689.51001
690.630005,695.309998,689.179993,694.070007
690.679993,696.090027,690.630005,695.159973
695.48999,696.090027,691.349976,693.77002
691.0,691.719971,686.039978,690.359985
694.570007,695.450012,691.25,692.23999
693.659973,694.25,690.099976,691.659973
681.48999,684.77002,676.570007,677.580017
679.650024,688.73999,678.130005,685.400024
689.849976,691.130005,686.919983,688.97998
688.150024,690.960022,687.159973,689.22998
690.48999,694.130005,689.919983,692.72998
694.179993,696.530029,693.570007,695.48999
697.049988,697.840027,693.940002,695.419983
696.390015,697.059998,684.830017,694.039978
691.789978,694.210022,687.119995,691.969971
689.580017,696.929993,689.419983,695.409973
696.210022,696.960022,684.030029,689.530029
690.349976,691.450012,681.76001,686.190002
680.940002,683.690002,675.789978,677.619995
681.460022,692.309998,680.849976,690.619995
689.419983,695.869995,688.340027,693.950012
694.950012,696.539978,691.659973,692.119995
696.390015,697.140015,689.179993,691.960022
694.23999,695.349976,680.369995,681.27002
681.690002,686.280029,677.52002,681.75
680.140015,684.940002,675.780029,682.849976
684.02002,689.150024,682.830017,686.289978
683.840027,686.179993,681.549988,684.47998
682.320007,690.059998,681.72998,689.429993
687.830017,690.0,680.369995,682.390015
681.900024,688.349976,680.0,687.349976
690.179993,693.679993,690.099976,693.150024
693.280029,693.299988,684.349976,689.299988
683.090027,686.859985,681.640015,685.98999
678.700012,688.619995,678.02002,686.380005
675.059998,682.609985,669.659973,680.330017
681.630005,687.090027,679.619995,685.130005
682.080017,685.530029,675.609985,681.309998
673.409973,676.109985,669.76001,672.380005
666.390015,679.919983,662.390015,678.27002
677.719971,683.359985,674.76001,677.179993
677.580017,680.080017,673.340027,676.330017
671.159973,671.650024,665.869995,666.059998
669.27002,672.340027,661.359985,662.289978
668.380005,672.070007,667.119995,669.030029
672.390015,674.440002,669.700012,670.789978
668.359985,669.719971,661.190002,661.429993
656.969971,662.97998,655.169983,659.799988
656.51001,656.690002,644.719971,648.570007
658.070007,662.619995,653.940002,655.380005
651.320007,657.030029,649.880005,653.179993
658.669983,660.890015,654.23999,656.820007
652.059998,654.849976,644.820007,645.090027
642.5,642.659973,633.109985,634.090027
640.109985,640.369995,629.280029,631.969971
638.940002,651.539978,637.97998,650.340027
653.900024,658.52002,653.0,655.23999
646.419983,658.200012,645.109985,655.830017
655.859985,659.719971,655.52002,658.929993
656.650024,659.609985,651.059998,659.219971
676.390015,677.080017,671.460022,676.01001
674.840027,681.159973,673.77002,679.909973
681.320007,682.030029,678.450012,679.460022
677.409973,686.299988,676.580017,686.099976
687.690002,694.580017,687.659973,694.460022
695.26001,700.280029,694.200012,699.940002
701.059998,702.780029,698.530029,701.659973
706.140015,712.390015,705.76001,710.140015
708.780029,709.909973,706.140015,708.719971
710.280029,711.280029,702.640015,704.080017
709.150024,711.450012,708.219971,711.210022
709.5,712.359985,702.280029,708.450012
710.75,714.469971,709.01001,713.940002
713.169983,715.630005,712.299988,715.169983
711.820007,712.880005,709.25,711.690002
711.0,712.200012,708.369995,711.580017
714.630005,719.789978,710.450012,718.659973
721.25,724.869995,720.469971,720.650024
720.070007,722.119995,714.98999,718.01001
721.77002,725.039978,721.48999,723.77002
728.159973,734.590027,727.820007,733.830017
735.049988,736.130005,729.75,731.580017
734.929993,738.080017,734.570007,737.619995
736.450012,740.789978,736.450012,739.299988
736.890015,738.840027,731.830017,738.179993
738.469971,743.909973,735.469971,742.309998
743.650024,749.530029,743.559998,748.169983
741.789978,743.460022,737.960022,739.169983
739.830017,741.419983,733.390015,738.650024
734.780029,737.650024,731.530029,733.72998
735.710022,741.869995,733.890015,741.25
738.640015,744.869995,737.030029,742.719971
746.23999,748.940002,744.47998,745.640015
750.01001,752.130005,748.369995,750.590027
750.880005,751.380005,748.219971,750.460022
750.25,755.150024,749.22998,754.599976
755.900024,758.080017,754.690002,756.47998
755.359985,760.280029,754.690002,758.539978
757.030029,760.400024,756.75,759.570007
758.150024,758.799988,753.570007,754.23999
752.099976,758.309998,751.469971,757.090027
