open,high,low,close
132.779999,132.889999,132.100006,132.240005
132.639999,132.979996,132.539993,132.559998
132.869995,133.429993,132.710007,133.270004
134.320007,134.539993,133.929993,134.130005
134.789993,135.330002,134.259995,134.779999
135.089996,135.389999,134.770004,135.380005
136.190002,136.220001,135.220001,135.279999
135.520004,136.229996,135.309998,135.800003
136.740005,137.559998,136.179993,136.460007
136.199997,136.270004,135.259995,135.610001
134.240005,134.550003,134.009995,134.160004
134.289993,134.580002,133.460007,133.539993
133.5,133.990005,133.25,133.759995
132.610001,133.320007,132.080002,132.229996
136.610001,136.610001,135.300003,135.779999
138.440002,139.589996,138.399994,139.169998
139.440002,139.899994,138.880005,139.460007
139.679993,140.130005,138.259995,138.389999
138.809998,139.940002,138.089996,138.899994
140.809998,140.820007,139.190002,140.570007
141.850006,142.910004,141.699997,142.330002
142.789993,143.0,141.960007,142.559998
142.089996,143.190002,141.779999,142.550003
142.919998,143.619995,142.360001,143.600006
143.050003,143.470001,142.240005,142.339996
140.419998,140.860001,139.639999,140.0
141.369995,141.770004,140.949997,141.649994
139.279999,139.839996,139.089996,139.589996
138.889999,139.110001,138.179993,138.389999
139.070007,139.259995,137.729996,138.259995
138.940002,139.309998,138.399994,139.039993
138.229996,138.509995,137.910004,138.279999
137.039993,138.619995,136.990005,138.559998
137.929993,139.240005,137.869995,138.800003
138.940002,139.259995,138.589996,138.699997
139.520004,139.520004,138.460007,138.919998
139.550003,140.649994,139.399994,140.649994
139.800003,140.839996,139.710007,140.389999
140.449997,141.679993,140.220001,141.559998
139.779999,140.5,139.610001,139.770004
137.830002,139.259995,137.5,138.330002
138.600006,138.779999,137.910004,138.410004
139.460007,140.160004,139.270004,139.449997
139.050003,139.179993,137.820007,138.0
137.600006,138.539993,137.320007,138.259995
138.710007,139.720001,138.619995,139.619995
139.899994,140.509995,139.470001,140.160004
140.059998,140.080002,138.539993,138.910004
140.410004,140.860001,139.869995,140.080002
139.339996,139.630005,138.75,138.759995
138.979996,139.149994,138.229996,138.389999
138.630005,139.440002,138.5,139.220001
139.199997,139.759995,138.789993,139.440002
138.639999,139.050003,138.100006,138.710007
139.649994,140.139999,139.369995,139.880005
140.270004,140.589996,139.669998,140.029999
140.100006,140.190002,139.389999,139.699997
139.259995,139.779999,138.960007,139.169998
139.729996,140.690002,138.220001,138.360001
139.380005,140.350006,139.210007,140.210007
140.169998,140.259995,139.669998,139.669998
139.660004,140.169998,139.339996,139.869995
138.619995,140.100006,138.570007,139.770004
138.960007,139.050003,138.169998,138.630005
138.710007,140.080002,138.509995,139.639999
140.369995,140.419998,139.539993,139.539993
138.860001,139.270004,137.259995,137.789993
136.070007,136.119995,135.410004,135.520004
135.320007,135.830002,135.160004,135.589996
135.869995,136.0,133.360001,134.050003
134.050003,134.910004,134.050003,134.25
133.610001,134.050003,133.029999,133.669998
134.580002,134.809998,134.220001,134.75
134.520004,134.869995,134.25,134.309998
135.149994,135.580002,134.669998,134.779999
134.600006,135.889999,134.179993,135.869995
136.669998,137.289993,136.5,136.949997
137.029999,137.339996,136.710007,136.820007
137.070007,137.830002,137.020004,137.690002
138.589996,138.800003,137.949997,138.699997
138.5,139.149994,138.220001,138.399994
137.559998,139.070007,137.449997,138.75
138.550003,138.639999,136.869995,137.509995
137.679993,137.770004,136.759995,136.809998
136.619995,136.839996,135.160004,135.210007
135.020004,135.080002,134.119995,134.580002
133.970001,134.690002,133.679993,133.830002
133.929993,134.289993,133.089996,133.919998
132.850006,133.160004,132.509995,133.130005
132.860001,133.550003,132.570007,132.830002
132.669998,133.020004,132.240005,132.960007
133.639999,133.929993,133.369995,133.460007
132.270004,132.949997,131.529999,131.589996
132.100006,132.740005,132.089996,132.429993
131.860001,132.889999,131.830002,132.860001
132.369995,133.270004,132.320007,132.970001
133.639999,133.75,132.899994,133.110001
133.520004,133.720001,132.869995,133.309998
133.410004,133.449997,132.289993,132.729996
132.529999,133.559998,132.490005,133.080002
132.460007,132.800003,131.990005,132.179993
131.070007,131.070007,130.059998,130.740005
130.389999,130.929993,130.330002,130.449997
130.889999,131.289993,130.710007,131.25
130.160004,131.600006,129.880005,131.009995
131.300003,132.110001,131.029999,131.580002
130.75,131.050003,130.440002,130.570007
131.270004,131.789993,131.130005,131.740005
130.75,131.0,130.440002,130.619995
131.020004,131.210007,129.710007,130.089996
127.220001,127.370003,124.220001,124.57
123.970001,124.959999,122.720001,122.730003
122.959999,123.050003,121.650002,122.040001
121.279999,122.660004,120.730003,121.309998
122.220001,122.809998,121.779999,121.910004
122.300003,123.139999,122.169998,123.010002
121.949997,122.110001,120.989998,121.199997
121.629997,121.970001,120.339996,120.849998
121.209999,121.480003,120.889999,121.150002
121.660004,121.760002,120.879997,121.110001
119.989998,120.910004,119.25,120.639999
121.190002,121.290001,120.400002,120.82
121.410004,121.730003,121.089996,121.709999
121.440002,122.400002,121.209999,122.220001
119.970001,121.010002,119.480003,120.239998
118.510002,118.989998,117.639999,118.730003
119.169998,120.209999,119.139999,119.599998
118.93,120.400002,118.449997,119.470001
119.339996,119.940002,119.120003,119.379997
119.82,120.620003,119.82,120.400002
119.150002,119.309998,118.779999,118.980003
118.639999,118.860001,117.279999,117.5
117.269997,117.800003,116.879997,117.720001
118.400002,118.489998,117.440002,118.139999
119.080002,119.209999,116.800003,116.82
117.559998,118.290001,117.029999,117.410004
117.610001,117.919998,116.800003,117.139999
117.980003,118.580002,117.739998,118.400002
117.629997,117.900002,117.379997,117.809998
117.919998,118.400002,117.730003,118.330002
117.529999,118.0,117.5,117.809998
118.239998,118.389999,117.949997,118.050003
117.419998,117.699997,117.230003,117.669998
117.860001,118.879997,117.699997,118.529999
118.800003,119.269997,118.660004,118.949997
118.779999,119.650002,118.720001,119.129997
118.410004,119.989998,118.18,119.639999
119.760002,120.239998,119.449997,120.099998
120.449997,122.029999,120.169998,121.980003
121.129997,121.540001,120.75,120.860001
121.879997,122.0,121.459999,121.830002
121.550003,121.910004,121.279999,121.75
121.940002,122.690002,121.410004,122.160004
122.800003,123.139999,121.830002,121.889999
121.330002,121.75,120.620003,121.309998
122.809998,122.940002,121.989998,122.580002
121.769997,121.959999,120.910004,121.010002
120.489998,120.580002,119.550003,120.18
119.839996,120.309998,119.290001,119.940002
120.339996,121.870003,120.019997,121.139999
120.769997,121.129997,119.800003,120.309998
119.279999,119.599998,118.559998,118.800003
118.910004,119.260002,118.330002,119.199997
119.400002,119.830002,119.25,119.629997
119.440002,119.879997,119.199997,119.269997
119.330002,120.400002,119.25,120.099998
119.099998,119.529999,118.580002,119.099998
119.93,120.139999,119.0,119.050003
119.440002,119.870003,118.470001,119.0
119.760002,120.129997,119.120003,119.720001
119.779999,121.010002,119.470001,120.599998
121.419998,122.269997,121.410004,122.239998
121.410004,121.589996,120.660004,120.830002
120.110001,120.949997,120.110001,120.760002
120.25,120.410004,119.879997,120.379997
120.239998,120.300003,118.830002,119.510002
118.760002,119.220001,118.650002,118.959999
119.220001,120.209999,119.120003,119.610001
120.610001,120.699997,120.129997,120.32
119.68,120.610001,119.599998,120.110001
120.800003,120.82,119.589996,120.309998
120.57,120.739998,120.330002,120.669998
121.349998,122.139999,121.260002,122.010002
121.809998,121.900002,121.230003,121.290001
121.5,122.080002,121.32,121.739998
119.440002,119.550003,118.949997,119.470001
119.010002,119.209999,118.620003,119.040001
119.230003,119.349998,118.550003,119.349998
119.120003,119.120003,118.519997,118.779999
118.480003,118.68,118.25,118.419998
117.309998,117.949997,117.230003,117.779999
117.339996,117.480003,116.769997,116.839996
117.139999,117.32,116.68,117.25
116.830002,117.089996,116.489998,116.510002
116.769997,117.349998,116.709999,117.07
117.559998,118.830002,117.43,118.5
117.989998,118.150002,117.629997,117.900002
118.110001,118.75,118.029999,118.639999
118.550003,119.230003,118.5,119.150002
119.050003,120.300003,119.019997,120.139999
120.720001,121.169998,120.43,120.620003
120.830002,121.019997,120.059998,120.449997
120.529999,121.099998,120.400002,120.879997
121.830002,121.970001,121.190002,121.43
121.790001,121.82,120.489998,120.620003
120.940002,121.379997,120.879997,121.339996
121.07,121.089996,120.32,120.360001
120.279999,120.809998,120.209999,120.709999
120.449997,121.870003,120.400002,121.669998
121.370003,121.589996,120.949997,121.010002
120.559998,121.519997,120.360001,121.379997
121.239998,121.410004,120.519997,121.199997
121.839996,122.25,120.690002,120.709999
121.139999,121.620003,121.0,121.269997
121.800003,122.650002,121.720001,122.419998
122.510002,123.190002,122.290001,123.089996
123.449997,123.739998,122.910004,123.470001
123.459999,123.550003,122.860001,123.089996
123.860001,124.980003,123.550003,124.699997
124.099998,124.169998,123.699997,124.019997
123.519997,123.919998,123.139999,123.540001
123.82,124.239998,123.489998,123.540001
122.550003,123.160004,122.459999,122.93
122.209999,122.459999,121.379997,121.449997
121.519997,122.139999,121.43,122.120003
121.75,122.349998,121.580002,122.080002
121.599998,122.440002,121.550003,122.349998
121.690002,122.139999,120.709999,121.080002
120.970001,121.779999,120.940002,121.699997
122.220001,122.389999,121.550003,121.779999
121.010002,121.220001,120.669998,121.18
121.379997,121.470001,120.889999,121.290001
121.110001,121.139999,120.529999,120.629997
120.379997,120.629997,120.139999,120.620003
120.910004,121.059998,120.160004,120.480003
120.0,120.57,119.910004,120.480003
121.010002,121.489998,120.980003,121.389999
121.059998,121.209999,120.75,121.059998
121.110001,121.889999,121.110001,121.510002
122.629997,123.540001,122.389999,123.279999
123.75,123.940002,123.190002,123.419998
123.360001,123.779999,123.010002,123.709999
123.410004,123.559998,123.260002,123.370003
123.510002,123.620003,122.480003,122.540001
122.800003,123.260002,122.540001,123.230003
123.019997,123.279999,122.760002,123.269997
123.550003,123.739998,123.25,123.480003
124.029999,124.139999,123.739998,124.089996
124.050003,124.650002,124.029999,124.400002
123.699997,124.190002,123.660004,124.150002
125.220001,125.769997,125.050003,125.620003
124.900002,125.160004,124.779999,124.839996
125.690002,125.870003,125.400002,125.519997
125.239998,125.519997,124.790001,124.919998
124.879997,124.879997,124.300003,124.589996
124.080002,124.639999,123.980003,124.400002
124.209999,124.989998,124.139999,124.360001
124.010002,124.519997,123.989998,124.379997
125.919998,126.709999,125.730003,126.300003
126.089996,126.330002,125.830002,126.099998
126.080002,126.440002,126.010002,126.349998
126.32,126.480003,126.029999,126.169998
126.790001,127.400002,126.790001,127.300003
127.110001,127.639999,126.910004,127.559998
127.709999,127.870003,127.309998,127.839996
127.470001,127.900002,127.400002,127.779999
128.270004,128.570007,128.160004,128.259995
127.43,127.489998,126.620003,126.889999
126.669998,126.709999,125.980003,126.470001
125.010002,125.720001,124.900002,125.410004
125.190002,125.389999,124.849998,125.120003
125.0,125.040001,124.019997,124.459999
124.199997,124.650002,124.120003,124.489998
123.519997,123.639999,122.93,123.459999
122.839996,123.029999,122.589996,122.720001
122.870003,123.099998,122.68,122.900002
122.860001,123.330002,122.709999,123.110001
123.889999,124.040001,123.489998,123.959999
123.599998,123.650002,122.809998,123.18
124.099998,124.160004,123.120003,123.330002
123.330002,123.989998,123.269997,123.669998
124.43,124.769997,124.230003,124.75
124.779999,125.010002,124.589996,124.800003
125.489998,125.730003,124.970001,125.160004
125.730003,126.029999,125.57,125.690002
125.449997,125.660004,125.160004,125.199997
124.139999,124.190002,123.470001,123.57
123.269997,124.089996,123.080002,123.769997
123.110001,123.379997,122.82,123.160004
123.269997,123.989998,123.260002,123.889999
123.459999,124.050003,123.400002,124.040001
123.18,124.709999,123.160004,124.639999
124.769997,125.169998,124.68,124.709999
125.290001,126.019997,125.260002,126.0
125.150002,125.18,124.440002,124.93
124.839996,125.099998,124.610001,125.07
124.870003,124.980003,124.150002,124.620003
125.93,125.949997,125.199997,125.300003
125.620003,126.440002,125.519997,126.370003
125.769997,126.459999,125.550003,126.43
125.989998,126.279999,125.730003,125.779999
124.730003,125.540001,124.709999,125.25
124.830002,126.019997,124.809998,125.709999
125.699997,126.68,125.510002,126.650002
126.980003,127.150002,126.260002,126.620003
126.769997,127.019997,126.5,126.93
126.790001,126.809998,126.269997,126.440002
127.040001,127.309998,126.760002,127.300003
126.879997,127.309998,126.720001,126.830002
127.019997,127.449997,126.870003,127.32
126.919998,127.389999,126.730003,127.239998
128.460007,128.520004,127.309998,127.650002
127.459999,127.739998,127.339996,127.610001
127.639999,128.029999,127.57,127.989998
127.309998,127.339996,126.43,126.75
127.690002,128.800003,127.690002,128.759995
128.720001,129.0,127.739998,127.970001
128.330002,129.570007,128.330002,129.279999
129.110001,129.160004,128.570007,129.0
127.870003,128.050003,127.260002,127.459999
127.050003,127.089996,126.529999,126.790001
126.910004,126.919998,126.279999,126.290001
126.370003,126.830002,126.330002,126.809998
127.0,127.010002,126.540001,126.860001
126.5,126.57,125.839996,126.129997
126.279999,126.309998,125.730003,125.82
125.970001,126.050003,125.330002,125.910004
126.160004,126.559998,125.82,125.839996
126.5,126.730003,126.059998,126.199997
126.32,127.269997,126.199997,126.989998
126.769997,126.889999,126.43,126.760002
124.870003,125.300003,124.610001,124.849998
124.209999,124.650002,123.970001,124.480003
124.760002,125.029999,124.269997,124.760002
124.809998,125.0,124.239998,124.279999
123.919998,124.510002,123.919998,124.400002
124.529999,124.589996,123.879997,124.410004
124.269997,124.300003,123.690002,123.940002
123.290001,124.099998,123.029999,123.589996
123.779999,124.059998,123.639999,123.980003
124.139999,124.870003,124.019997,124.18
124.57,124.660004,124.260002,124.419998
124.550003,124.980003,124.239998,124.949997
125.580002,125.940002,125.169998,125.849998
125.529999,125.900002,125.379997,125.760002
125.389999,126.089996,125.389999,125.919998
125.050003,125.18,124.68,125.089996
125.739998,126.010002,125.269997,125.309998
124.0,124.279999,123.639999,123.980003
124.160004,124.489998,124.019997,124.199997
123.370003,123.690002,123.150002,123.43
122.529999,122.980003,122.419998,122.839996
123.059998,123.059998,122.43,122.43
122.940002,123.330002,122.75,123.239998
123.860001,124.459999,123.559998,124.419998
124.529999,124.660004,124.400002,124.459999
124.349998,125.139999,124.300003,124.75
125.0,125.519997,124.919998,125.300003
125.470001,125.699997,125.139999,125.639999
125.93,126.220001,125.720001,126.110001
126.230003,126.779999,126.129997,126.639999
126.589996,126.800003,126.209999,126.360001
125.870003,126.239998,125.550003,126.0
124.709999,124.839996,123.959999,124.099998
124.800003,124.809998,124.309998,124.360001
124.769997,125.239998,124.769997,125.199997
126.059998,126.669998,125.639999,126.559998
126.010002,126.330002,125.449997,125.459999
126.07,126.440002,125.959999,126.389999
125.910004,126.379997,125.910004,126.339996
127.089996,127.290001,126.309998,126.739998
126.620003,127.199997,126.510002,127.150002
126.93,127.029999,126.690002,126.800003
126.860001,127.050003,126.419998,126.620003
126.769997,127.18,126.470001,126.790001
125.559998,125.68,125.099998,125.540001
125.309998,125.519997,124.440002,125.120003
125.870003,127.690002,125.099998,126.550003
125.919998,126.669998,125.809998,126.610001
126.470001,127.5,126.449997,127.239998
127.870003,128.229996,127.660004,127.68
127.93,128.100006,126.300003,126.68
126.589996,126.739998,126.239998,126.690002
126.860001,127.089996,126.410004,126.43
126.169998,126.410004,125.669998,126.379997
126.809998,127.389999,126.589996,127.330002
127.050003,127.980003,126.790001,127.870003
127.809998,128.589996,127.559998,128.350006
127.970001,128.0,126.910004,127.18
126.32,126.379997,125.07,125.529999
124.309998,124.709999,123.949997,124.139999
124.029999,124.860001,124.0,124.599998
124.699997,124.839996,124.529999,124.769997
124.980003,125.529999,124.970001,125.139999
125.709999,126.980003,125.699997,126.769997
126.529999,126.830002,126.370003,126.660004
126.5,127.120003,126.480003,126.860001
126.489998,126.510002,125.07,125.489998
126.0,126.199997,125.489998,126.089996
125.650002,126.160004,125.370003,126.07
125.870003,126.18,125.360001,125.709999
125.989998,126.029999,125.169998,125.629997
124.809998,124.830002,123.809998,123.949997
122.809998,123.93,122.660004,123.800003
123.510002,124.589996,123.309998,124.309998
124.099998,124.790001,123.910004,124.519997
125.169998,125.279999,124.559998,125.040001
125.080002,125.639999,124.599998,124.870003
123.93,124.269997,123.540001,123.709999
123.400002,123.559998,122.980003,123.059998
123.449997,123.709999,122.989998,123.18
123.809998,124.199997,123.239998,123.709999
122.849998,123.129997,122.540001,123.040001
123.160004,124.150002,122.800003,124.050003
123.879997,123.910004,123.099998,123.589996
122.970001,122.970001,122.300003,122.730003
122.279999,122.370003,121.699997,122.010002
122.870003,122.93,121.940002,122.730003
122.480003,122.529999,120.629997,120.699997
120.150002,120.260002,119.239998,119.580002
119.169998,121.82,118.639999,120.709999
120.419998,120.870003,119.720001,119.959999
120.129997,120.330002,118.559998,118.82
118.010002,119.18,117.849998,118.690002
118.110001,119.089996,117.790001,117.940002
118.559998,119.300003,118.190002,118.459999
118.610001,119.010002,118.389999,118.989998
118.459999,118.540001,117.470001,117.669998
118.190002,118.800003,117.989998,118.07
119.040001,119.209999,118.339996,118.709999
118.279999,118.510002,117.779999,118.190002
118.239998,118.290001,116.510002,116.739998
117.239998,117.660004,117.0,117.089996
117.879997,118.309998,117.720001,118.129997
118.68,118.910004,118.040001,118.169998
118.519997,118.660004,117.260002,118.0
118.470001,118.830002,118.25,118.75
118.43,119.620003,118.150002,119.32
118.849998,118.93,118.120003,118.349998
118.75,118.800003,117.629997,118.029999
118.360001,118.68,118.120003,118.139999
118.57,118.68,117.959999,118.010002
118.309998,118.989998,118.260002,118.690002
117.989998,118.269997,117.589996,117.910004
118.309998,118.660004,118.190002,118.589996
118.309998,119.370003,118.190002,119.190002
119.400002,120.400002,119.370003,120.239998
120.169998,120.489998,119.93,120.239998
119.800003,120.010002,119.550003,119.809998
119.209999,119.970001,119.199997,119.43
118.910004,119.220001,118.830002,118.949997
118.660004,119.419998,118.110001,119.080002
120.309998,120.82,119.669998,120.260002
119.68,120.309998,119.620003,120.169998
120.0,120.449997,119.669998,119.709999
119.830002,121.120003,119.809998,120.989998
121.449997,121.639999,120.949997,121.309998
121.540001,122.290001,121.510002,121.900002
121.349998,122.360001,121.160004,121.879997
121.360001,121.480003,120.830002,120.940002
121.349998,121.459999,120.599998,120.690002
120.099998,120.269997,119.769997,119.790001
120.660004,121.150002,120.220001,121.099998
120.639999,121.300003,120.349998,121.300003
121.199997,121.379997,120.779999,121.080002
121.849998,121.889999,121.269997,121.510002
121.040001,121.07,120.410004,120.620003
120.519997,121.129997,120.5,120.900002
120.230003,120.970001,120.18,120.940002
120.919998,121.580002,120.82,121.269997
121.290001,121.339996,120.279999,120.300003
119.419998,119.529999,118.809998,119.32
118.889999,119.129997,118.43,118.459999
118.330002,118.620003,118.080002,118.489998
118.209999,118.449997,117.760002,117.949997
117.410004,117.650002,116.940002,117.160004
117.730003,118.129997,117.589996,117.980003
118.470001,118.949997,118.440002,118.889999
119.080002,119.559998,118.940002,119.099998
118.769997,118.839996,118.230003,118.410004
118.639999,118.870003,118.260002,118.279999
118.839996,119.309998,118.68,118.809998
119.230003,119.230003,118.489998,118.989998
118.970001,119.019997,118.739998,118.800003
118.550003,119.0,118.300003,118.690002
118.120003,118.419998,117.980003,117.980003
118.550003,118.980003,118.349998,118.93
119.32,119.360001,118.82,119.230003
118.800003,118.989998,118.589996,118.599998
117.559998,117.580002,116.699997,117.25
117.419998,117.529999,116.790001,116.800003
116.629997,116.82,116.089996,116.209999
116.510002,117.290001,116.510002,117.209999
117.129997,117.379997,116.949997,117.269997
117.290001,117.349998,116.849998,117.089996
117.75,118.110001,117.660004,117.940002
118.690002,119.059998,118.639999,118.879997
119.559998,119.839996,119.470001,119.620003
120.790001,122.519997,120.43,122.239998
121.0,121.480003,120.739998,121.419998
121.559998,121.980003,120.949997,121.220001
120.169998,120.709999,119.849998,120.300003
120.110001,120.139999,119.370003,119.43
119.959999,120.160004,119.620003,119.709999
119.080002,119.099998,118.419998,118.739998
118.690002,120.489998,118.68,119.889999
119.559998,119.849998,119.440002,119.529999
119.07,119.389999,118.940002,119.309998
118.93,119.459999,118.889999,119.339996
119.449997,119.639999,118.629997,119.279999
119.779999,120.300003,119.480003,120.269997
120.830002,121.089996,120.300003,120.379997
120.480003,120.559998,120.040001,120.269997
120.970001,121.230003,120.699997,120.970001
120.769997,120.790001,119.900002,119.910004
120.360001,120.75,120.220001,120.540001
120.089996,120.620003,120.059998,120.529999
120.660004,121.110001,120.639999,120.800003
120.769997,121.029999,120.660004,120.970001
121.75,122.18,121.550003,122.110001
122.129997,122.25,121.830002,122.139999
122.169998,122.5,121.650002,121.720001
121.739998,121.75,121.290001,121.349998
121.529999,122.029999,121.529999,122.0
122.059998,122.529999,122.010002,122.349998
122.75,122.919998,122.480003,122.75
122.07,122.209999,121.900002,121.959999
121.870003,122.129997,121.809998,121.949997
122.449997,122.550003,122.089996,122.419998
122.169998,122.470001,122.139999,122.410004
122.610001,122.870003,122.470001,122.720001
122.209999,122.290001,121.639999,122.209999
122.290001,122.389999,121.900002,121.980003
122.019997,122.040001,121.389999,121.489998
121.800003,122.449997,121.769997,122.260002
121.580002,121.589996,120.699997,120.760002
120.379997,120.379997,119.18,119.269997
119.279999,119.82,119.139999,119.68
120.019997,120.260002,119.260002,119.489998
119.709999,119.879997,119.160004,119.260002
119.849998,119.870003,119.400002,119.459999
118.989998,119.410004,118.970001,119.050003
119.790001,119.860001,119.559998,119.699997
118.290001,118.839996,118.07,118.459999
118.620003,118.739998,118.300003,118.629997
118.830002,119.290001,118.809998,119.220001
119.540001,119.839996,119.269997,119.290001
119.029999,119.099998,118.57,118.669998
118.660004,119.029999,118.610001,118.790001
119.230003,119.830002,119.120003,119.790001
120.370003,121.050003,120.279999,120.660004
120.25,120.699997,120.209999,120.410004
120.540001,120.559998,120.029999,120.139999
120.660004,121.129997,120.57,120.839996
120.809998,120.93,120.279999,120.830002
121.089996,121.389999,120.75,120.980003
121.639999,121.910004,121.540001,121.790001
121.370003,121.529999,121.07,121.379997
122.0,122.050003,121.580002,121.860001
122.0,122.129997,121.779999,122.050003
121.620003,122.330002,121.489998,122.290001
121.779999,121.870003,121.519997,121.589996
121.0,121.089996,120.68,120.860001
120.940002,121.150002,120.620003,121.019997
121.309998,121.459999,121.080002,121.279999
121.889999,121.919998,120.889999,121.0
119.959999,120.099998,119.75,120.029999
119.760002,119.900002,119.550003,119.709999
119.760002,120.400002,119.690002,120.150002
119.330002,119.400002,118.989998,119.129997
119.169998,119.599998,119.169998,119.57
119.080002,119.169998,118.599998,118.660004
119.050003,119.169998,118.900002,118.940002
119.339996,119.57,118.980003,119.120003
118.410004,118.910004,118.300003,118.550003
118.18,118.82,118.120003,118.550003
118.059998,118.07,117.160004,117.309998
117.110001,117.110001,116.190002,116.610001
116.580002,117.300003,116.470001,117.150002
116.870003,117.279999,116.839996,117.099998
116.739998,117.269997,116.720001,116.800003
116.480003,116.739998,116.400002,116.68
116.93,117.580002,116.660004,117.5
117.239998,117.650002,117.099998,117.580002
117.849998,117.910004,117.220001,117.269997
116.660004,116.830002,116.120003,116.150002
116.669998,117.129997,116.599998,116.860001
116.269997,116.360001,114.239998,114.830002
114.129997,114.389999,113.709999,114.019997
113.389999,113.720001,112.620003,113.040001
112.989998,113.110001,112.639999,112.660004
113.139999,113.849998,113.07,113.800003
113.139999,113.580002,112.790001,113.489998
114.0,115.150002,113.790001,114.870003
114.389999,115.010002,114.279999,114.470001
114.660004,114.82,114.290001,114.419998
114.389999,114.720001,114.160004,114.68
114.660004,114.790001,113.980003,114.0
113.620003,114.389999,113.550003,113.959999
113.849998,113.949997,113.410004,113.709999
113.949997,114.080002,113.529999,113.559998
114.760002,115.019997,113.839996,113.919998
114.360001,114.82,114.239998,114.779999
114.540001,114.739998,114.230003,114.300003
114.93,115.32,114.790001,114.989998
114.839996,115.019997,114.260002,114.730003
114.260002,114.540001,114.019997,114.160004
113.739998,113.959999,113.209999,113.580002
112.849998,113.559998,112.839996,113.410004
113.169998,113.260002,111.900002,112.0
112.480003,112.709999,112.349998,112.440002
112.599998,112.730003,112.330002,112.370003
113.190002,113.400002,112.410004,112.519997
112.959999,112.970001,112.410004,112.510002
112.75,113.5,112.720001,113.349998
113.949997,114.309998,113.910004,114.089996
113.709999,114.019997,113.480003,114.019997
113.480003,114.519997,113.300003,114.089996
114.440002,114.540001,113.68,114.040001
114.199997,114.809998,113.919998,114.699997
114.410004,115.019997,114.410004,115.019997
115.239998,115.459999,114.93,115.059998
114.889999,115.089996,114.540001,115.019997
115.669998,115.760002,115.089996,115.139999
114.860001,115.059998,114.779999,114.879997
114.809998,115.25,114.760002,115.010002
114.849998,115.019997,114.360001,114.449997
114.919998,115.25,114.589996,114.900002
115.309998,115.419998,114.980003,115.330002
114.68,115.879997,114.660004,115.879997
116.809998,118.669998,116.629997,117.82
118.540001,119.199997,118.129997,118.190002
117.809998,118.529999,117.519997,118.410004
118.870003,119.279999,118.440002,118.900002
118.970001,119.379997,118.610001,118.879997
118.580002,118.720001,118.239998,118.349998
118.459999,118.580002,117.980003,118.07
118.550003,118.769997,118.220001,118.480003
118.589996,119.300003,118.580002,119.169998
119.07,119.790001,118.940002,119.599998
120.110001,121.660004,119.919998,121.18
122.010002,122.029999,120.669998,120.739998
121.139999,121.209999,120.389999,120.720001
121.129997,121.419998,120.910004,121.32
120.989998,121.389999,119.970001,120.019997
121.260002,121.379997,119.980003,120.040001
120.400002,121.050003,120.290001,121.050003
120.650002,121.559998,120.459999,121.510002
121.660004,122.160004,121.339996,122.150002
122.290001,123.860001,122.230003,123.540001
122.339996,122.559998,121.650002,122.110001
122.620003,122.650002,121.620003,121.75
121.690002,121.940002,121.389999,121.43
121.260002,121.43,120.800003,121.239998
121.279999,121.410004,120.339996,120.459999
120.830002,121.269997,120.68,120.93
120.900002,121.010002,120.239998,120.480003
120.559998,120.57,119.949997,120.040001
119.589996,120.389999,119.510002,120.160004
120.220001,120.529999,119.889999,120.190002
119.839996,120.120003,119.389999,119.559998
120.309998,120.720001,120.07,120.370003
119.879997,120.620003,119.830002,120.32
120.910004,121.260002,120.709999,121.110001
120.589996,120.75,120.32,120.529999
120.540001,120.940002,120.410004,120.410004
120.529999,121.040001,120.389999,121.019997
120.839996,120.980003,120.330002,120.93
121.550003,122.18,121.5,121.970001
121.480003,121.57,120.839996,120.959999
120.440002,120.550003,120.019997,120.419998
120.730003,121.230003,120.660004,120.970001
121.360001,121.410004,120.730003,121.029999
121.459999,121.910004,121.230003,121.830002
122.260002,122.470001,122.07,122.349998
121.860001,122.18,121.75,121.870003
121.660004,121.75,121.199997,121.559998
121.150002,121.389999,120.910004,121.099998
122.139999,122.199997,121.580002,121.790001
121.559998,122.019997,121.540001,121.980003
122.419998,122.540001,121.949997,122.290001
121.949997,122.080002,121.589996,121.940002
121.07,121.160004,120.699997,120.849998
121.470001,121.949997,121.419998,121.57
121.169998,121.300003,120.919998,121.209999
121.730003,121.82,121.360001,121.809998
121.120003,121.129997,120.279999,120.43
120.559998,120.620003,119.709999,120.019997
119.330002,119.529999,118.639999,118.660004
119.290001,119.769997,119.059998,119.589996
119.279999,119.870003,119.269997,119.839996
119.919998,120.519997,119.889999,120.279999
120.639999,121.260002,120.610001,121.059998
121.120003,121.690002,120.849998,121.57
121.400002,121.419998,120.980003,121.209999
121.300003,122.230003,121.260002,122.059998
121.660004,121.959999,121.620003,121.830002
121.690002,121.760002,120.919998,120.949997
121.739998,121.949997,121.400002,121.75
121.57,121.870003,121.519997,121.68
121.089996,121.620003,120.889999,121.410004
121.739998,122.849998,121.730003,122.68
122.959999,123.089996,122.739998,122.949997
124.209999,125.279999,124.059998,124.860001
124.809998,125.940002,124.510002,125.059998
124.699997,125.290001,124.620003,124.970001
125.419998,126.339996,125.309998,126.120003
126.25,126.690002,126.010002,126.559998
125.68,126.470001,125.639999,126.440002
125.290001,125.360001,124.190002,124.370003
124.480003,124.739998,124.25,124.599998
123.610001,123.870003,123.370003,123.519997
123.599998,123.889999,123.440002,123.870003
123.620003,124.169998,123.580002,124.029999
123.830002,123.949997,123.519997,123.589996
124.220001,124.339996,123.769997,123.980003
124.269997,124.519997,124.099998,124.279999
123.93,124.019997,123.410004,123.550003
122.889999,123.059998,122.629997,122.669998
122.779999,122.989998,122.720001,122.980003
122.510002,122.629997,122.139999,122.209999
122.129997,122.57,122.110001,122.260002
122.809998,123.099998,122.779999,122.900002
122.470001,122.57,122.239998,122.309998
122.610001,122.699997,122.389999,122.57
123.110001,123.589996,123.089996,123.57
123.489998,123.620003,123.099998,123.389999
123.980003,124.019997,123.639999,123.809998
123.230003,123.349998,122.849998,123.019997
122.949997,123.739998,122.93,123.650002
123.690002,124.449997,123.599998,123.900002
123.68,123.809998,123.040001,123.309998
123.660004,123.879997,123.370003,123.660004
124.309998,124.379997,123.93,124.0
124.529999,125.139999,124.389999,124.949997
125.150002,125.300003,124.300003,124.410004
125.110001,125.300003,124.309998,124.919998
124.889999,125.449997,124.589996,124.75
125.400002,125.93,125.25,125.730003
125.510002,125.650002,125.199997,125.360001
126.209999,126.269997,125.769997,126.129997
125.809998,125.830002,125.529999,125.709999
126.279999,126.300003,125.690002,125.989998
126.120003,126.379997,125.650002,125.730003
125.599998,125.720001,125.300003,125.529999
125.769997,126.330002,125.720001,126.25
126.889999,128.089996,126.879997,127.669998
127.559998,127.779999,127.389999,127.779999
128.270004,128.899994,128.089996,128.699997
129.669998,129.899994,129.0,129.089996
129.330002,130.229996,128.889999,130.199997
130.899994,131.899994,130.809998,131.830002
131.910004,132.580002,131.550003,132.440002
131.389999,131.759995,130.550003,130.929993
130.520004,130.949997,130.119995,130.190002
130.970001,131.589996,130.320007,130.610001
131.789993,132.070007,131.440002,131.740005
130.679993,130.699997,130.320007,130.5
130.419998,130.759995,130.320007,130.580002
130.389999,130.75,130.300003,130.679993
130.800003,131.25,130.789993,131.130005
131.100006,131.710007,131.089996,131.460007
131.389999,131.759995,131.130005,131.690002
132.740005,132.860001,131.949997,132.350006
131.860001,132.720001,131.580002,132.539993
132.910004,133.509995,132.589996,132.889999
132.509995,132.529999,131.380005,131.429993
132.160004,132.529999,132.080002,132.410004
132.789993,133.089996,132.720001,132.820007
132.679993,132.699997,131.880005,131.970001
132.309998,133.089996,131.990005,132.899994
132.580002,133.080002,132.449997,132.809998
132.570007,132.75,131.589996,132.240005
132.570007,133.389999,132.460007,133.259995
133.520004,134.289993,133.509995,134.210007
132.539993,132.550003,131.669998,132.429993
133.050003,133.220001,132.610001,132.610001
132.679993,132.710007,132.160004,132.559998
132.350006,132.440002,131.509995,131.830002
131.309998,131.410004,129.759995,130.070007
129.919998,130.449997,129.679993,130.220001
130.449997,131.050003,130.449997,130.970001
130.169998,130.600006,129.960007,130.580002
131.059998,132.020004,131.050003,131.990005
131.470001,132.320007,131.240005,132.0
131.589996,131.929993,131.509995,131.690002
132.470001,132.490005,131.740005,131.940002
131.600006,131.740005,130.970001,131.220001
131.600006,131.899994,131.470001,131.789993
131.25,131.410004,130.509995,131.160004
131.699997,131.779999,131.25,131.470001
131.820007,131.949997,131.399994,131.509995
132.0,132.100006,131.429993,131.830002
131.699997,133.330002,131.660004,132.889999
133.389999,135.389999,133.259995,135.259995
135.660004,136.509995,135.399994,136.509995
138.139999,138.889999,137.660004,138.869995
138.199997,139.979996,138.089996,139.979996
142.399994,143.059998,139.779999,140.029999
139.139999,140.429993,137.979996,140.330002
140.669998,141.550003,139.869995,140.050003
141.720001,143.429993,141.509995,142.970001
143.809998,143.910004,141.949997,142.479996
145.160004,145.729996,144.710007,145.690002
145.949997,148.600006,145.580002,147.309998
146.059998,146.509995,144.839996,146.130005
143.570007,144.660004,143.509995,144.039993
145.279999,145.619995,144.839996,145.529999
144.720001,145.789993,144.289993,144.559998
144.0,144.699997,143.479996,143.600006
143.520004,146.270004,143.429993,145.960007
145.869995,146.289993,145.289993,145.369995
146.630005,147.720001,146.479996,147.610001
148.779999,148.899994,147.660004,147.800003
147.25,147.339996,146.130005,147.240005
146.610001,147.479996,146.360001,147.279999
147.089996,148.669998,146.570007,147.210007
146.529999,147.619995,146.479996,147.429993
145.660004,145.800003,143.889999,144.759995
145.259995,146.029999,145.080002,145.789993
143.830002,144.0,143.190002,143.199997
142.839996,143.289993,140.660004,140.690002
140.399994,141.149994,140.389999,140.440002
141.5,141.800003,139.059998,139.520004
138.279999,138.710007,136.539993,136.539993
137.880005,138.570007,137.25,138.279999
138.360001,139.600006,138.020004,139.029999
139.929993,140.660004,139.529999,139.619995
140.759995,140.990005,139.970001,140.039993
140.770004,141.979996,140.440002,141.889999
142.240005,143.160004,141.699997,141.860001
142.419998,143.850006,142.410004,143.570007
143.259995,143.550003,141.139999,141.470001
142.270004,142.990005,141.899994,142.380005
142.320007,142.979996,142.139999,142.729996
141.880005,143.089996,141.839996,143.080002
141.259995,143.910004,141.139999,143.259995
143.460007,144.270004,143.240005,143.610001
143.979996,145.669998,143.919998,144.919998
145.350006,146.029999,145.199997,145.990005
145.160004,145.529999,144.710007,144.779999
145.820007,145.929993,144.619995,145.169998
144.600006,144.610001,143.800003,144.350006
143.119995,143.179993,141.729996,142.199997
140.979996,141.100006,139.710007,140.440002
141.479996,141.509995,141.080002,141.460007
140.669998,140.949997,139.550003,139.75
139.639999,140.059998,139.350006,139.919998
139.520004,140.380005,139.300003,139.580002
139.809998,140.229996,139.449997,139.580002
138.570007,138.990005,138.229996,138.529999
139.380005,139.529999,138.639999,139.339996
140.029999,140.309998,139.360001,139.479996
139.679993,140.240005,139.029999,139.199997
139.529999,139.550003,138.309998,138.520004
137.580002,137.580002,136.990005,137.259995
137.619995,137.740005,137.169998,137.350006
137.770004,139.449997,137.770004,139.360001
140.479996,141.679993,140.429993,141.240005
140.729996,141.270004,139.789993,140.559998
138.970001,139.139999,138.529999,138.710007
137.220001,137.440002,136.729996,137.149994
138.020004,138.410004,137.339996,137.979996
136.350006,136.360001,134.449997,135.479996
135.149994,135.949997,134.779999,134.910004
135.380005,135.389999,134.639999,135.0
135.279999,135.949997,134.789993,135.619995
136.809998,136.960007,136.169998,136.5
137.800003,138.440002,137.669998,137.910004
137.479996,138.160004,137.429993,137.759995
138.210007,138.610001,137.929993,138.009995
138.369995,139.240005,138.369995,139.160004
139.910004,140.600006,139.770004,140.600006
139.639999,140.080002,139.119995,139.720001
140.100006,140.279999,139.679993,139.899994
140.300003,140.529999,140.179993,140.309998
141.0,141.309998,140.940002,141.130005
140.600006,140.910004,140.419998,140.720001
140.619995,140.679993,139.779999,140.419998
138.139999,138.669998,137.949997,138.309998
140.039993,141.770004,139.929993,141.210007
140.339996,140.5,139.210007,139.800003
138.660004,139.440002,138.600006,139.119995
138.029999,139.119995,137.860001,138.350006
138.990005,139.110001,138.570007,138.649994
139.179993,139.350006,138.410004,138.660004
139.300003,140.139999,139.229996,139.75
139.190002,139.279999,136.610001,137.449997
138.119995,139.610001,137.229996,139.039993
138.399994,138.460007,137.429993,137.789993
138.210007,138.339996,137.210007,137.600006
137.300003,137.449997,136.279999,136.470001
136.0,136.860001,135.759995,136.470001
136.130005,136.690002,135.929993,136.649994
136.809998,136.970001,136.0,136.449997
135.919998,137.059998,135.889999,136.839996
136.910004,137.220001,136.509995,137.169998
137.440002,137.630005,137.289993,137.320007
135.889999,136.899994,135.660004,136.820007
136.210007,136.460007,135.380005,135.479996
136.789993,137.529999,136.669998,137.009995
138.270004,139.160004,137.880005,139.119995
139.690002,139.710007,138.149994,138.330002
138.220001,138.470001,137.639999,137.649994
137.929993,138.309998,136.320007,136.740005
136.0,137.440002,135.910004,137.220001
137.669998,138.470001,137.630005,138.440002
137.880005,138.089996,137.389999,138.020004
138.179993,138.820007,138.139999,138.729996
139.520004,139.759995,139.020004,139.649994
139.259995,139.529999,138.740005,139.210007
137.580002,138.139999,137.360001,138.020004
138.809998,139.649994,138.770004,139.470001
139.720001,140.139999,139.589996,139.960007
140.850006,141.380005,140.779999,140.940002
141.419998,142.550003,141.300003,142.080002
143.949997,144.289993,143.5,144.289993
143.929993,144.089996,142.820007,143.160004
143.440002,144.699997,143.429993,144.559998
144.899994,145.669998,144.289993,144.580002
145.169998,145.990005,145.089996,145.899994
144.949997,145.759995,144.119995,145.539993
143.990005,144.139999,143.059998,143.580002
142.300003,142.699997,141.899994,142.009995
142.179993,142.880005,142.0,142.649994
144.220001,144.740005,143.869995,144.429993
145.100006,145.25,144.679993,144.830002
144.589996,144.720001,143.940002,144.100006
143.369995,143.550003,142.990005,143.369995
143.440002,144.199997,143.270004,143.919998
144.759995,145.080002,144.449997,144.550003
145.339996,146.050003,144.919998,145.539993
145.119995,145.619995,144.979996,145.529999
146.080002,146.940002,146.0,146.669998
147.800003,148.880005,147.649994,148.039993
150.830002,150.960007,150.0,150.25
150.210007,151.759995,150.139999,151.050003
149.949997,151.720001,149.580002,150.25
152.699997,153.080002,150.830002,151.880005
154.449997,155.979996,154.160004,155.309998
155.300003,156.5,153.759995,153.940002
153.809998,159.699997,152.360001,156.330002
156.410004,157.350006,154.190002,154.669998
157.130005,158.820007,156.809998,158.520004
167.300003,169.330002,164.110001,166.770004
179.100006,179.699997,170.339996,171.289993
169.639999,172.929993,162.029999,162.509995
165.429993,167.029999,155.630005,156.529999
163.509995,166.360001,155.660004,157.5
155.0,158.199997,152.190002,153.940002
160.380005,166.149994,157.809998,163.910004
163.5,165.630005,152.710007,152.979996
152.839996,154.139999,139.009995,144.350006
146.949997,153.449997,145.25,148.279999
153.300003,159.429993,152.110001,159.429993
157.5,166.690002,156.570007,166.0
161.25,165.449997,160.410004,162.910004
163.589996,166.679993,161.619995,162.539993
164.0,165.679993,162.270004,163.339996
165.520004,168.25,164.589996,167.699997
168.300003,170.110001,165.940002,166.320007
165.699997,166.919998,164.559998,164.970001
168.479996,168.960007,166.399994,167.039993
168.830002,169.220001,167.259995,168.100006
168.550003,170.330002,168.139999,168.5
167.0,168.270004,166.529999,168.059998
164.960007,166.419998,163.710007,166.300003
165.110001,166.190002,164.130005,165.089996
164.279999,165.789993,163.779999,165.389999
164.75,165.710007,163.880005,163.880005
163.839996,164.740005,163.479996,163.839996
166.800003,168.600006,166.740005,168.179993
169.259995,170.320007,169.020004,170.089996
169.820007,170.839996,167.270004,167.809998
168.440002,169.289993,167.960007,169.160004
171.929993,172.149994,170.779999,171.289993
169.970001,170.389999,168.710007,169.539993
169.869995,170.929993,169.610001,170.440002
169.610001,170.839996,169.570007,170.839996
169.660004,169.75,167.440002,167.660004
168.550003,169.850006,168.449997,169.589996
169.529999,170.259995,167.960007,168.710007
168.740005,169.229996,166.710007,166.740005
167.5,168.110001,166.440002,167.949997
167.559998,167.679993,166.479996,167.160004
165.570007,166.270004,165.270004,166.089996
163.229996,163.639999,162.050003,163.410004
163.559998,166.369995,163.339996,166.139999
164.490005,165.399994,163.679993,163.979996
163.660004,164.220001,162.100006,162.699997
163.160004,164.929993,163.130005,164.369995
165.089996,166.289993,164.830002,165.520004
167.320007,168.149994,167.050003,167.139999
168.300003,168.490005,166.330002,166.710007
164.929993,165.059998,162.419998,163.050003
162.520004,163.699997,162.479996,163.660004
163.169998,164.699997,162.880005,164.149994
164.860001,165.360001,164.289993,164.559998
164.720001,165.679993,164.610001,165.550003
163.710007,163.789993,162.979996,163.330002
162.789993,163.910004,162.589996,163.029999
161.960007,162.570007,161.660004,162.429993
162.710007,164.089996,162.350006,163.589996
162.100006,162.440002,161.669998,162.279999
161.669998,162.089996,161.25,161.690002
160.179993,160.330002,158.940002,159.539993
158.919998,159.009995,157.190002,157.229996
154.610001,156.160004,153.160004,156.110001
155.070007,156.850006,155.050003,156.710007
159.050003,159.639999,158.300003,158.490005
159.240005,160.899994,159.050003,160.839996
163.25,164.229996,162.630005,163.880005
162.410004,163.660004,162.050003,162.300003
163.889999,164.220001,162.139999,162.389999
159.410004,161.229996,158.699997,159.899994
160.270004,160.770004,159.339996,160.559998
162.039993,162.479996,161.610001,162.259995
161.0,162.5,160.910004,162.389999
163.190002,163.419998,162.070007,162.410004
161.479996,162.059998,161.119995,161.300003
161.529999,163.089996,161.520004,163.029999
164.210007,164.350006,163.399994,163.5
164.25,165.320007,164.179993,165.25
164.850006,165.270004,164.380005,164.729996
165.229996,165.289993,163.479996,163.929993
162.809998,163.559998,162.149994,163.419998
162.699997,163.740005,162.240005,163.589996
162.330002,163.020004,161.75,162.919998
163.419998,165.339996,163.199997,165.210007
164.320007,164.919998,163.830002,164.550003
164.660004,167.449997,164.600006,167.169998
167.949997,168.210007,166.160004,166.330002
165.5,166.960007,165.229996,166.880005
167.929993,168.139999,166.979996,167.119995
165.919998,166.949997,165.830002,166.339996
167.399994,167.770004,167.039993,167.130005
167.270004,167.399994,166.470001,166.779999
167.509995,167.619995,166.800003,167.190002
167.300003,167.720001,167.080002,167.289993
168.259995,168.460007,167.690002,167.789993
168.919998,169.880005,168.479996,169.75
169.009995,169.919998,168.869995,169.740005
170.25,170.300003,168.990005,169.110001
169.539993,170.339996,169.429993,170.279999
170.050003,170.389999,168.979996,169.990005
171.050003,171.259995,170.75,171.110001
170.149994,171.460007,169.940002,171.0
169.240005,169.990005,168.970001,169.949997
170.830002,171.580002,170.720001,171.570007
170.059998,170.559998,169.690002,170.070007
171.380005,172.25,170.619995,171.020004
171.279999,171.5,169.580002,169.880005
170.220001,170.25,169.070007,169.119995
167.169998,167.490005,165.880005,167.110001
165.699997,166.070007,164.990005,165.589996
165.309998,165.580002,163.169998,163.820007
163.809998,164.149994,163.160004,163.179993
163.970001,164.460007,163.429993,163.589996
164.360001,164.869995,164.089996,164.759995
165.369995,165.610001,163.300003,163.729996
165.389999,165.649994,164.929993,165.210007
165.770004,166.330002,165.009995,166.199997
166.320007,166.970001,165.860001,165.929993
164.350006,165.089996,163.830002,164.660004
164.050003,164.330002,163.279999,164.029999
164.759995,164.820007,161.160004,161.240005
161.770004,162.050003,160.639999,161.119995
161.600006,163.25,161.559998,162.190002
161.759995,164.070007,161.179993,163.860001
163.509995,165.559998,163.490005,165.419998
165.75,167.240005,165.440002,165.889999
164.410004,164.699997,162.449997,162.740005
164.369995,165.259995,163.740005,163.740005
163.940002,164.25,162.759995,163.300003
162.460007,164.350006,161.949997,164.130005
164.309998,164.570007,164.080002,164.479996
164.789993,165.080002,164.229996,164.470001
164.169998,164.470001,163.789993,164.070007
164.779999,164.889999,162.979996,163.580002
164.899994,164.960007,163.800003,164.080002
164.169998,164.240005,163.339996,163.570007
164.889999,165.399994,164.139999,164.399994
164.440002,164.880005,163.869995,164.270004
164.300003,164.529999,163.479996,164.490005
164.960007,165.119995,164.619995,165.119995
165.110001,165.419998,164.710007,165.119995
164.869995,164.899994,164.369995,164.649994
164.800003,165.240005,164.559998,164.839996
164.0,164.0,162.550003,163.259995
162.509995,163.740005,162.100006,163.360001
163.610001,163.669998,162.179993,162.75
160.949997,160.949997,159.520004,159.570007
159.330002,161.410004,158.679993,160.429993
159.559998,160.419998,158.860001,159.259995
159.970001,160.25,159.660004,160.119995
159.520004,160.270004,158.809998,160.089996
160.429993,160.679993,160.110001,160.600006
161.210007,161.830002,161.179993,161.75
162.330002,162.75,161.970001,162.119995
163.039993,163.190002,161.639999,161.839996
161.660004,162.320007,161.100006,161.389999
160.5,160.979996,160.050003,160.779999
159.860001,160.009995,158.949997,159.25
158.789993,159.369995,158.369995,158.699997
158.289993,158.630005,156.970001,157.050003
156.809998,158.210007,156.75,158.009995
159.210007,160.020004,159.009995,159.479996
160.229996,160.699997,159.899994,160.550003
161.380005,161.460007,160.199997,160.699997
160.729996,160.830002,158.470001,159.139999
159.029999,159.350006,157.570007,157.570007
158.699997,159.190002,158.330002,158.580002
157.850006,157.979996,157.039993,157.660004
161.639999,162.169998,160.539993,161.080002
161.639999,161.740005,160.580002,161.360001
159.619995,159.919998,158.940002,159.410004
155.970001,156.149994,154.630005,156.059998
154.960007,155.809998,154.779999,155.160004
155.020004,155.940002,154.970001,155.720001
156.940002,158.399994,156.710007,158.369995
158.360001,158.5,157.910004,158.160004
157.729996,158.279999,157.610001,157.779999
158.770004,159.160004,158.589996,158.809998
159.440002,159.570007,158.350006,159.270004
159.970001,160.720001,159.839996,160.089996
160.529999,161.539993,160.389999,161.509995
160.820007,160.990005,160.279999,160.770004
159.990005,160.020004,159.009995,159.169998
159.25,159.910004,158.619995,158.679993
159.610001,160.270004,159.580002,160.220001
160.029999,160.529999,159.759995,160.020004
158.550003,158.740005,156.679993,157.5
156.880005,156.929993,155.479996,156.25
156.940002,157.820007,156.580002,157.509995
155.690002,155.789993,154.770004,155.199997
156.350006,156.880005,156.179993,156.600006
157.570007,158.070007,157.199997,157.339996
156.550003,157.320007,156.009995,156.820007
157.240005,158.289993,156.830002,158.210007
158.649994,159.389999,158.320007,158.770004
157.490005,158.690002,157.110001,158.330002
157.779999,158.389999,157.309998,157.800003
156.580002,157.889999,156.389999,157.380005
158.130005,158.460007,156.429993,156.800003
157.119995,157.380005,156.179993,156.330002
157.199997,157.339996,156.449997,156.949997
157.559998,157.830002,157.080002,157.759995
156.619995,156.690002,155.460007,156.669998
156.899994,157.429993,156.850006,157.289993
156.380005,157.449997,156.100006,157.360001
156.389999,157.289993,156.360001,157.160004
156.820007,157.529999,156.679993,157.5
157.460007,158.080002,157.449997,157.729996
156.669998,158.179993,156.539993,157.539993
156.949997,156.949997,155.660004,156.369995
153.820007,153.850006,152.289993,153.160004
151.789993,152.169998,151.259995,151.809998
151.479996,151.960007,150.660004,151.320007
151.0,151.210007,150.490005,151.070007
150.789993,151.160004,149.929993,150.949997
151.660004,153.070007,151.570007,152.649994
152.580002,152.639999,150.789993,151.220001
152.190002,152.360001,151.470001,151.820007
151.619995,152.360001,151.509995,152.309998
151.990005,152.479996,151.789993,152.460007
151.440002,151.75,151.100006,151.389999
151.850006,152.009995,151.419998,151.880005
152.759995,153.690002,152.639999,153.669998
153.100006,153.600006,152.919998,153.380005
154.070007,154.5,153.529999,153.770004
153.399994,153.460007,152.160004,152.919998
151.419998,152.490005,151.300003,152.0
151.660004,152.360001,151.490005,152.0
150.740005,151.089996,150.520004,151.020004
150.429993,150.589996,149.580002,149.679993
149.160004,149.490005,148.800003,149.279999
149.100006,149.570007,148.020004,148.029999
148.300003,149.259995,148.039993,148.679993
149.220001,149.669998,148.660004,148.789993
149.279999,149.779999,149.139999,149.779999
149.679993,149.789993,148.75,148.960007
147.699997,148.080002,147.029999,147.110001
145.220001,145.660004,144.660004,144.869995
145.949997,146.380005,144.979996,145.789993
144.610001,145.600006,144.320007,145.199997
144.059998,144.320007,142.850006,143.270004
143.029999,143.740005,141.720001,142.179993
141.520004,142.5,141.139999,141.770004
139.350006,141.179993,139.160004,140.839996
139.520004,139.919998,136.610001,138.539993
140.770004,143.300003,139.679993,143.119995
140.660004,141.410004,140.089996,141.059998
140.399994,141.130005,140.289993,141.070007
139.380005,140.149994,138.759995,139.539993
139.630005,139.940002,137.960007,138.639999
138.169998,139.339996,137.990005,138.910004
138.830002,138.899994,137.830002,137.830002
139.270004,139.820007,138.970001,139.740005
139.800003,140.149994,139.279999,140.020004
139.169998,139.380005,138.460007,139.009995
136.399994,136.460007,135.649994,136.059998
136.490005,137.089996,136.410004,136.860001
137.020004,137.119995,135.75,136.309998
135.149994,135.529999,134.149994,135.289993
133.309998,134.470001,133.190002,133.919998
134.080002,134.830002,133.800003,134.75
135.690002,136.410004,135.369995,136.259995
136.589996,137.539993,136.149994,137.490005
137.059998,138.279999,136.949997,138.229996
138.389999,138.660004,137.089996,137.139999
136.419998,137.240005,136.220001,136.660004
136.830002,136.850006,134.970001,135.5
135.300003,136.509995,135.009995,136.210007
136.339996,136.589996,134.979996,135.449997
136.550003,137.619995,136.300003,137.509995
136.550003,136.970001,135.940002,136.910004
137.160004,137.979996,137.009995,137.839996
137.449997,138.100006,136.880005,136.880005
137.389999,138.070007,137.360001,138.009995
137.5,138.190002,137.089996,137.509995
137.460007,137.529999,137.100006,137.449997
137.300003,138.509995,137.199997,138.479996
138.029999,138.240005,137.570007,138.039993
139.490005,140.979996,139.460007,140.350006
139.100006,139.729996,138.929993,139.259995
138.740005,139.309998,138.550003,138.860001
138.449997,139.759995,138.429993,139.5
139.539993,139.910004,139.070007,139.779999
140.0,140.389999,139.199997,140.389999
140.380005,140.470001,139.490005,140.059998
140.149994,140.509995,139.850006,139.860001
139.589996,139.820007,138.529999,138.639999
138.649994,138.889999,137.960007,138.729996
137.449997,138.360001,137.130005,138.320007
138.509995,138.729996,137.979996,138.639999
138.699997,139.649994,138.279999,138.520004
139.490005,140.160004,139.160004,139.460007
139.029999,139.850006,138.919998,139.690002
139.25,140.190002,139.199997,139.919998
140.100006,140.600006,138.910004,139.229996
138.949997,139.25,137.690002,137.820007
137.229996,137.479996,136.770004,137.039993
136.669998,136.800003,135.360001,135.600006
135.929993,136.369995,135.630005,135.809998
136.529999,137.080002,136.220001,137.080002
136.830002,137.169998,136.570007,136.789993
136.399994,136.570007,136.070007,136.440002
136.539993,137.300003,135.619995,136.110001
136.759995,137.490005,136.669998,137.229996
137.660004,137.699997,137.059998,137.669998
137.990005,138.580002,137.889999,138.179993
138.630005,139.5,138.619995,139.460007
139.589996,139.910004,138.880005,139.220001
138.5,138.690002,137.990005,138.660004
138.580002,139.300003,138.339996,138.440002
137.820007,138.259995,137.25,138.210007
138.550003,138.789993,138.320007,138.529999
138.509995,138.509995,137.850006,138.009995
138.520004,139.899994,138.520004,139.899994
139.589996,139.710007,139.320007,139.470001
140.660004,140.660004,140.210007,140.449997
141.759995,142.149994,141.25,141.690002
140.830002,142.559998,140.679993,142.539993
142.309998,142.399994,141.839996,142.309998
142.100006,142.100006,141.009995,141.220001
140.800003,141.089996,140.479996,141.050003
141.399994,141.669998,140.210007,140.929993
141.860001,144.929993,141.639999,143.039993
144.279999,146.039993,144.119995,145.729996
144.389999,144.490005,143.020004,143.289993
142.169998,143.679993,142.119995,143.639999
143.110001,143.5,142.710007,143.270004
143.419998,143.899994,143.330002,143.5
143.259995,143.399994,141.369995,142.009995
142.720001,143.800003,142.699997,143.470001
143.100006,143.720001,143.039993,143.710007
144.25,144.929993,144.070007,144.350006
143.979996,144.309998,143.529999,144.169998
144.229996,145.039993,144.110001,145.039993
145.720001,146.990005,145.720001,146.740005
147.570007,148.559998,147.220001,148.039993
148.880005,149.440002,148.169998,148.619995
146.869995,146.990005,146.490005,146.529999
147.089996,147.229996,146.169998,146.339996
146.820007,147.460007,144.639999,145.220001
146.009995,146.919998,145.809998,146.869995
147.949997,148.600006,147.029999,148.490005
147.339996,148.339996,147.320007,148.210007
150.949997,151.949997,150.619995,151.460007
152.529999,152.710007,149.759995,150.0
148.179993,148.5,146.669998,148.100006
148.110001,149.809998,148.059998,149.5
147.940002,148.660004,147.889999,148.5
149.0,149.059998,147.880005,148.059998
149.330002,149.690002,148.990005,149.639999
148.669998,149.669998,148.270004,149.649994
148.779999,149.220001,148.529999,148.820007
149.130005,149.720001,149.059998,149.520004
149.449997,151.229996,149.179993,150.669998
150.75,151.229996,150.389999,150.75
151.5,151.820007,149.720001,151.059998
150.759995,150.919998,150.0,150.289993
148.320007,148.759995,147.690002,147.779999
148.149994,148.559998,147.229996,147.25
147.490005,147.570007,146.559998,146.570007
146.410004,147.229996,145.710007,146.479996
146.089996,146.440002,145.429993,146.240005
146.830002,148.559998,146.809998,148.550003
149.190002,150.020004,148.809998,148.910004
148.880005,149.470001,148.669998,148.850006
148.710007,149.470001,148.449997,149.350006
150.309998,150.460007,149.809998,150.449997
150.589996,150.809998,150.110001,150.550003
150.199997,150.5,149.919998,150.449997
149.759995,150.070007,149.279999,149.279999
149.210007,149.369995,147.580002,148.039993
147.970001,148.570007,147.509995,148.449997
148.570007,149.490005,148.330002,149.460007
148.990005,149.899994,148.929993,149.850006
149.669998,150.089996,148.5,148.830002
149.270004,149.389999,148.490005,148.889999
149.240005,149.550003,148.75,149.539993
148.270004,148.509995,147.940002,148.179993
147.259995,147.520004,146.660004,146.929993
147.660004,148.190002,147.389999,147.929993
148.169998,149.889999,147.850006,149.720001
148.899994,149.169998,148.160004,148.399994
149.039993,149.490005,148.949997,149.300003
149.729996,151.570007,149.580002,151.110001
151.210007,151.25,149.929993,150.580002
149.669998,150.449997,149.5,149.889999
149.179993,149.360001,148.699997,149.169998
150.570007,151.369995,150.229996,151.020004
150.710007,150.960007,150.199997,150.889999
150.789993,151.789993,150.440002,151.789993
150.419998,150.449997,148.339996,148.360001
147.839996,147.850006,146.740005,146.910004
146.059998,146.869995,145.880005,146.369995
144.330002,145.070007,143.639999,144.089996
144.800003,145.429993,143.690002,144.339996
144.100006,144.509995,143.649994,144.320007
144.850006,145.399994,144.199997,145.350006
144.669998,145.460007,144.100006,144.979996
144.600006,144.699997,143.460007,143.580002
144.229996,144.720001,144.029999,144.389999
143.190002,143.339996,142.589996,142.880005
142.259995,142.350006,141.529999,141.880005
141.600006,141.899994,141.449997,141.520004
142.630005,144.009995,142.479996,143.940002
144.610001,145.529999,144.580002,145.339996
145.369995,145.960007,144.949997,145.880005
145.0,145.139999,144.470001,145.029999
145.0,146.0,144.520004,145.710007
144.660004,144.729996,143.649994,143.699997
143.25,143.679993,142.509995,142.729996
143.0,143.149994,142.229996,142.559998
143.449997,144.399994,143.210007,144.130005
143.669998,144.300003,143.630005,143.910004
144.619995,145.100006,143.740005,145.100006
146.399994,148.179993,145.929993,147.740005
147.789993,148.330002,146.839996,147.240005
146.470001,148.0,146.320007,147.690002
145.800003,146.759995,145.699997,146.440002
146.5,147.570007,146.5,147.089996
147.820007,147.979996,145.529999,145.570007
145.869995,147.360001,145.850006,147.100006
148.520004,149.580002,148.130005,149.300003
148.960007,149.279999,148.509995,149.020004
150.800003,151.770004,150.639999,150.960007
150.830002,150.929993,147.029999,148.199997
148.509995,148.660004,147.889999,147.979996
148.0,148.509995,146.759995,147.330002
146.889999,146.960007,145.220001,145.479996
145.690002,146.380005,144.850006,145.110001
144.570007,146.289993,144.460007,146.259995
145.990005,146.899994,145.949997,146.809998
147.580002,148.600006,147.580002,148.360001
147.399994,147.639999,146.130005,146.619995
145.929993,146.110001,144.5,144.5
144.940002,146.820007,144.789993,146.820007
148.830002,150.679993,148.669998,150.529999
148.309998,149.639999,148.169998,149.320007
150.830002,152.070007,150.25,151.589996
150.490005,152.410004,149.789993,152.339996
152.929993,152.990005,150.759995,152.529999
151.679993,155.119995,151.350006,154.350006
154.050003,154.350006,151.929993,152.229996
151.720001,152.529999,150.860001,151.0
150.470001,150.479996,148.360001,148.389999
149.339996,149.839996,148.479996,149.220001
149.919998,150.240005,148.809998,148.860001
150.389999,151.309998,150.309998,151.059998
150.369995,150.929993,149.309998,150.699997
149.610001,150.789993,149.130005,149.25
148.75,149.880005,148.729996,149.139999
150.339996,150.979996,150.160004,150.830002
150.75,151.020004,149.600006,149.699997
148.139999,149.199997,147.619995,149.130005
149.729996,149.860001,149.020004,149.820007
149.589996,149.600006,148.029999,148.520004
148.460007,149.009995,148.320007,148.880005
149.600006,149.779999,148.009995,148.289993
146.910004,147.309998,146.410004,146.669998
147.25,147.970001,146.449997,147.899994
147.809998,149.029999,147.429993,148.190002
146.410004,146.940002,144.279999,144.300003
143.610001,144.130005,142.740005,143.699997
144.139999,144.160004,142.710007,142.919998
142.589996,143.440002,142.289993,143.289993
143.130005,143.240005,141.559998,142.259995
141.649994,142.809998,141.360001,142.610001
142.880005,143.630005,142.699997,143.559998
143.899994,144.009995,143.0,143.009995
143.389999,144.419998,143.029999,144.279999
143.419998,143.460007,141.789993,142.100006
140.960007,141.309998,140.020004,140.100006
140.529999,141.710007,140.309998,141.070007
141.369995,141.990005,141.089996,141.940002
143.399994,144.100006,142.669998,143.630005
144.300003,144.369995,142.429993,142.449997
143.110001,143.710007,141.800003,142.220001
142.259995,142.570007,140.490005,140.5
142.410004,143.369995,142.330002,143.080002
142.089996,143.460007,141.850006,143.130005
142.179993,142.949997,141.960007,142.389999
142.279999,142.360001,141.059998,141.720001
141.949997,143.570007,141.929993,142.199997
140.440002,141.479996,140.179993,141.089996
139.850006,140.139999,138.779999,139.009995
138.910004,139.309998,138.550003,139.100006
138.210007,138.580002,137.820007,138.169998
138.720001,139.369995,138.190002,138.429993
137.660004,137.830002,135.839996,136.229996
136.869995,138.509995,135.360001,138.25
137.130005,137.740005,135.970001,136.529999
135.600006,135.839996,134.940002,134.979996
135.949997,136.070007,134.509995,135.779999
136.449997,137.570007,135.899994,136.789993
137.520004,138.369995,137.160004,138.229996
137.690002,138.669998,137.470001,138.589996
137.679993,137.850006,136.570007,136.679993
139.100006,139.369995,136.25,136.770004
136.860001,137.309998,136.179993,136.869995
138.429993,140.039993,138.320007,139.869995
140.360001,142.330002,140.0,141.300003
139.839996,140.419998,136.410004,136.470001
137.490005,138.699997,137.020004,137.860001
140.360001,140.820007,139.309998,140.240005
139.119995,140.639999,138.770004,139.169998
137.509995,138.25,137.25,137.770004
137.070007,137.339996,136.130005,136.419998
134.830002,135.169998,133.720001,134.460007
134.330002,135.449997,134.210007,134.910004
132.699997,132.889999,131.720001,131.759995
132.860001,133.149994,131.190002,131.529999
131.830002,133.130005,130.320007,132.820007
132.820007,133.339996,131.070007,131.830002
132.570007,133.539993,132.570007,133.440002
131.279999,131.669998,129.75,130.350006
128.960007,129.339996,128.339996,128.679993
129.369995,131.600006,128.860001,131.5
129.649994,131.179993,129.600006,130.470001
129.5,129.520004,127.650002,128.660004
129.389999,130.559998,129.039993,129.759995
130.559998,131.550003,129.740005,130.740005
130.070007,132.009995,129.990005,131.759995
131.979996,132.669998,131.660004,132.080002
130.009995,132.960007,129.710007,132.380005
131.929993,131.979996,130.710007,131.460007
130.759995,130.779999,128.289993,128.490005
126.43,128.300003,126.400002,127.449997
126.110001,126.669998,125.410004,126.489998
125.449997,125.830002,124.260002,125.120003
123.919998,124.190002,122.559998,123.139999
124.050003,124.160004,122.669998,122.970001
123.050003,124.300003,122.889999,123.220001
122.860001,122.93,120.379997,120.75
120.870003,121.080002,119.690002,120.150002
119.150002,119.720001,118.669998,119.25
120.220001,121.970001,119.919998,121.650002
120.830002,120.910004,119.169998,120.75
120.07,121.440002,119.809998,119.989998
121.379997,122.190002,121.129997,121.190002
122.440002,123.029999,121.760002,122.410004
122.190002,122.32,120.769997,120.839996
120.389999,121.07,120.010002,121.019997
119.309998,120.970001,119.110001,119.449997
117.860001,118.269997,116.93,117.18
119.040001,119.309998,117.889999,117.970001
117.970001,118.970001,117.349998,118.620003
116.349998,116.470001,114.019997,115.370003
114.139999,115.040001,113.309998,113.669998
112.860001,114.709999,112.620003,114.669998
115.889999,116.959999,115.480003,115.709999
114.739998,117.940002,114.440002,117.940002
118.019997,118.889999,117.660004,117.720001
116.980003,117.150002,115.900002,115.980003
116.209999,116.940002,115.849998,115.860001
114.709999,115.349998,114.360001,114.459999
114.720001,117.0,114.610001,116.900002
118.639999,118.720001,116.849998,117.18
117.089996,119.019997,117.059998,118.510002
117.709999,118.25,116.540001,116.559998
117.900002,119.639999,117.860001,118.860001
119.610001,119.620003,118.589996,119.330002
119.019997,119.089996,117.800003,118.790001
119.360001,119.739998,118.739998,119.080002
117.18,117.230003,115.93,116.559998
117.029999,117.339996,115.690002,116.220001
116.629997,116.709999,115.459999,116.279999
115.089996,116.059998,114.870003,116.029999
115.150002,115.510002,113.809998,113.889999
114.610001,115.779999,114.580002,115.120003
114.68,115.129997,114.080002,114.099998
113.839996,114.709999,113.68,114.480003
114.360001,114.610001,112.970001,113.769997
111.489998,111.669998,109.239998,110.199997
110.529999,110.980003,108.589996,108.809998
110.089996,110.989998,109.029999,110.839996
108.449997,111.720001,108.120003,111.720001
112.010002,112.830002,110.959999,112.080002
110.089996,111.019997,109.809998,110.18
112.690002,113.309998,112.379997,113.209999
113.900002,115.169998,113.489998,114.139999
113.459999,114.169998,112.5,112.559998
111.220001,112.220001,111.160004,111.599998
111.290001,112.18,110.870003,112.120003
112.379997,113.900002,112.169998,113.870003
114.860001,115.769997,114.75,114.870003
115.900002,117.589996,115.220001,115.82
116.889999,117.75,116.169998,116.730003
117.389999,117.540001,114.769997,114.769997
115.099998,115.169998,113.510002,113.760002
113.5,113.5,112.050003,112.5
113.790001,114.790001,113.699997,114.440002
115.510002,116.230003,114.970001,115.120003
113.769997,116.650002,113.449997,116.440002
115.080002,116.160004,114.470001,115.489998
115.839996,116.82,115.599998,116.139999
115.25,115.32,114.18,114.93
114.910004,115.150002,113.660004,114.309998
115.480003,115.550003,114.050003,114.610001
115.190002,116.720001,115.010002,116.589996
118.290001,119.269997,117.970001,118.550003
116.709999,117.540001,116.470001,117.389999
118.860001,119.239998,117.400002,117.480003
118.010002,118.489998,116.709999,116.82
118.050003,118.919998,117.32,117.75
117.699997,119.309998,117.330002,117.43
118.25,120.099998,118.080002,120.040001
120.150002,120.690002,117.290001,117.5
117.169998,119.489998,116.330002,119.349998
118.980003,119.550003,118.540001,119.309998
117.07,117.110001,115.889999,116.470001
117.639999,118.529999,117.559998,118.349998
117.730003,118.360001,117.459999,117.889999
117.730003,118.910004,116.730003,117.120003
116.870003,117.059998,114.089996,114.389999
115.099998,115.57,114.43,115.550003
116.330002,116.75,115.449997,115.449997
115.25,116.019997,114.239998,115.93
115.059998,115.099998,114.309998,114.720001
114.970001,115.639999,114.589996,114.889999
113.230003,113.339996,112.739998,113.040001
112.860001,112.959999,112.129997,112.660004
112.190002,113.480003,111.739998,112.040001
111.489998,111.870003,110.860001,111.220001
111.32,113.089996,110.989998,112.769997
112.300003,113.989998,112.010002,113.620003
112.940002,113.010002,112.129997,112.68
112.620003,113.510002,112.209999,112.959999
112.690002,113.339996,111.580002,111.879997
109.870003,110.25,108.940002,109.599998
109.68,110.559998,109.470001,110.220001
108.900002,108.970001,107.419998,107.489998
108.32,109.480003,108.209999,109.190002
108.839996,109.519997,108.050003,108.07
108.330002,108.800003,107.629997,108.309998
108.629997,108.889999,106.919998,107.419998
106.559998,107.739998,106.239998,107.669998
107.339996,108.209999,107.120003,108.040001
107.849998,108.190002,107.580002,107.970001
107.029999,108.050003,106.769997,107.07
106.959999,107.82,106.800003,107.32
105.690002,106.839996,105.400002,106.25
106.699997,108.040001,105.970001,108.029999
105.790001,105.959999,104.730003,105.269997
105.339996,106.43,104.559998,105.699997
105.360001,105.410004,103.220001,103.68
102.709999,102.980003,100.900002,100.949997
103.129997,104.449997,102.480003,104.330002
102.900002,104.230003,102.800003,103.790001
104.269997,104.860001,102.230003,102.449997
103.849998,104.68,103.150002,103.830002
104.150002,104.650002,103.300003,103.540001
102.730003,102.839996,101.580002,102.550003
102.589996,102.839996,101.529999,101.980003
100.809998,101.620003,100.470001,100.989998
100.5,100.510002,98.800003,99.419998
99.739998,100.900002,98.989998,99.860001
99.279999,100.540001,99.190002,100.349998
98.360001,100.379997,98.339996,99.389999
100.190002,100.190002,98.25,98.57
99.290001,99.660004,97.940002,98.089996
97.949997,98.459999,96.870003,98.32
97.190002,97.419998,96.32,96.529999
95.93,96.330002,94.739998,94.879997
93.019997,93.93,92.260002,93.169998
92.82,93.550003,91.849998,92.400002
94.580002,95.230003,94.440002,95.089996
95.769997,96.690002,95.769997,96.459999
96.980003,97.900002,96.220001,97.470001
96.860001,97.629997,96.410004,96.800003
96.360001,96.620003,95.029999,96.110001
97.379997,97.419998,96.209999,96.769997
96.910004,97.629997,95.959999,96.349998
95.169998,96.379997,95.089996,95.830002
95.099998,95.660004,94.220001,94.220001
94.800003,94.860001,93.239998,93.279999
93.800003,94.959999,93.769997,94.300003
93.82,95.019997,93.690002,94.610001
96.730003,98.43,96.639999,98.25
97.57,98.370003,97.540001,97.889999
97.910004,97.989998,97.089996,97.650002
98.25,99.300003,98.110001,99.230003
100.019997,101.449997,99.739998,101.400002
100.199997,100.57,99.779999,100.330002
100.599998,100.889999,99.550003,99.639999
100.690002,100.82,99.800003,100.059998
100.650002,101.620003,100.529999,101.480003
102.139999,103.25,102.080002,103.25
102.610001,102.93,102.43,102.900002
103.610001,103.809998,102.690002,103.190002
102.150002,102.959999,101.910004,101.980003
101.620003,102.730003,101.370003,102.730003
103.150002,105.809998,103.099998,105.760002
105.300003,107.099998,104.610001,107.089996
105.839996,105.989998,104.900002,105.589996
106.5,107.389999,106.190002,106.949997
108.370003,109.68,108.199997,109.470001
108.699997,109.449997,108.470001,109.169998
107.940002,108.169998,106.269997,106.330002
107.860001,108.110001,106.260002,106.669998
109.040001,109.080002,107.459999,107.699997
107.660004,108.32,106.889999,108.160004
108.389999,109.120003,108.160004,108.32
106.599998,107.830002,106.309998,107.110001
105.830002,105.839996,104.980003,105.309998
103.379997,103.809998,103.099998,103.440002
104.290001,104.400002,102.959999,103.699997
103.669998,104.120003,103.379997,103.68
102.580002,102.809998,102.019997,102.160004
100.489998,101.07,100.010002,100.139999
100.650002,100.779999,99.349998,99.550003
99.860001,100.989998,99.790001,100.68
99.870003,100.550003,99.370003,99.559998
102.199997,102.339996,100.839996,101.459999
103.220001,103.480003,102.209999,102.849998
101.870003,103.290001,101.779999,103.279999
102.699997,105.300003,102.639999,105.18
104.410004,105.93,104.269997,105.739998
104.529999,104.82,103.5,103.989998
104.970001,105.720001,104.699997,105.68
105.82,107.809998,104.559998,107.760002
107.099998,107.800003,106.379997,106.75
105.669998,106.660004,105.650002,106.059998
108.459999,108.769997,107.120003,108.629997
108.099998,108.370003,107.440002,107.949997
106.959999,107.239998,106.110001,106.199997
105.57,106.199997,105.489998,105.699997
106.120003,107.449997,105.389999,107.220001
107.370003,107.910004,106.639999,107.480003
107.139999,107.650002,106.489998,106.980003
106.190002,106.959999,106.110001,106.709999
106.459999,107.160004,106.190002,106.32
106.980003,107.279999,105.870003,107.169998
107.550003,108.589996,106.419998,108.18
108.919998,109.349998,108.089996,108.32
106.769997,107.110001,106.080002,106.699997
105.75,106.309998,105.68,105.910004
105.330002,106.230003,105.0,105.059998
105.040001,105.580002,104.389999,105.559998
106.470001,106.620003,104.389999,104.559998
104.400002,104.440002,103.120003,103.389999
103.709999,104.419998,103.580002,104.260002
104.199997,104.830002,103.139999,104.019997
103.550003,103.949997,102.5,103.050003
102.07,102.220001,101.330002,101.589996
101.099998,102.379997,100.970001,102.379997
101.010002,101.199997,100.279999,100.389999
100.989998,101.690002,100.949997,101.309998
101.540001,102.589996,101.470001,102.300003
101.440002,101.800003,100.559998,100.970001
101.290001,101.699997,100.910004,101.25
100.57,101.720001,100.279999,101.709999
100.82,101.029999,99.959999,100.370003
99.059998,99.650002,98.879997,99.480003
100.93,101.900002,100.57,101.889999
102.220001,102.339996,100.989998,101.099998
101.459999,102.370003,100.879997,101.720001
102.400002,102.970001,101.419998,101.82
101.550003,102.519997,101.330002,102.07
104.029999,105.690002,104.0,105.589996
108.199997,109.099998,105.040001,105.830002
105.139999,105.610001,103.75,104.089996
106.779999,107.709999,105.349998,106.099998
107.379997,108.029999,105.040001,105.269997
106.650002,107.730003,106.459999,106.849998
106.879997,106.959999,105.720001,105.910004
105.080002,105.419998,104.540001,105.0
104.660004,106.449997,104.440002,106.400002
105.360001,106.550003,104.82,106.400002
107.089996,107.43,106.260002,106.849998
105.050003,105.760002,104.330002,104.339996
104.239998,104.68,104.019997,104.529999
103.699997,104.449997,103.599998,104.32
104.459999,105.050003,104.269997,104.800003
105.349998,106.559998,105.080002,106.370003
105.879997,107.099998,105.699997,106.599998
105.779999,107.800003,105.75,107.129997
107.769997,108.370003,107.410004,108.25
108.419998,108.870003,108.389999,108.529999
107.639999,107.760002,106.559998,106.779999
107.050003,107.089996,106.510002,107.0
107.050003,107.169998,105.879997,106.889999
107.050003,107.389999,105.879997,106.050003
105.389999,105.550003,104.769997,105.080002
104.419998,104.589996,103.709999,103.830002
103.809998,104.589996,103.800003,104.199997
103.910004,104.239998,103.480003,104.099998
104.830002,105.279999,104.75,104.989998
105.300003,105.459999,104.269997,104.400002
104.959999,105.489998,104.839996,105.410004
106.330002,107.129997,106.279999,106.959999
106.790001,107.239998,105.669998,105.82
105.199997,105.269997,104.610001,104.769997
106.209999,106.760002,105.860001,106.459999
105.269997,105.419998,102.839996,103.129997
104.0,105.699997,103.889999,105.699997
106.0,106.599998,105.279999,106.290001
105.220001,106.449997,105.150002,105.239998
104.349998,104.900002,104.110001,104.889999
103.519997,103.870003,103.32,103.419998
103.5,103.639999,103.0,103.050003
103.669998,104.239998,103.639999,104.050003
105.300003,105.519997,104.720001,105.150002
105.050003,105.25,104.25,104.269997
103.389999,103.470001,103.120003,103.190002
102.400002,102.900002,102.110001,102.879997
103.080002,103.160004,102.349998,102.580002
102.199997,102.260002,101.75,101.82
101.260002,101.860001,100.93,101.099998
101.25,101.709999,100.669998,100.739998
100.43,101.25,100.279999,101.029999
101.279999,101.360001,100.529999,100.529999
100.699997,100.800003,100.029999,100.279999
100.120003,101.169998,100.0,101.089996
101.400002,102.239998,101.25,102.099998
101.989998,103.18,101.870003,102.989998
103.279999,103.629997,102.629997,103.120003
103.0,103.07,101.940002,101.989998
101.349998,102.440002,101.209999,101.800003
101.839996,102.470001,101.389999,102.400002
102.169998,102.43,100.779999,100.879997
100.870003,102.139999,100.800003,102.059998
101.599998,102.269997,101.339996,101.919998
102.239998,102.300003,101.120003,102.220001
102.110001,102.330002,100.970001,101.209999
101.629997,102.290001,101.459999,102.019997
103.029999,103.629997,102.599998,103.0
102.440002,102.830002,102.029999,102.599998
103.110001,103.660004,103.110001,103.309998
102.809998,103.650002,102.339996,103.559998
102.800003,103.25,102.199997,102.309998
103.830002,103.949997,102.980003,103.330002
103.620003,103.800003,103.160004,103.440002
103.589996,103.949997,102.760002,103.169998
103.410004,103.839996,102.830002,103.610001
102.169998,102.339996,101.449997,101.739998
102.059998,103.059998,101.870003,102.940002
102.839996,103.260002,102.059998,102.080002
101.889999,102.0,100.739998,101.110001
100.199997,100.379997,99.470001,99.68
99.18,99.599998,98.989998,99.080002
98.860001,99.529999,98.849998,99.209999
99.57,99.970001,99.290001,99.720001
100.099998,101.120003,99.769997,100.830002
101.309998,101.970001,101.029999,101.889999
101.720001,101.940002,101.239998,101.290001
101.230003,101.489998,100.919998,101.339996
101.800003,102.07,101.57,101.800003
102.0,102.980003,101.730003,102.949997
102.220001,102.309998,101.279999,101.699997
102.160004,102.349998,101.629997,101.730003
101.989998,102.150002,101.300003,101.360001
100.830002,101.5,100.800003,101.169998
101.68,101.690002,100.93,101.269997
100.709999,100.93,98.910004,99.300003
99.400002,99.860001,99.150002,99.809998
99.650002,100.330002,99.620003,100.050003
98.839996,98.919998,97.900002,98.139999
97.040001,97.239998,96.410004,97.089996
95.190002,95.32,94.540001,94.849998
95.150002,96.68,95.129997,96.529999
96.110001,96.199997,95.5,95.580002
96.860001,97.370003,96.440002,96.690002
96.879997,97.290001,96.839996,97.190002
97.040001,97.360001,95.589996,95.589996
95.300003,95.870003,95.199997,95.370003
95.209999,95.93,94.900002,95.160004
94.800003,95.199997,94.559998,94.580002
94.279999,94.790001,93.720001,93.839996
93.5,93.610001,93.019997,93.440002
93.43,94.190002,93.300003,93.769997
92.660004,92.760002,92.230003,92.519997
92.639999,93.279999,92.459999,93.230003
94.300003,95.550003,94.230003,95.540001
95.129997,95.550003,94.889999,94.910004
94.660004,95.510002,94.510002,95.220001
95.650002,95.660004,94.889999,95.32
94.970001,96.510002,94.940002,96.309998
96.160004,96.400002,95.879997,96.209999
96.540001,97.050003,96.43,96.639999
95.800003,95.82,94.620003,94.849998
94.279999,94.290001,93.489998,93.519997
94.089996,94.110001,93.459999,93.75
94.0,94.07,93.68,94.010002
94.379997,94.900002,94.169998,94.370003
93.699997,93.980003,93.550003,93.690002
93.889999,94.239998,93.580002,94.230003
93.919998,94.529999,93.82,94.209999
93.940002,94.209999,93.400002,93.529999
93.459999,93.480003,92.959999,92.959999
92.849998,93.529999,92.82,93.489998
93.080002,93.43,92.800003,92.800003
93.290001,93.599998,93.040001,93.089996
91.290001,91.370003,90.690002,90.699997
90.809998,91.610001,90.669998,91.43
89.660004,90.040001,89.150002,89.18
89.43,89.620003,88.709999,88.870003
89.540001,89.620003,88.089996,88.410004
87.620003,88.730003,87.099998,88.68
89.269997,89.489998,88.129997,88.690002
87.82,87.93,86.709999,86.93
86.309998,86.650002,84.889999,85.059998
85.769997,86.309998,85.370003,86.260002
86.110001,86.190002,85.639999,85.830002
84.199997,85.690002,84.059998,84.790001
85.5,86.800003,84.949997,86.779999
85.849998,87.169998,85.519997,86.660004
87.849998,88.470001,87.599998,88.470001
88.050003,88.190002,85.93,86.07
87.599998,87.830002,87.169998,87.610001
86.190002,86.370003,85.900002,86.199997
84.889999,85.629997,84.5,85.25
84.379997,84.720001,83.849998,84.5
83.879997,84.57,82.739998,82.769997
82.989998,83.540001,82.769997,83.239998
82.809998,84.860001,82.419998,84.239998
84.440002,85.349998,84.089996,85.349998
84.019997,84.129997,83.129997,83.449997
83.480003,84.82,83.400002,84.730003
84.190002,84.970001,83.739998,84.370003
83.809998,84.5,83.239998,83.989998
84.370003,84.769997,83.550003,83.580002
84.040001,85.120003,84.019997,85.099998
86.68,87.309998,86.220001,87.040001
88.809998,89.050003,87.580002,87.629997
87.07,87.199997,86.599998,86.779999
87.610001,88.5,87.589996,88.059998
88.480003,89.620003,88.449997,89.559998
88.940002,89.029999,86.739998,87.5
88.230003,88.43,87.769997,87.989998
87.220001,87.940002,86.900002,87.790001
90.0,90.150002,89.290001,89.779999
89.010002,89.139999,88.309998,88.519997
89.300003,89.959999,89.25,89.620003
90.160004,90.43,89.639999,90.040001
89.620003,90.660004,89.610001,90.589996
90.5,90.800003,89.889999,90.550003
91.120003,91.32,90.379997,90.870003
90.099998,90.260002,89.790001,89.800003
90.300003,91.339996,90.209999,91.300003
90.910004,91.529999,90.790001,91.480003
92.110001,92.699997,91.779999,92.629997
91.970001,92.290001,91.160004,91.559998
91.309998,93.059998,91.129997,92.989998
92.489998,92.830002,92.089996,92.620003
93.629997,94.620003,93.57,94.610001
95.080002,96.050003,94.870003,95.870003
95.18,96.080002,95.059998,95.32
94.419998,94.720001,93.910004,94.540001
94.010002,94.440002,93.529999,94.339996
94.150002,94.699997,93.900002,94.620003
95.169998,96.980003,95.019997,96.839996
97.660004,99.040001,97.419998,99.040001
98.690002,99.349998,98.580002,99.150002
98.5,98.5,98.019997,98.360001
98.860001,99.260002,98.660004,98.889999
99.110001,99.690002,98.580002,99.559998
99.739998,99.839996,98.75,98.93
99.379997,99.379997,98.239998,98.480003
98.540001,98.870003,98.480003,98.760002
99.779999,100.529999,99.5,100.510002
100.089996,100.57,99.559998,99.779999
99.129997,99.82,98.800003,98.879997
98.230003,98.650002,98.0,98.309998
97.379997,98.849998,97.150002,98.720001
97.419998,97.639999,97.07,97.220001
96.5,97.68,96.209999,96.290001
96.230003,97.379997,96.089996,97.239998
96.639999,97.169998,96.589996,96.620003
96.919998,97.050003,96.120003,96.169998
96.169998,96.830002,95.709999,96.709999
96.779999,97.269997,96.269997,96.519997
95.620003,95.790001,94.510002,94.82
94.599998,95.0,94.160004,94.669998
94.459999,94.580002,93.510002,93.790001
93.709999,94.169998,93.260002,94.089996
94.82,95.080002,94.389999,94.650002
93.889999,93.989998,93.43,93.900002
94.510002,94.540001,93.099998,93.349998
94.0,94.220001,93.57,93.959999
93.93,94.07,93.489998,93.779999
94.309998,95.169998,94.120003,94.860001
95.480003,95.839996,94.739998,95.720001
96.220001,96.910004,96.0,96.660004
97.419998,98.669998,97.190002,98.239998
96.269997,96.620003,95.690002,96.07
94.629997,94.849998,94.019997,94.129997
94.239998,95.150002,94.209999,95.050003
94.57,95.230003,94.519997,94.589996
94.019997,94.300003,93.660004,94.040001
93.760002,94.010002,93.660004,93.849998
93.900002,94.139999,93.5,93.959999
92.860001,93.059998,92.330002,92.349998
92.300003,93.050003,92.230003,92.82
93.559998,93.720001,93.0,93.300003
92.480003,92.849998,92.339996,92.760002
92.790001,93.190002,92.720001,92.839996
92.830002,92.900002,92.010002,92.18
92.330002,92.760002,92.269997,92.629997
92.75,94.0,92.75,93.870003
94.0,94.029999,93.190002,93.589996
93.239998,93.470001,92.849998,92.93
93.080002,93.599998,92.900002,93.519997
93.82,94.300003,93.779999,94.18
93.440002,94.510002,93.010002,94.470001
93.699997,94.160004,93.68,94.089996
95.230003,95.68,94.970001,95.43
95.489998,96.169998,95.410004,95.989998
96.360001,96.400002,95.480003,95.900002
95.800003,96.050003,95.480003,95.730003
95.959999,96.010002,95.370003,95.68
95.040001,95.209999,94.690002,94.879997
94.5,94.739998,94.209999,94.419998
93.730003,93.75,92.860001,92.970001
93.059998,93.190002,92.790001,92.940002
92.730003,92.989998,92.5,92.660004
92.849998,93.269997,92.690002,92.919998
93.099998,93.790001,92.290001,92.889999
93.269997,93.43,92.730003,93.089996
94.190002,94.209999,93.779999,93.980003
93.709999,93.75,93.300003,93.510002
93.510002,93.870003,93.279999,93.769997
93.989998,94.699997,93.940002,94.699997
94.489998,95.019997,94.32,94.620003
93.290001,93.300003,92.459999,92.550003
91.57,92.199997,91.339996,92.040001
91.260002,92.050003,91.050003,92.019997
92.629997,92.760002,92.040001,92.68
91.690002,92.18,91.379997,91.389999
91.230003,91.589996,91.129997,91.379997
91.870003,92.360001,91.839996,92.230003
91.199997,91.300003,90.050003,90.220001
90.379997,90.440002,89.510002,89.809998
90.639999,90.949997,90.279999,90.290001
89.220001,89.260002,88.519997,88.889999
88.050003,88.580002,87.790001,88.300003
88.870003,89.379997,88.459999,89.279999
89.239998,89.269997,88.589996,88.830002
89.389999,89.389999,88.910004,89.150002
88.68,89.120003,88.650002,89.0
88.730003,89.540001,88.550003,89.029999
88.559998,88.629997,87.5,88.400002
87.459999,87.900002,87.339996,87.779999
88.25,88.610001,88.050003,88.239998
88.660004,89.019997,88.480003,88.980003
88.419998,88.730003,88.099998,88.220001
88.599998,89.209999,88.239998,88.559998
88.209999,89.010002,88.029999,88.940002
89.93,90.120003,89.269997,89.839996
89.870003,90.25,89.669998,90.190002
90.900002,91.239998,90.610001,90.739998
90.309998,90.459999,90.160004,90.190002
89.870003,90.769997,89.82,90.629997
90.279999,90.379997,89.959999,90.120003
90.550003,90.610001,90.309998,90.349998
90.650002,90.919998,90.419998,90.860001
91.870003,92.260002,91.629997,92.099998
92.389999,92.419998,91.940002,92.010002
91.639999,91.800003,91.339996,91.389999
91.080002,91.32,91.010002,91.120003
91.730003,91.769997,91.43,91.589996
91.269997,91.779999,91.260002,91.699997
91.800003,91.800003,90.82,91.110001
90.970001,91.470001,90.900002,91.379997
91.330002,91.360001,90.029999,90.07
89.339996,89.400002,88.68,88.980003
89.599998,89.970001,89.440002,89.839996
90.480003,90.660004,90.25,90.449997
90.639999,91.669998,90.610001,91.599998
92.199997,92.800003,91.989998,92.669998
93.0,93.349998,92.389999,93.349998
92.919998,93.43,92.860001,93.209999
91.830002,91.830002,91.400002,91.5
91.0,91.059998,90.650002,90.889999
91.029999,91.870003,90.919998,91.830002
93.019997,93.57,92.489998,92.519997
93.220001,93.989998,92.949997,93.879997
94.419998,94.839996,94.239998,94.669998
93.519997,93.809998,93.279999,93.730003
93.889999,94.599998,93.730003,94.589996
93.410004,94.0,93.339996,93.959999
94.239998,94.480003,93.589996,93.959999
94.050003,94.339996,93.739998,94.339996
94.07,94.550003,94.040001,94.5
93.279999,93.470001,93.110001,93.150002
93.519997,93.709999,93.419998,93.519997
93.730003,93.769997,91.779999,91.779999
90.419998,91.080002,89.82,89.910004
90.68,90.809998,90.080002,90.610001
91.169998,91.889999,91.089996,91.800003
92.269997,92.730003,91.900002,92.559998
92.540001,92.849998,92.220001,92.760002
92.470001,92.68,91.870003,92.349998
92.449997,92.68,92.260002,92.639999
93.68,94.139999,93.470001,93.540001
93.529999,93.940002,93.339996,93.940002
93.0,93.300003,92.779999,92.860001
93.529999,94.209999,93.389999,94.169998
93.919998,94.400002,93.690002,94.190002
93.68,94.139999,93.379997,93.470001
93.040001,93.160004,92.82,92.919998
93.400002,93.519997,92.300003,92.650002
92.809998,93.029999,92.489998,92.519997
92.589996,92.849998,91.470001,91.519997
92.029999,92.860001,91.959999,92.269997
92.949997,93.150002,92.709999,92.989998
93.669998,93.690002,93.220001,93.489998
93.75,94.050003,93.300003,93.849998
94.529999,94.839996,94.239998,94.809998
95.139999,95.910004,95.120003,95.309998
97.0,98.370003,96.889999,98.279999
99.690002,99.940002,97.900002,98.800003
98.150002,98.410004,96.589996,96.589996
95.949997,96.449997,95.5,95.910004
95.120003,95.400002,94.839996,95.32
96.510002,96.540001,96.089996,96.260002
96.029999,96.82,95.879997,96.610001
97.300003,97.360001,96.980003,97.279999
97.550003,98.160004,97.510002,97.889999
96.410004,97.099998,96.209999,97.099998
97.440002,97.540001,97.010002,97.440002
97.419998,98.160004,97.410004,97.889999
98.32,98.860001,98.120003,98.669998
98.669998,99.199997,98.209999,98.730003
98.230003,98.300003,97.43,97.75
98.190002,98.669998,97.959999,98.389999
98.690002,98.699997,98.080002,98.139999
97.489998,98.080002,97.410004,97.970001
98.010002,98.199997,97.730003,97.849998
97.370003,97.639999,97.129997,97.529999
97.68,97.989998,96.470001,96.489998
97.559998,98.059998,97.419998,97.75
97.879997,99.029999,97.809998,99.010002
99.339996,99.68,98.779999,99.57
99.550003,100.779999,99.190002,99.559998
99.400002,100.099998,99.160004,99.989998
99.870003,100.910004,99.82,100.690002
100.489998,101.239998,100.349998,100.610001
100.360001,100.550003,99.690002,100.139999
100.459999,100.610001,100.019997,100.410004
100.629997,101.370003,100.410004,101.330002
101.470001,101.639999,100.739998,100.839996
100.239998,100.730003,99.540001,99.589996
98.919998,99.309998,98.769997,99.260002
98.989998,99.25,98.720001,98.879997
98.5,99.089996,98.019997,98.669998
98.0,98.889999,97.849998,98.650002
98.260002,98.32,97.790001,97.830002
98.07,98.25,97.419998,98.059998
98.540001,98.760002,98.209999,98.57
98.639999,98.709999,97.879997,98.099998
98.800003,99.330002,98.389999,98.489998
97.360001,97.730003,97.059998,97.660004
97.339996,97.510002,96.739998,96.739998
95.440002,95.959999,95.400002,95.550003
94.980003,95.269997,94.760002,94.830002
94.389999,95.029999,94.339996,94.989998
94.669998,94.910004,94.230003,94.449997
93.879997,94.089996,93.410004,94.080002
93.480003,94.07,93.419998,93.699997
93.040001,93.779999,92.980003,93.769997
94.459999,95.0,94.370003,94.910004
95.389999,95.620003,95.139999,95.309998
94.290001,94.440002,93.669998,93.800003
94.050003,94.279999,93.860001,93.870003
93.019997,93.089996,92.230003,92.230003
92.650002,92.760002,92.089996,92.32
91.839996,92.370003,91.660004,92.07
92.230003,93.0,91.959999,92.660004
92.989998,93.040001,92.019997,92.139999
92.269997,92.290001,91.419998,91.889999
91.169998,92.059998,90.980003,92.029999
92.839996,93.290001,92.160004,92.300003
92.199997,92.940002,91.870003,92.449997
92.260002,92.519997,90.800003,90.839996
92.279999,92.57,91.629997,92.25
92.029999,92.900002,91.599998,92.739998
89.639999,90.720001,89.550003,90.199997
90.75,91.620003,90.650002,91.330002
92.0,92.599998,91.839996,92.489998
92.25,92.300003,91.620003,92.040001
91.370003,91.849998,90.510002,90.660004
91.519997,91.540001,89.720001,89.800003
90.559998,91.029999,90.269997,90.32
89.919998,90.650002,89.510002,90.080002
89.660004,90.589996,89.419998,90.239998
90.82,91.07,90.620003,90.699997
90.150002,90.830002,90.110001,90.410004
90.449997,90.849998,90.0,90.339996
90.510002,90.699997,90.150002,90.389999
92.199997,92.779999,91.989998,92.730003
92.160004,92.440002,91.809998,92.370003
93.040001,93.379997,92.669998,93.010002
93.779999,93.989998,93.440002,93.970001
93.269997,94.150002,93.0,93.870003
93.93,94.029999,92.989998,93.059998
92.610001,94.190002,92.540001,94.059998
93.720001,94.389999,93.660004,94.25
94.720001,94.849998,94.019997,94.389999
93.989998,94.040001,93.470001,93.519997
93.019997,93.300003,92.910004,93.080002
93.07,93.290001,92.110001,92.199997
91.639999,91.75,91.0,91.080002
90.800003,90.849998,90.080002,90.150002
90.550003,90.620003,90.050003,90.419998
90.519997,90.989998,90.459999,90.639999
89.970001,90.370003,89.139999,89.160004
88.07,88.389999,87.510002,87.809998
88.529999,88.910004,88.290001,88.309998
88.160004,88.230003,87.440002,87.5
87.040001,87.889999,86.980003,87.870003
87.209999,87.959999,87.199997,87.82
87.480003,87.779999,87.059998,87.099998
87.830002,88.040001,87.669998,87.800003
88.129997,88.279999,87.260002,87.330002
87.800003,88.120003,87.209999,87.57
87.720001,87.879997,87.18,87.290001
87.050003,87.230003,86.669998,86.900002
86.599998,86.769997,85.790001,85.919998
85.470001,86.199997,85.339996,86.029999
85.279999,85.849998,85.160004,85.459999
85.529999,85.660004,85.040001,85.43
85.230003,85.360001,84.889999,85.290001
86.699997,86.980003,86.400002,86.760002
86.639999,87.400002,86.279999,87.040001
87.43,87.480003,87.040001,87.190002
87.889999,88.169998,87.629997,87.970001
87.870003,87.980003,87.32,87.510002
86.639999,86.989998,86.529999,86.830002
86.720001,87.279999,86.599998,87.220001
88.160004,88.43,87.849998,88.25
87.839996,88.199997,87.660004,88.190002
88.43,88.620003,87.629997,88.010002
88.410004,88.709999,88.169998,88.339996
88.379997,88.660004,87.43,87.760002
88.580002,89.099998,87.800003,88.160004
87.550003,88.449997,87.480003,88.43
89.449997,90.18,89.389999,89.889999
89.860001,90.150002,89.550003,89.849998
89.239998,89.449997,88.940002,89.269997
89.260002,89.529999,88.849998,89.0
88.529999,88.68,88.379997,88.43
87.290001,87.599998,86.860001,87.230003
88.089996,88.889999,88.07,88.68
89.379997,89.68,89.120003,89.150002
88.540001,88.839996,88.040001,88.099998
87.949997,88.449997,87.889999,88.209999
88.449997,88.760002,88.449997,88.540001
88.870003,89.93,88.82,89.610001
89.330002,90.059998,89.260002,89.870003
90.970001,91.5,90.800003,91.419998
91.419998,92.059998,91.199997,91.959999
91.309998,91.790001,91.139999,91.309998
91.849998,92.480003,91.470001,92.43
91.410004,92.709999,91.370003,92.57
92.440002,92.790001,91.269997,91.43
91.559998,91.800003,90.610001,90.699997
90.480003,90.800003,89.730003,90.400002
91.139999,91.160004,89.989998,90.110001
91.080002,91.629997,90.910004,91.050003
90.970001,91.489998,90.139999,90.400002
90.0,90.379997,89.779999,89.860001
89.580002,90.709999,89.379997,90.650002
90.010002,90.410004,89.860001,90.169998
90.800003,91.18,90.379997,90.620003
90.139999,91.019997,90.120003,90.709999
90.68,91.220001,90.379997,91.18
92.199997,92.239998,91.160004,91.239998
91.330002,91.440002,90.620003,90.699997
90.199997,90.260002,89.699997,89.769997
89.57,90.080002,89.510002,89.760002
89.389999,89.599998,89.089996,89.169998
88.849998,89.029999,88.629997,88.910004
89.879997,90.339996,89.809998,90.139999
91.230003,91.339996,90.360001,91.029999
91.25,91.910004,91.209999,91.489998
92.370003,92.370003,90.660004,91.43
92.519997,92.730003,91.839996,91.849998
93.650002,94.089996,92.82,92.849998
91.879997,92.190002,89.800003,90.050003
89.279999,90.199997,88.220001,88.349998
87.269997,88.910004,85.889999,88.870003
87.739998,88.18,86.349998,86.419998
85.870003,87.300003,85.0,86.889999
87.400002,87.709999,86.82,87.510002
87.150002,88.190002,87.040001,87.82
87.800003,88.5,87.470001,88.309998
88.040001,88.199997,87.230003,87.529999
86.599998,87.07,85.980003,86.0
86.82,87.019997,86.400002,86.480003
88.879997,89.059998,87.169998,87.32
88.029999,88.349998,87.760002,88.239998
88.900002,89.110001,88.599998,88.889999
88.660004,89.529999,88.610001,89.449997
89.32,90.209999,89.300003,90.199997
89.779999,90.050003,89.330002,89.470001
89.260002,89.279999,88.300003,88.690002
87.709999,88.07,87.540001,87.730003
87.349998,87.410004,86.830002,87.239998
86.800003,87.529999,86.639999,87.529999
87.919998,88.209999,87.82,87.900002
88.019997,88.059998,86.889999,86.919998
87.0,87.309998,86.919998,87.050003
86.379997,86.779999,86.190002,86.239998
86.129997,86.290001,85.5,85.889999
85.75,85.870003,85.199997,85.32
85.629997,86.32,85.480003,86.07
86.870003,86.889999,86.199997,86.300003
84.910004,86.120003,84.830002,86.050003
85.43,85.599998,85.059998,85.43
84.68,85.059998,83.760002,83.970001
83.519997,84.43,83.300003,84.410004
84.769997,84.82,84.309998,84.550003
85.349998,86.029999,85.150002,85.730003
85.410004,85.540001,84.970001,85.360001
85.769997,86.260002,85.639999,86.150002
86.089996,86.470001,85.879997,86.279999
85.290001,85.470001,84.790001,85.160004
85.440002,85.739998,84.889999,85.010002
85.790001,86.650002,85.650002,86.389999
86.68,86.93,86.220001,86.449997
85.790001,85.93,85.279999,85.349998
85.040001,85.639999,85.040001,85.440002
86.099998,86.18,85.519997,85.879997
85.809998,86.400002,85.709999,86.139999
86.889999,87.199997,86.599998,87.169998
86.730003,86.879997,85.779999,86.330002
86.080002,86.43,85.459999,85.459999
86.0,86.660004,85.75,86.5
86.879997,87.089996,86.349998,86.650002
86.139999,86.790001,85.949997,86.489998
86.93,87.440002,86.769997,86.769997
86.470001,87.589996,86.43,87.400002
87.110001,87.510002,86.800003,87.510002
87.589996,87.949997,87.199997,87.949997
87.57,88.160004,87.239998,87.389999
87.860001,88.440002,87.610001,88.25
88.129997,88.309998,87.660004,88.139999
87.190002,87.589996,87.099998,87.580002
87.169998,87.290001,86.849998,86.970001
86.540001,86.559998,85.919998,86.139999
85.57,86.040001,85.440002,86.029999
86.190002,86.93,86.18,86.93
86.830002,87.059998,86.489998,86.989998
86.230003,86.269997,85.639999,85.790001
85.540001,85.879997,85.32,85.610001
85.889999,85.910004,84.900002,85.010002
85.279999,85.660004,84.190002,85.129997
85.220001,85.489998,84.989998,85.110001
85.43,85.459999,85.099998,85.239998
86.220001,86.510002,85.959999,86.0
86.169998,86.769997,86.110001,86.519997
86.050003,86.199997,85.790001,86.040001
85.550003,86.239998,85.510002,85.889999
85.800003,86.440002,85.720001,86.43
85.989998,86.199997,85.830002,85.870003
86.230003,87.339996,86.199997,87.32
86.769997,86.959999,86.559998,86.870003
87.129997,87.410004,86.839996,86.919998
87.559998,87.93,87.519997,87.82
87.959999,88.150002,87.650002,88.059998
87.849998,88.449997,87.779999,88.330002
87.839996,88.050003,86.919998,87.82
87.919998,88.25,87.589996,87.669998
87.360001,87.389999,87.150002,87.290001
87.540001,87.669998,87.279999,87.389999
86.900002,86.970001,86.550003,86.949997
87.440002,87.809998,87.43,87.669998
87.510002,87.510002,86.889999,87.019997
86.660004,86.779999,86.25,86.400002
86.5,86.540001,85.989998,86.150002
86.449997,86.75,86.449997,86.650002
86.589996,86.970001,86.559998,86.839996
86.559998,86.68,86.110001,86.410004
86.830002,87.300003,86.720001,87.050003
86.730003,87.050003,86.650002,86.800003
86.510002,86.790001,86.220001,86.75
86.110001,86.660004,86.0,86.650002
86.779999,87.260002,86.660004,87.220001
86.760002,86.860001,86.440002,86.599998
85.629997,85.839996,85.480003,85.629997
85.93,86.809998,85.889999,86.57
87.019997,87.239998,86.580002,87.230003
88.220001,88.610001,88.139999,88.559998
89.169998,89.760002,89.120003,89.739998
89.400002,89.550003,88.989998,89.230003
89.400002,90.07,89.190002,89.739998
89.910004,90.480003,89.900002,90.339996
89.830002,89.980003,89.489998,89.949997
90.150002,90.459999,90.07,90.160004
90.089996,90.5,90.040001,90.349998
90.709999,91.040001,89.870003,90.120003
89.260002,89.470001,88.900002,89.190002
89.07,89.230003,88.790001,89.019997
88.82,88.910004,88.540001,88.699997
88.970001,89.360001,88.75,89.32
89.080002,89.160004,88.699997,88.980003
88.849998,89.029999,88.459999,88.980003
88.989998,89.470001,88.690002,88.900002
89.290001,89.739998,89.260002,89.629997
89.660004,90.040001,89.209999,89.370003
89.449997,89.639999,89.089996,89.290001
89.309998,89.690002,89.190002,89.550003
89.629997,89.720001,89.269997,89.379997
88.709999,89.160004,88.650002,88.669998
88.970001,89.379997,88.809998,89.18
89.599998,89.620003,89.129997,89.25
89.169998,89.290001,89.010002,89.18
89.980003,90.720001,89.900002,90.620003
90.279999,90.580002,89.860001,90.57
90.650002,90.919998,90.43,90.860001
90.959999,91.300003,90.470001,90.660004
90.519997,91.5,90.449997,91.339996
91.25,91.290001,90.900002,91.199997
91.459999,91.559998,91.279999,91.550003
91.989998,92.190002,91.910004,92.0
91.989998,92.18,91.82,92.059998
91.610001,91.790001,91.290001,91.43
91.589996,91.599998,91.160004,91.470001
91.32,91.790001,91.089996,91.779999
91.849998,92.18,91.809998,92.019997
91.879997,91.889999,91.019997,91.089996
90.389999,90.970001,90.349998,90.559998
90.559998,90.660004,90.199997,90.290001
89.620003,89.82,89.419998,89.739998
89.779999,90.059998,89.739998,89.940002
89.510002,89.550003,88.879997,88.959999
89.559998,89.849998,89.529999,89.760002
89.360001,89.870003,89.360001,89.57
89.489998,89.669998,89.389999,89.550003
89.949997,90.07,89.779999,89.959999
89.949997,90.32,89.879997,90.120003
89.800003,89.940002,89.379997,89.379997
89.790001,89.839996,88.870003,88.870003
89.080002,89.300003,88.980003,89.089996
89.349998,89.449997,88.800003,89.059998
89.230003,89.309998,88.849998,88.879997
88.989998,89.419998,88.989998,89.230003
89.650002,89.669998,89.199997,89.5
89.949997,90.07,89.779999,90.010002
90.309998,90.589996,90.129997,90.239998
90.150002,90.639999,89.830002,90.639999
90.459999,90.529999,89.949997,90.209999
88.849998,88.989998,88.709999,88.769997
88.580002,88.959999,88.459999,88.809998
88.919998,89.160004,88.739998,89.059998
88.910004,88.93,88.480003,88.580002
88.550003,88.550003,88.050003,88.169998
88.190002,88.199997,87.559998,87.879997
88.339996,88.349998,87.839996,87.970001
88.0,88.519997,87.860001,88.309998
88.690002,88.830002,88.160004,88.190002
87.379997,87.5,87.190002,87.339996
87.720001,87.879997,87.389999,87.400002
87.190002,87.919998,87.169998,87.879997
87.629997,87.989998,87.580002,87.800003
88.129997,88.379997,88.07,88.220001
87.610001,87.760002,87.410004,87.550003
87.419998,87.459999,87.25,87.360001
87.07,87.580002,87.029999,87.5
87.760002,88.080002,87.650002,88.029999
88.099998,88.169998,87.599998,87.739998
87.949997,88.07,87.790001,88.07
87.739998,88.040001,87.669998,87.860001
87.68,87.910004,87.129997,87.160004
87.400002,87.410004,87.019997,87.029999
87.18,87.519997,87.110001,87.459999
87.150002,87.339996,86.900002,87.279999
87.839996,88.010002,87.480003,87.790001
87.330002,87.550003,87.25,87.349998
87.300003,88.0,87.120003,87.93
87.5,87.910004,87.410004,87.669998
87.879997,87.910004,87.540001,87.82
87.910004,88.43,87.889999,88.330002
88.639999,88.660004,88.309998,88.309998
88.129997,88.32,87.709999,87.800003
86.629997,87.029999,86.540001,86.650002
86.800003,87.480003,86.620003,87.309998
87.269997,87.760002,87.139999,87.690002
87.830002,88.029999,87.5,87.93
88.400002,88.489998,88.199997,88.349998
88.110001,88.25,87.68,87.800003
87.510002,87.699997,87.290001,87.599998
87.150002,87.739998,87.080002,87.620003
87.379997,87.559998,87.129997,87.129997
87.019997,87.059998,86.550003,86.550003
86.489998,86.779999,86.43,86.760002
86.629997,86.779999,86.459999,86.540001
86.93,87.480003,86.75,87.480003
87.449997,87.540001,87.199997,87.540001
87.199997,87.580002,87.029999,87.519997
88.239998,88.529999,88.220001,88.529999
88.040001,88.480003,87.940002,88.059998
88.360001,89.279999,88.349998,89.230003
89.629997,89.809998,89.519997,89.720001
89.93,90.120003,89.760002,89.870003
89.690002,89.860001,89.470001,89.529999
89.400002,89.720001,89.370003,89.620003
89.699997,89.739998,88.93,89.410004
89.550003,90.0,89.529999,89.739998
89.949997,90.050003,89.760002,89.900002
89.709999,90.080002,89.709999,89.910004
90.059998,90.32,90.050003,90.269997
90.690002,90.860001,90.550003,90.82
89.980003,89.989998,89.360001,89.610001
88.980003,89.669998,88.940002,89.43
89.269997,89.440002,89.099998,89.150002
88.629997,88.940002,88.510002,88.790001
88.32,88.940002,88.019997,88.459999
88.300003,89.32,88.209999,89.230003
88.800003,88.949997,88.269997,88.279999
87.75,87.809998,87.080002,87.139999
86.910004,87.25,86.779999,86.970001
86.93,87.150002,86.470001,86.540001
87.18,87.339996,86.959999,87.209999
87.360001,87.57,87.32,87.449997
87.360001,87.480003,86.93,86.959999
87.059998,87.730003,86.970001,87.489998
86.809998,86.860001,85.760002,85.830002
86.18,86.720001,85.940002,86.389999
85.720001,86.290001,85.559998,86.010002
86.75,86.879997,86.480003,86.839996
86.339996,86.610001,85.93,86.110001
85.5,86.099998,85.449997,85.639999
86.629997,86.949997,86.489998,86.779999
86.93,87.160004,86.57,86.690002
86.279999,86.709999,86.230003,86.260002
86.209999,86.849998,86.150002,86.790001
86.5,86.849998,86.389999,86.650002
86.519997,86.68,85.910004,86.639999
87.360001,87.370003,86.730003,86.919998
86.690002,87.129997,86.389999,86.699997
86.599998,86.68,86.330002,86.489998
86.440002,86.800003,86.25,86.75
86.699997,87.239998,86.629997,87.209999
87.019997,87.07,86.730003,86.830002
86.919998,86.970001,86.199997,86.279999
87.050003,87.209999,86.889999,87.07
87.110001,87.129997,86.709999,87.050003
86.970001,87.089996,86.529999,86.57
87.050003,87.160004,86.709999,86.739998
86.830002,87.040001,86.239998,86.550003
86.459999,86.82,86.25,86.709999
86.489998,86.620003,86.190002,86.279999
86.120003,86.370003,85.940002,86.370003
85.989998,85.989998,85.550003,85.699997
85.889999,85.900002,85.389999,85.620003
85.5,86.0,85.339996,85.610001
85.349998,85.360001,84.760002,84.959999
85.150002,85.489998,85.089996,85.43
86.050003,86.169998,85.919998,86.080002
86.279999,86.290001,85.599998,85.650002
86.059998,86.279999,85.989998,86.080002
85.879997,85.919998,85.489998,85.559998
85.190002,85.199997,84.919998,84.989998
84.940002,85.050003,84.589996,84.800003
85.260002,85.379997,84.910004,84.919998
83.870003,83.970001,83.589996,83.660004
83.699997,83.919998,83.32,83.559998
82.959999,83.230003,82.769997,83.019997
83.059998,84.0,83.040001,83.910004
83.620003,84.260002,83.330002,84.220001
84.610001,84.68,84.139999,84.68
85.339996,85.379997,84.900002,85.099998
85.25,85.480003,85.150002,85.300003
85.360001,85.849998,85.269997,85.739998
85.809998,85.959999,85.550003,85.760002
84.93,85.540001,84.800003,85.470001
85.800003,85.82,85.5,85.650002
85.290001,85.43,85.099998,85.309998
85.605003,85.709999,85.419998,85.5
