open,high,low,close
14.533333,14.726667,14.363333,14.712
14.816,15.629333,14.768,15.489333
15.586667,16.056667,15.507333,15.701333
15.665333,15.688667,15.137333,15.290667
15.159333,15.198,14.561333,14.586
14.633333,15.051333,14.510667,14.524667
14.592,14.813333,14.168667,14.330667
14.463333,14.793333,14.342,14.513333
14.494667,14.536,14.233333,14.528667
14.520667,14.666,14.3,14.364667
14.633333,14.916667,14.548667,14.646667
14.712,14.838,14.587333,14.640667
13.298,13.73,13.05,13.110667
13.046,13.17,12.808667,13.093333
12.67,13.008,12.648667,12.876667
12.724,13.254,12.524667,13.236667
13.459333,13.603333,13.294,13.452667
13.675333,14.118667,13.533333,14.012667
14.198,14.233333,13.934667,14.152
13.742667,14.549333,13.733333,14.433333
13.982,14.302667,13.866667,14.265333
14.0,14.348667,13.933333,14.296
14.206667,14.541333,14.200667,14.396
14.52,14.654,14.3,14.452
14.664,15.118667,14.634,14.985333
14.94,15.166667,14.881333,14.976667
15.033333,15.039333,14.686,14.835333
14.874667,14.996,14.736667,14.768667
14.834667,14.85,14.642667,14.693333
14.642667,15.139333,14.553333,15.083333
15.0,15.273333,14.983333,15.017333
15.098,15.32,15.0,15.224
15.066667,15.19,14.606667,14.7
14.799333,14.966667,14.592,14.818
14.818,15.426,14.758,15.334
15.179333,15.333333,15.02,15.300667
15.289333,15.557333,15.128,15.232667
15.196667,15.384,15.106667,15.374
15.38,15.685333,15.349333,15.652667
15.7,15.775333,15.292,15.334
15.291333,15.324667,14.76,15.146667
15.158,15.313333,14.947333,15.052667
15.046,15.390667,14.803333,15.374
15.333333,15.466667,15.16,15.335333
15.2,15.306667,15.072667,15.077333
15.121333,15.436,15.11,15.272
15.216,15.324667,14.974667,15.043333
15.078,15.171333,14.894,14.994
15.027333,15.11,14.936,15.040667
15.068,15.3,14.995333,15.039333
15.032667,15.146,14.894,14.907333
14.955333,14.988667,14.853333,14.882667
14.921333,15.044,14.819333,14.900667
14.902667,15.011333,14.835333,15.0
14.944667,15.007333,14.845333,14.862
14.954667,15.232667,14.853333,14.989333
15.136667,15.143333,14.814667,14.841333
14.874,14.92,14.718,14.730667
14.809333,14.857333,14.588,14.666
14.676667,14.693333,14.333333,14.346667
14.407333,14.407333,14.034667,14.089333
14.028667,14.173333,13.91,14.134
13.934,14.073333,13.366667,13.384667
13.488667,13.546667,13.08,13.185333
13.268,13.55,13.266667,13.522
13.7,13.766667,13.380667,13.447333
13.303333,13.326,13.090667,13.157333
13.272667,13.328,12.913333,12.964667
13.0,13.424667,12.94,13.22
13.137333,13.232667,12.896667,13.07
13.05,13.194667,12.990667,13.094
13.099333,13.501333,13.093333,13.361333
13.361333,13.713333,13.266667,13.693333
13.8,13.962,13.666667,13.756
13.79,13.85,13.594,13.642667
13.758,13.8,13.437333,13.681333
13.76,13.818667,13.533333,13.762
13.732667,14.012,13.711333,13.83
13.766667,14.066667,13.766667,13.932667
13.976667,13.998667,13.640667,13.720667
13.834,13.883333,13.684,13.751333
13.706667,13.822,13.372,13.38
13.480667,13.665333,13.303333,13.602
14.153333,14.378,13.883333,14.246667
14.206667,14.221333,13.921333,14.094
14.149333,14.21,13.874667,13.897333
13.497333,13.614,13.347333,13.4
13.4,13.421333,13.053333,13.107333
13.423333,13.609333,13.310667,13.396667
13.456667,13.48,13.220667,13.34
13.396667,13.592,13.361333,13.434
13.366667,13.393333,13.136667,13.349333
13.377333,13.428667,13.086667,13.100667
13.136667,13.226,12.8,12.930667
13.066,13.298,12.884,13.273333
13.316,13.777333,13.204,13.570667
13.474667,13.533333,13.136667,13.273333
13.24,13.438,13.160667,13.339333
13.4,13.596667,13.35,13.517333
13.526667,13.646,13.413333,13.489333
13.4,13.546,13.34,13.482667
14.089333,14.246667,13.443333,13.600667
13.6,13.688,13.322,13.331333
13.499333,13.499333,13.054,13.182
13.202667,13.233333,12.540667,12.719333
12.67,12.846667,12.500667,12.534667
12.6,12.764667,12.469333,12.494667
12.6,12.897333,12.397333,12.704
12.906,12.952667,12.67,12.880667
12.919333,13.166,12.750667,12.996
12.458667,12.8,12.263333,12.670667
12.736667,12.774,12.028,12.356667
12.282667,12.592,12.2,12.570667
12.533333,12.55,11.879333,12.096667
12.185333,12.428667,12.136667,12.251333
12.176667,12.315333,12.080667,12.262
12.232667,12.632667,12.140667,12.577333
12.71,12.866667,12.333333,12.334667
12.336,12.592667,12.294,12.301333
12.389333,12.764667,12.247333,12.744667
12.707333,13.042667,12.6,12.876
12.909333,13.149333,12.909333,13.11
13.032,13.29,12.97,13.074667
13.037333,13.115333,12.633333,12.638
12.733333,12.792667,12.5,12.626667
12.55,12.568667,12.066667,12.125333
12.192,12.325333,12.0,12.098
12.167333,12.592667,12.167333,12.453333
12.368,12.438667,12.178667,12.39
12.41,12.893333,12.333333,12.876667
12.803333,12.833333,12.636,12.819333
12.724667,12.922667,12.720667,12.812
12.853333,12.961333,12.745333,12.828667
12.878667,13.418667,12.866667,13.21
13.249333,13.533333,13.117333,13.246
13.227333,13.382667,13.159333,13.172
13.205333,13.506,13.173333,13.499333
13.499333,13.63,13.322667,13.515333
13.536667,13.933333,13.5,13.919333
13.896667,14.148667,13.827333,13.846667
13.881333,13.999333,13.766667,13.896667
13.866667,14.23,13.847333,14.222667
14.325333,14.816667,14.294667,14.635333
14.768667,14.92,14.48,14.649333
14.570667,14.613333,14.274667,14.312
14.42,14.5,14.112,14.246
14.324,14.688667,14.064,14.466
14.316667,15.2,14.287333,15.132667
15.094667,15.165333,14.796667,15.116667
15.128667,15.354,15.03,15.267333
15.264667,15.461333,15.2,15.418667
15.466667,15.466667,15.126,15.324667
15.271333,15.332,15.112,15.315333
15.270667,15.38,15.038667,15.306
15.333333,15.856667,15.306,15.85
15.78,15.997333,15.624667,15.705333
15.776667,15.980667,15.705333,15.890667
16.483334,16.578667,16.049999,16.250668
16.364,16.4,16.200666,16.315332
16.389999,16.726,16.366667,16.594667
16.666668,16.986668,16.643333,16.974001
17.153999,17.230667,16.786667,16.964666
16.952667,17.049334,16.716667,16.834
16.758667,16.866667,16.568001,16.863333
16.835333,17.019333,16.473333,16.708668
16.615999,17.059334,16.513332,16.795334
16.870001,16.879999,16.603333,16.615999
16.556,16.827999,16.514,16.77
16.794001,16.812,16.645332,16.755333
16.733334,17.188,16.708668,17.184668
17.212667,17.333332,17.094667,17.165333
17.156668,17.557333,17.08,17.472
17.75,18.078667,17.743334,17.946667
17.986,18.063334,17.740667,17.948668
18.049334,18.719334,18.034,18.706667
18.601999,19.159332,18.573999,18.732
18.666668,18.816,18.429333,18.650667
18.506666,18.666668,17.9,17.93
17.719999,18.192667,17.610001,18.148666
18.363333,18.76,18.267332,18.492666
18.687332,18.896667,18.173332,18.233999
17.6,17.643999,17.037333,17.066
16.844,17.216667,16.68,17.133333
16.544666,16.557333,16.134001,16.415333
16.279333,16.733334,16.26,16.666
16.945333,16.99,16.607332,16.667999
16.647333,16.885332,16.551332,16.698668
16.716,16.793333,16.6,16.771334
16.527332,16.780001,16.500668,16.747334
16.794666,16.926001,16.554667,16.572666
16.466667,16.671333,16.354668,16.458
16.508667,16.577333,16.200001,16.326668
16.414,16.433332,16.200001,16.246
16.321333,16.456667,16.185333,16.411333
16.407333,17.208,16.401333,17.200001
17.133333,17.4,16.951332,17.048668
17.493334,17.716667,17.270666,17.469999
17.6,17.688667,17.413334,17.433332
17.373333,17.636667,17.254667,17.461332
17.521999,17.653334,16.682667,16.712
16.770666,17.004667,16.700666,17.000668
17.025999,17.177999,16.886667,16.985332
17.046667,17.592667,17.000668,17.544001
17.373333,18.038,17.316668,18.014668
18.468,18.712,18.333332,18.496668
18.556,18.639999,18.369333,18.492001
18.535999,18.799999,18.480667,18.528
18.582001,18.645332,18.421333,18.553333
19.126667,19.933332,18.972,19.901333
19.792667,20.320667,19.635332,20.246668
20.136,20.325333,19.613333,19.666668
19.792,20.129333,19.606667,19.913334
19.833332,20.179333,19.809999,20.169333
20.610001,20.915333,20.580667,20.826
20.892,20.898001,20.366667,20.580667
20.422667,20.563334,19.754667,19.789333
19.780001,20.492666,19.686666,20.266666
20.18,20.266666,19.912001,20.096001
19.98,20.056,19.860001,20.016666
20.164,20.441334,20.140667,20.368
20.434,20.610001,20.015333,20.167334
20.133333,20.426666,20.028,20.373333
20.614668,20.703333,20.401333,20.535334
20.533333,20.931999,20.390667,20.919333
20.824667,20.966667,20.6,20.677999
20.779333,20.872667,20.5,20.575333
20.655333,20.986668,20.533333,20.938
20.992001,21.816668,20.987333,21.521999
21.6,21.844,21.104,21.259333
21.177999,21.435333,20.696667,20.734667
20.496,20.518,19.384001,19.697332
19.866667,20.57,19.786667,20.556667
20.726667,20.919333,20.388,20.479334
20.625334,21.466,20.606667,21.417334
21.437332,21.700001,21.208,21.681334
21.559999,21.733334,21.306667,21.540001
21.698668,21.799999,21.435333,21.653999
21.225332,21.346666,20.835333,21.058666
21.172667,21.337334,21.009333,21.134001
20.959333,20.975332,20.366667,20.407333
20.466667,20.929333,20.354,20.870667
21.033333,21.1,20.68,20.722
20.853333,20.958,20.453333,20.690001
20.697332,20.715334,20.232,20.257334
20.434,20.733334,20.360001,20.681334
20.734667,21.131332,20.520666,21.122
21.152,21.699333,21.087334,21.676001
21.733334,22.418667,21.717333,22.34
22.512667,22.859333,22.344,22.733999
22.933332,22.992001,22.486,22.691334
22.651333,22.858667,22.395332,22.656668
22.566668,23.229334,22.280666,23.154667
22.98,23.966,22.664667,23.523333
23.756001,24.033333,23.676001,23.976667
24.25,24.793333,24.014668,24.666668
24.961332,25.124666,23.653334,23.821333
23.865999,24.299999,23.374666,23.934
24.507999,25.066668,24.440666,25.063334
25.406,25.616667,25.087334,25.377333
24.833332,25.030666,24.432667,25.022667
25.198668,25.200666,24.673332,24.76
25.0,25.113333,24.52,24.653334
25.111334,25.258667,24.648666,24.816
24.956667,25.132668,24.534666,25.093332
25.199333,25.666668,24.904667,25.507334
25.496668,25.799334,25.290001,25.563334
25.779333,25.796667,24.873333,25.166
25.093332,25.093332,24.134666,24.158001
24.445333,24.782667,24.167999,24.749332
24.707333,24.733334,23.606667,24.049999
24.247334,24.451332,23.974667,24.107332
24.682667,24.756666,23.433332,23.507999
23.146667,23.149332,21.755333,21.806
21.150667,21.386,20.42,20.588667
20.9,21.133333,20.492001,20.881332
20.860001,21.195999,20.208668,21.07
21.066668,21.818666,20.953333,21.814667
22.026667,22.206667,21.633333,21.968
22.007334,22.106667,21.331333,21.560667
21.546,21.894667,21.414667,21.851999
21.702667,21.806667,20.896667,21.304667
21.166668,21.941999,21.044001,21.882668
21.882,22.110001,21.548,21.684
21.793333,22.014668,21.613333,21.994667
21.964001,22.084,21.719999,21.893333
22.016001,22.893333,22.000668,22.834667
23.0,23.040001,22.276667,22.639999
22.690666,23.033333,22.541332,22.923332
23.066668,23.166668,21.752666,22.297333
22.459333,22.639999,22.167334,22.337999
22.366667,22.766001,21.402666,21.564667
21.533333,21.629999,21.075333,21.304667
21.262667,21.808001,20.747999,21.726
23.021999,23.333332,22.876667,23.139334
23.133333,23.818001,22.886667,23.794001
23.823334,23.965334,23.516666,23.677999
23.835333,24.572001,23.826668,24.348
24.066668,24.666668,23.93,24.235332
24.106667,24.443333,23.643999,23.693333
23.798,24.084,23.574667,23.858
24.308666,24.510668,24.173332,24.253332
24.346666,24.365999,23.958,24.155333
24.200001,24.433332,24.167999,24.194
24.080667,24.219999,23.439333,23.461332
23.527332,23.6,23.053333,23.164
23.054667,23.054667,22.123333,22.524
22.742001,22.816,22.491333,22.756666
22.599333,23.566,22.553333,23.518
23.501333,23.777332,23.316,23.528667
23.615999,23.712667,23.153334,23.203333
23.152,23.156668,22.648001,23.044001
22.632,23.27,22.583332,23.157333
23.311333,23.564667,23.133333,23.545334
23.57,23.896,23.521334,23.726667
23.741333,23.839333,23.579332,23.693333
23.586666,23.699333,23.059334,23.306
23.299999,23.398666,22.770666,22.968666
23.065332,23.498667,22.896667,23.374001
23.266001,23.318666,22.82,22.893333
23.423332,24.247334,23.333332,24.246
24.299334,24.584,24.026667,24.183332
24.254667,24.538,23.972668,24.415333
24.288668,25.197332,24.175333,25.176001
24.967333,25.333332,24.846666,25.320667
25.35,25.974001,25.178667,25.666668
25.333332,25.492666,24.904667,25.006666
24.866667,25.216667,24.738001,24.927334
24.993334,25.122,24.300667,24.431999
24.432667,24.66,23.392,23.406
23.543333,23.831333,22.858667,22.999332
23.395332,23.416,22.726667,23.016666
23.326668,23.432667,22.700001,22.731333
22.658667,22.85,22.360001,22.639999
22.790667,22.978666,22.573334,22.74
22.834667,22.913334,22.367332,22.768667
22.393333,23.236668,22.085333,23.209333
23.416668,23.908001,23.306667,23.667334
23.733334,23.829332,23.423332,23.688667
23.540001,24.006666,23.483334,23.792
23.309999,23.450001,22.844667,22.862667
23.120001,23.708668,23.035334,23.705999
23.592667,23.84,23.41,23.639999
23.530001,23.985332,23.509333,23.712
23.798668,23.899332,23.578667,23.704666
23.584,23.632,23.143999,23.373333
23.393999,23.747999,23.337999,23.716667
23.731333,24.200001,23.608667,23.976667
23.704,23.809999,23.213333,23.454
23.512667,23.636667,22.955999,23.006666
23.325333,23.33,22.416668,22.468
22.586666,22.853333,22.410667,22.489332
22.446667,22.5,21.570667,21.722668
21.851999,22.015333,21.546667,21.744667
21.316668,21.639334,21.110666,21.391333
21.278667,21.585333,21.15,21.338667
21.348667,22.129999,21.345333,22.101999
22.15,22.174,21.350668,21.405333
20.008667,20.579332,19.508667,19.950666
19.966667,20.416668,19.675333,20.406
20.466667,20.5,19.934,20.185333
20.068001,20.433332,20.002001,20.403334
20.366667,20.459333,20.086666,20.292667
20.166668,20.297333,19.753332,20.199333
20.166668,20.557333,20.123333,20.199333
20.008667,21.120001,19.940666,21.026667
21.0,21.09,20.459999,20.58
20.400667,20.832666,20.1,20.753332
20.932667,21.209333,20.753332,20.833332
21.711332,21.778,20.876667,21.003332
20.919333,21.033333,20.316668,20.582666
20.724001,21.215334,20.580667,21.187332
21.118,21.161333,20.789333,20.84
20.919333,21.094,20.733334,21.036667
20.883333,21.156,20.634001,21.120667
21.090668,21.333332,20.927999,21.17
21.153334,21.200001,20.082001,20.502666
20.570667,20.713333,20.302668,20.59
20.362667,20.688,20.336666,20.435333
20.433332,20.551332,20.040667,20.346666
20.133333,20.533333,20.066668,20.246668
20.006666,20.892668,20.0,20.884001
20.799999,21.242001,20.736668,20.749332
20.973333,21.132,20.750668,21.008667
20.975332,21.934,20.916668,21.927334
22.030001,22.762667,22.002001,22.735332
22.728666,22.948,22.433332,22.601999
22.733999,23.162666,22.459999,22.525999
22.802668,22.926666,22.384001,22.896667
22.993334,23.115334,22.505333,22.591333
22.684,22.766001,22.02,22.073334
22.179333,22.206667,21.669333,21.931999
21.972668,22.249332,21.813999,22.110666
21.967333,22.061333,21.654667,21.68
21.588667,21.596001,21.105333,21.152666
21.066668,21.178667,20.716667,20.775999
20.783333,21.054667,20.636,21.024
21.078667,21.094,20.666668,20.756666
20.799999,21.474001,20.733334,21.368668
21.4,21.683332,21.036667,21.15
20.858,21.236668,20.378668,20.974667
21.108,21.149332,20.799999,21.105333
21.066668,22.468,21.033333,22.427334
22.344,22.586666,21.826668,22.246
22.146667,22.466667,22.0,22.32
22.349333,22.987333,22.217333,22.530001
22.575333,22.694,22.244667,22.414667
22.502666,23.0,22.32,22.670668
22.698,23.266666,22.65,23.143999
23.044666,23.486668,22.916,22.971333
23.0,23.372667,22.84,23.334667
23.293333,23.855333,23.280001,23.437332
24.0,24.033333,23.4,23.519333
23.638666,23.65,22.901333,23.059334
23.218,23.280001,22.426666,22.509333
22.766666,22.933332,22.380667,22.856667
22.656668,23.389999,22.552,23.302
23.009333,23.218,22.811333,23.054667
23.167334,23.746,23.012667,23.620667
23.4,23.977333,23.242001,23.283333
23.229334,23.463333,22.700666,22.916668
22.531334,22.964666,22.200001,22.208668
21.680668,22.414667,21.566668,22.264668
22.599333,23.066668,22.377333,23.0
22.887333,23.241333,20.973333,21.015333
21.328667,21.398666,19.650667,20.694668
21.075333,21.205334,20.416668,21.048668
21.001333,21.612667,20.834,21.577333
21.389334,21.744667,21.234667,21.487333
21.633333,22.274668,21.493334,22.271334
22.166668,22.874666,22.109333,22.365999
22.298,22.722668,22.1,22.318001
22.402,22.646,22.211332,22.219999
22.368668,23.162666,22.316668,23.077999
23.188667,23.666,23.139999,23.469999
23.566668,23.933332,23.490667,23.827999
23.75,23.999332,23.334,23.399332
23.504667,23.682667,22.814667,22.870667
23.000668,23.244667,22.004667,22.062
21.798668,22.348,21.531334,22.341333
22.159332,22.516666,21.952667,22.223333
22.25,22.424667,21.802,21.879999
21.695999,22.166668,21.449333,22.153334
22.190666,22.219999,21.751333,21.940001
21.606667,21.899332,21.491333,21.811333
21.907333,23.147333,21.766666,23.034
21.907333,23.147333,21.766666,22.789333
22.450666,22.653999,21.595333,21.775333
21.958668,22.190001,21.406668,21.706667
21.528667,21.826668,21.271334,21.423332
21.1,21.383333,20.644667,20.903999
20.991333,21.083332,20.584,20.703333
20.683332,21.496,20.679333,21.101999
20.926001,21.254667,20.545334,20.606667
20.75,20.75,20.030001,20.102667
20.489332,20.506001,19.424,20.278667
20.266666,20.284666,18.478666,18.612
17.638666,17.912001,16.806667,17.185333
17.099333,18.063999,16.547333,17.742001
17.084,17.355333,16.306,16.832001
17.988001,18.223333,16.966,17.835333
16.851999,19.224667,16.799999,19.129333
19.289333,20.417334,19.213333,20.381332
20.066668,20.618668,19.700001,19.953333
20.024668,20.633333,19.280666,19.310667
19.931334,20.473333,19.578667,20.313334
20.049334,20.598667,19.977333,20.062
20.154667,20.263332,19.578667,19.605333
20.24,20.263332,19.732,20.022667
19.933332,19.977333,19.267332,19.414
19.257999,19.478001,18.834,19.179333
19.405333,20.016001,19.210667,19.556667
19.405333,20.067333,19.236668,20.005333
19.677999,19.998667,19.316668,19.349333
19.419333,19.441334,18.822001,18.891333
19.0,19.139334,18.563999,18.897333
18.9,19.010668,18.483334,18.712667
18.583332,19.052668,18.433332,19.032
19.024668,19.631332,18.922001,19.605333
19.573999,19.915333,19.5,19.593332
19.567333,20.054667,19.548,19.994667
19.904667,20.456667,19.851999,20.076668
18.586,19.202667,18.348667,18.963333
18.866667,19.790667,18.634666,19.606001
19.833332,20.397333,19.677999,20.184668
20.053333,20.516666,19.933332,20.131332
20.027332,20.467333,20.003332,20.456667
20.5,20.865999,20.274,20.334667
20.513332,20.591999,19.938667,20.070667
20.221333,20.329332,19.441334,19.464666
19.000668,19.130667,18.700001,18.945333
18.922001,19.254,18.770666,19.098667
19.059999,19.279333,18.931334,18.969334
18.976667,18.976667,18.266666,18.454666
18.755333,19.432667,18.753332,18.966
19.184,19.200001,18.228001,18.334
18.517332,18.660667,18.266666,18.604668
18.559999,18.740667,18.326,18.523333
18.508667,18.642668,18.374001,18.59
18.567333,19.1,18.41,18.917334
18.886,19.667334,18.773333,19.448
19.147333,19.358,18.862,18.982
19.057333,19.463333,18.922667,19.454666
19.622667,19.933332,19.57,19.782667
19.846666,19.853333,19.115999,19.408667
20.033333,21.478001,19.832001,21.299999
21.076668,22.0,20.905333,21.072666
21.266666,21.632,21.143333,21.177334
21.500668,22.310667,21.5,22.139999
22.98,23.664667,22.533333,22.851334
23.114,23.146667,22.653334,22.985332
23.175333,23.916668,23.106667,23.848
23.589333,24.311333,23.416668,23.878
23.693333,24.915333,23.633333,24.722
24.344,24.666668,23.083332,23.503332
23.869333,24.292,23.466667,24.148001
24.133333,24.414,23.084667,23.167334
23.436001,23.483334,22.133333,22.242001
22.007999,22.564667,21.833332,22.200666
22.403334,22.903334,21.719999,22.799999
23.0,23.386,22.633333,22.966667
23.243999,23.801332,23.073999,23.328667
23.555332,23.590668,22.827333,22.863333
24.004667,24.318666,21.99,22.337999
22.116667,22.166,20.646,20.724001
20.917334,20.959333,19.747999,20.610666
20.33,20.804667,20.133333,20.593332
20.799334,21.234667,20.533333,21.233999
21.637333,21.845333,21.280001,21.497999
21.053333,21.462667,21.004667,21.264
21.428667,21.548668,20.851334,21.114
21.038668,21.305332,20.616667,21.257999
20.780666,21.010668,20.416668,20.673332
20.587334,21.649332,20.566668,21.512667
21.666668,21.700001,21.083332,21.59
21.088667,21.569332,20.934,21.348667
21.415333,21.549334,20.780666,20.905333
20.122667,20.366667,19.524,20.213333
20.294666,20.514668,19.503332,19.828667
19.782667,20.641333,19.633333,20.582666
20.323334,20.713333,20.242666,20.443333
20.483334,20.512667,19.689333,19.812
19.726667,19.74,19.075333,19.344667
19.483334,19.888,19.271334,19.875999
19.865999,20.200001,19.533333,20.056
21.896,23.332666,21.544001,23.302668
23.187332,23.666668,22.835333,23.211332
23.030666,23.665333,22.788,22.799334
22.922667,25.830667,22.610001,25.304667
24.606001,25.509333,24.474667,24.689333
24.370001,24.467333,23.048668,23.496668
23.6,24.0,23.066668,23.699333
24.075333,24.212667,23.268,23.760668
23.896667,23.946667,23.139999,23.176001
22.794001,22.966,22.142668,22.579332
22.660667,22.818666,22.254667,22.363333
21.566668,21.784666,20.235332,20.366667
19.446667,20.566668,19.213333,20.562668
20.707333,21.652666,20.6,21.459999
21.391333,21.591999,20.978001,21.442667
21.275999,21.821333,21.206667,21.34
21.379999,21.59,21.293333,21.521334
21.200001,21.496,20.587334,21.284666
21.227333,21.258667,20.746,20.790667
20.684668,20.790001,20.246,20.334
20.150667,20.306667,19.848,20.209999
20.133333,20.354,19.906668,20.110666
19.796,19.879333,19.200001,19.263332
19.003332,19.118668,18.478666,18.716
18.986668,19.411333,18.591999,18.73
17.34,17.889999,16.816668,17.549334
18.217333,19.068666,18.066668,19.033333
18.631332,18.799999,18.236668,18.629333
18.762667,19.5,18.576668,19.369333
19.201332,19.666668,19.011999,19.297333
19.250668,19.822001,19.101334,19.68
19.336,20.058001,19.208668,19.656
19.779333,20.176001,18.366667,18.997334
18.700666,20.0,18.700001,19.934668
20.237333,20.398666,19.555332,19.888666
19.846666,20.038668,19.691334,19.940001
19.898666,20.200001,19.572001,19.978666
20.0,20.306667,19.766666,20.066
20.127333,20.926001,20.073999,20.638666
20.860001,20.997334,20.460667,20.501333
18.017332,18.533333,17.370667,17.651333
20.384666,20.762667,20.07,20.713333
20.93,21.122667,19.943333,20.068001
20.222,20.306667,19.438,19.653334
19.596666,19.6,18.511333,18.788668
18.309999,18.325333,17.333332,17.463333
17.634666,17.850668,16.6,16.704
17.016666,17.784666,16.886667,17.52
17.640667,17.700666,16.518,17.125334
17.168667,17.483334,16.601999,16.815332
17.4,17.466,16.800667,17.252001
17.270666,17.552,16.969334,17.306
17.713333,18.492001,17.482668,18.439333
18.826668,18.846666,17.719999,18.118668
17.952667,18.066668,17.533333,17.594
17.826,17.977333,16.9,17.333332
17.378668,17.457333,16.839333,17.396667
17.591333,19.862,17.473333,19.609333
20.07,20.296,19.048668,19.233334
21.148001,21.4,20.067333,20.990667
20.549999,22.66,20.443333,22.059999
22.497999,23.143999,21.766666,22.323334
21.892668,22.526667,21.483999,21.993334
22.169333,22.799999,21.940001,22.488001
22.550667,23.189333,22.315332,22.952
22.916,23.280001,22.727333,23.094
22.700001,22.930668,22.009333,22.76
22.604668,23.253332,22.406,22.737333
22.889334,23.412001,22.719999,23.210667
23.233334,23.838667,23.229334,23.426666
23.266666,23.6,23.015333,23.367332
23.224667,23.318666,22.022667,22.085333
22.210667,22.98,22.146667,22.582001
22.846666,23.140667,22.476667,22.933332
22.822001,23.238667,22.602667,23.229334
23.012667,23.713333,23.007999,23.620667
23.756001,24.450001,23.525333,23.564667
22.783333,23.32,22.236668,23.166
23.466667,23.540001,22.493334,22.546
22.290001,22.5,21.703333,21.722
21.666668,23.081333,21.666668,23.066668
22.67,23.130667,22.366667,22.927999
23.066,23.218666,22.813999,23.191334
23.133333,23.166668,22.636667,22.744667
22.788668,23.440001,22.550667,23.365334
24.0,24.4,23.466667,23.899332
23.736668,24.578667,23.466667,23.98
23.733999,24.492001,23.384001,24.204
24.6,25.299334,23.843332,23.864668
24.0,24.398666,23.541332,24.343332
24.660667,24.811333,24.015333,24.450666
24.628,24.794001,24.344,24.440001
24.676666,25.162666,24.450001,25.119333
25.0,25.191334,24.288668,24.380667
24.133333,24.379999,22.925333,23.228001
23.369333,23.436666,22.246,22.468666
22.506666,23.134001,21.982668,22.198
21.803333,22.019333,20.791332,21.025333
21.16,21.564667,20.829332,21.318001
20.9,20.966667,19.68,19.692667
20.0,21.798,19.606001,21.739332
21.322666,21.478001,20.1,21.075333
21.540001,22.416,21.227333,22.257999
22.519333,22.614,21.684,22.186666
20.406668,21.008667,19.92,20.674667
20.466667,20.626667,19.825333,20.024
20.4,21.200001,20.181999,21.179333
21.448,22.449333,21.183332,22.330667
22.797333,22.934,21.801332,22.356667
22.366667,22.9,22.098,22.568666
22.293333,23.025999,22.119333,22.997999
22.806,23.227333,22.584667,23.150667
22.825333,22.833332,22.266666,22.293333
22.333332,23.253332,22.299999,22.962
22.985332,23.466667,22.9,23.07
23.080667,23.433332,22.943333,23.153999
21.533333,21.808666,19.982,20.150667
20.321333,20.533333,19.700001,19.927999
19.5,19.633333,18.779333,19.172667
18.868668,19.578667,18.618668,19.434
19.625999,19.901333,19.303333,19.802668
19.527332,19.830667,19.183332,19.758667
19.684668,19.903999,19.453333,19.830667
20.030001,20.6,19.899332,20.584667
20.066668,20.770666,19.6,20.468
20.361334,21.073334,20.233334,20.813999
20.865334,21.02,20.125334,20.859333
20.832666,21.496,20.816668,21.423332
21.306,21.615999,21.041332,21.148001
20.886667,20.98,20.200001,20.500668
20.455334,20.496668,19.9,20.386667
20.773333,21.24,20.700001,20.856001
21.08,21.212667,20.641333,20.787333
20.823334,20.85,20.371332,20.544666
20.225332,20.451332,20.066668,20.251333
20.299999,20.533333,20.26,20.525333
20.437332,20.769333,20.364668,20.375999
20.294001,20.42,19.933332,20.170668
20.120667,20.216,19.366667,19.415333
19.632668,19.766666,19.473333,19.647333
19.860666,20.193333,19.799999,19.917999
19.481333,20.134001,19.251333,19.857332
20.118668,21.086666,20.036667,20.982668
21.261333,21.333332,20.720667,21.325333
20.462667,20.475332,19.459999,19.652666
19.874666,19.933332,18.851999,19.024
18.799999,18.933332,18.006666,18.436001
18.431999,18.767332,18.292667,18.416
18.589333,18.98,18.283333,18.439333
18.460667,19.039333,18.392668,18.942667
18.901333,19.418667,18.700001,19.394667
19.099333,19.204666,18.737333,18.890667
18.926666,19.466,18.846666,19.264
19.496668,19.692667,19.219334,19.330667
18.900667,18.914667,18.293333,18.362
18.4,18.536667,17.82,17.966
17.833332,18.219999,17.563999,17.831333
17.979334,18.331333,17.753332,18.24
18.173332,18.43,17.896667,18.268
18.172001,18.186666,17.6,17.635332
17.313999,17.545334,16.964001,17.361334
17.629333,18.017332,17.628668,17.851334
17.916668,18.358,17.878668,18.322001
18.477333,18.688667,18.34,18.574667
18.58,18.677334,18.299999,18.657333
18.841333,19.280001,18.752001,19.278667
19.219999,19.296,18.925333,19.058666
19.154667,19.744667,19.144667,19.454
17.459333,18.08,17.372667,17.851999
17.990667,18.406668,17.740667,18.330667
18.512667,18.743999,18.029333,18.213333
18.110001,18.333332,17.974001,18.153999
18.449333,18.558666,18.192667,18.403999
17.886667,18.033333,17.706667,17.894667
18.014668,18.129999,17.788668,17.846666
17.908667,17.925333,17.242001,17.758667
17.716667,18.333332,17.648001,18.224001
18.316668,18.319332,17.902666,18.082001
18.082001,18.322666,17.983334,18.217333
17.933332,17.978666,17.498667,17.516666
17.343332,17.706667,17.049999,17.593332
17.59,17.688,17.200001,17.243999
17.0,17.266666,16.404667,16.508667
16.433332,16.445333,15.408667,15.676
15.724,16.265333,15.478,16.098
16.137333,16.280666,15.8,15.912667
15.923333,16.0,15.433333,15.600667
16.368,16.475332,15.848,16.273333
16.257334,17.107332,16.232668,17.002001
16.667999,17.223333,16.566668,17.022667
17.120001,17.147333,16.34,16.470667
16.462667,16.706667,16.280001,16.322666
16.133333,16.245333,15.796,16.132
15.983333,16.132668,15.734667,15.968
15.467333,15.498,14.966667,15.134
15.286667,15.633333,15.2,15.487333
15.288,15.496,15.016667,15.463333
15.299333,15.4,15.1,15.222
14.797333,14.816,13.928,14.068667
13.52,13.733333,13.016667,13.690667
13.184,13.826667,13.069333,13.672
13.273333,13.596,12.785333,12.848667
12.956,13.298,12.414667,13.032667
13.322,13.332,12.583333,12.708667
12.746667,13.0,12.523333,12.58
12.473333,12.826,12.336,12.657333
12.583333,12.817333,12.468,12.548
12.34,12.661333,12.273333,12.344
12.367333,12.445333,11.799333,11.931333
12.073333,12.932,11.974,12.906667
13.245333,13.418667,12.79,13.106
13.629333,14.066667,13.453333,13.73
13.666667,14.056,13.566667,13.633333
14.016667,14.462667,13.934,14.192
14.609333,14.726667,14.233333,14.473333
14.863333,14.892,13.933333,13.950667
14.025333,14.326667,13.834,14.260667
14.083333,14.443333,14.026667,14.328
14.365333,15.133333,14.284667,15.002
15.248,15.649333,14.837333,14.982667
15.007333,15.184667,14.737333,15.095333
14.866667,15.126667,14.423333,14.641333
14.414667,14.812,14.366667,14.790667
14.882667,15.057333,14.734667,14.909333
14.959333,15.022667,14.632667,14.650667
14.687333,15.148667,14.54,14.618
14.63,14.86,14.49,14.856
14.732667,15.011333,14.72,14.897333
15.347333,15.54,15.085333,15.144667
15.259333,15.276667,14.814667,14.97
15.959333,16.104668,15.634,15.66
15.638,15.696667,15.386667,15.54
15.416,15.483333,15.244,15.356
15.264667,15.4,15.152,15.337333
15.61,15.929333,15.542667,15.928
15.876,16.1,15.72,15.906667
15.983333,16.358667,15.980667,16.338667
16.533333,16.961332,16.323999,16.9
16.620001,16.902,16.528667,16.825333
17.044666,17.220667,16.889999,16.990667
17.003332,17.049999,16.792667,16.902666
17.046,17.330667,16.974667,17.212
17.25,17.476667,16.945999,17.045334
17.114,17.365334,16.966667,17.344667
17.278,17.738001,17.210667,17.658667
15.566667,15.633333,15.036667,15.254667
15.128,15.350667,14.816667,15.202667
15.139333,15.729333,15.068667,15.718
15.526667,16.224001,15.478667,16.150667
16.200001,16.445333,15.776667,16.107332
16.176666,16.300667,15.451333,15.59
15.423333,15.751333,15.282,15.622667
15.306667,15.424667,15.052,15.221333
15.458667,15.5,15.05,15.383333
15.1,15.571333,15.053333,15.561333
15.63,15.986667,15.51,15.886667
15.736667,15.930667,15.587333,15.667333
15.532667,15.718,15.25,15.267333
15.254,15.733333,15.17,15.666667
15.414,15.433333,14.446,14.641333
14.724,14.770667,14.103333,14.376
14.444,14.816,14.401333,14.662667
14.947333,15.188667,14.78,15.122
15.174667,15.272667,14.969333,15.057333
14.800667,14.881333,14.506667,14.722
14.853333,15.026667,14.548,14.81
14.664667,14.744667,14.066667,14.093333
14.24,14.334667,14.102667,14.333333
14.382667,14.586667,14.135333,14.272
14.246,14.483333,14.154,14.372667
14.6,14.893333,14.533333,14.780667
15.276667,15.496,14.947333,15.040667
14.938667,15.263333,14.877333,15.000667
15.126,15.230667,14.614,14.712
14.833333,15.32,14.723333,15.305333
15.146667,15.309333,15.011333,15.163333
15.333333,15.584,15.282,15.452667
15.386667,15.702667,15.262667,15.702667
15.825333,16.544666,15.733333,16.473333
16.513332,16.9,16.293333,16.391333
16.464001,16.563334,16.324667,16.346666
16.4,16.495333,16.077999,16.187332
16.164667,16.373333,16.024668,16.319332
16.333332,16.544666,16.158001,16.232668
16.4,16.529333,16.322666,16.440001
16.432667,16.463333,15.877333,16.041332
16.0,16.345333,15.948,16.082001
16.101334,16.132668,14.840667,14.880667
14.970667,15.265333,14.557333,15.246667
15.377333,16.220667,15.16,16.170668
16.146667,16.580667,15.915333,16.142
16.200001,16.265333,15.740667,16.058001
16.1,16.396667,15.942,16.312668
16.219334,16.309999,15.962,16.208668
15.457333,15.632,14.952,15.535333
15.440667,15.652,15.204667,15.428667
15.32,15.904,15.236667,15.848
15.724667,16.262667,15.633333,16.003332
16.087999,16.486668,16.043333,16.302
16.351999,16.618668,16.105333,16.316
16.476667,16.738667,16.454,16.525999
16.526667,17.236668,16.475332,17.130667
17.18,17.333332,16.941334,17.192667
17.159332,17.473333,17.128,17.316668
17.5,17.652,17.344667,17.464666
17.379999,17.52,17.006666,17.129999
17.222,17.299999,16.678667,16.9
16.954666,17.222,16.723333,17.038668
16.966667,17.076,16.756666,16.978666
19.891333,20.328667,19.280001,19.978666
19.848,22.0,19.740667,21.875334
21.836,22.722668,21.506666,21.847334
21.332666,21.620001,20.983334,21.081333
20.866667,21.252666,20.664667,21.000668
20.873333,21.266666,20.866667,20.994667
21.087999,21.098667,20.653334,20.887333
20.986668,21.462667,20.617332,21.164667
21.308001,21.567333,21.074667,21.148001
21.200001,21.781334,20.966667,21.771999
21.942667,22.766666,21.868,22.369333
22.299999,22.497334,22.166668,22.476
22.93,23.279333,22.799999,23.006001
23.126667,23.358,22.936001,23.328667
23.666668,23.755333,23.011999,23.073999
23.073999,23.589333,22.860666,23.290001
23.375999,23.52,23.224001,23.478001
23.528,23.543333,23.073334,23.332666
23.450001,23.999332,23.186666,23.968
24.0,24.08,23.304667,23.481333
23.634001,24.056,23.6,23.655333
22.677334,22.733334,22.0,22.202667
22.954666,22.971333,22.297333,22.422667
22.351334,22.366667,21.806667,21.927999
22.074667,22.261999,21.904667,22.086
22.073999,22.084,21.833332,21.996
21.959999,22.425333,21.912666,22.324667
22.174667,22.527332,22.146,22.413334
22.516666,22.524,22.190001,22.202
22.188667,22.294666,21.816668,22.024668
22.333332,22.590668,22.318001,22.392668
22.439333,22.963333,22.338667,22.635332
22.664,23.382,22.620667,23.256001
23.458668,23.812668,23.406,23.513332
23.661333,24.182667,23.548668,23.978666
24.07,24.347334,23.642668,23.892668
24.17,25.573999,24.166668,25.433332
25.266001,25.700001,25.059999,25.266001
25.375334,26.348,25.372,26.209999
26.488001,27.123333,26.433332,26.936001
27.352667,27.533333,26.679333,27.039333
27.452,28.134001,27.333332,27.948
27.890667,28.364668,27.512667,28.35
28.527332,28.898666,28.423332,28.729334
29.0,29.020666,28.407333,28.691999
28.586,28.6,27.284,27.646667
27.0,28.086,26.805332,27.888666
28.299999,28.713333,28.114,28.684
29.366667,30.266666,29.128,29.534
29.364668,30.104,29.333332,30.102667
30.76,31.441999,30.224001,31.270666
31.58,33.232666,31.215334,32.809334
33.139999,33.253334,31.524668,32.089333
32.119331,32.329334,31.58,31.876667
32.900002,35.042,32.799999,34.990665
36.284,36.493999,34.993332,35.861332
35.317333,35.855999,34.452667,34.566666
32.916668,34.297333,32.811333,34.232666
33.840668,34.377998,33.543999,34.033333
35.349998,36.571999,35.227333,36.48
38.125999,39.633331,37.273335,37.970669
37.616669,38.799999,37.040001,38.146667
38.042,38.257332,36.950668,37.654667
36.132668,37.629333,35.952,37.201332
37.899334,38.453999,37.205334,37.793331
38.379333,39.32,37.828667,38.732666
42.161331,43.391998,41.200001,42.720669
42.666668,43.533333,42.167999,43.371334
44.912666,52.409332,44.901333,52.0
58.863998,64.599335,55.591999,59.137333
54.883999,56.398666,46.940666,48.98
46.661331,53.055332,45.799999,49.930668
48.703335,51.316666,48.666668,49.871334
53.333332,54.666,50.16,51.418667
51.252666,52.234001,50.533333,51.625332
51.858002,52.650002,50.891335,51.152668
49.456001,54.533333,49.0,53.599998
52.481335,54.198002,52.366669,53.335335
56.106667,57.333332,55.490665,57.226665
61.566666,62.985332,60.068001,61.161331
60.796665,60.799999,57.329334,59.960667
60.465332,60.870667,58.696667,60.066666
55.933334,57.566666,54.813332,55.585999
56.599998,57.106667,52.466667,53.327332
52.166668,54.220669,51.740665,51.919998
48.666668,49.318001,44.599998,45.266666
41.98,46.034668,40.768002,44.532665
47.417332,49.579334,45.778,49.574669
53.666668,53.798668,47.740665,49.700668
50.930668,51.101334,48.315334,49.966667
48.251331,49.716667,47.871334,48.302666
46.0,47.133331,45.618,46.898666
40.359333,44.200001,40.333332,40.533333
43.962002,44.533333,40.533333,43.021999
42.68,43.571999,40.866669,42.282001
38.726002,39.633331,36.416668,37.369999
39.666668,40.504665,33.466667,36.441334
31.299999,32.991333,29.478001,29.671333
29.334,31.456667,26.4,28.68
25.933332,26.990667,23.367332,24.081333
24.98,30.133333,23.897333,28.509333
29.213333,31.799999,28.386,28.502001
28.906668,29.466667,27.366667,28.952667
31.82,34.245998,31.6,33.666668
36.349998,37.133331,34.074001,35.950001
36.492668,37.333332,34.150002,35.210667
33.666668,35.053333,32.935333,34.290668
34.017334,34.443333,32.748669,33.475334
33.416668,36.197334,33.133331,34.933334
33.599998,34.263332,31.673332,32.104
32.068668,32.950668,29.76,30.298
33.966667,34.366001,31.226,32.000668
34.080002,34.733334,33.197334,34.416
36.333332,37.666668,35.489334,36.363335
36.946667,37.147331,35.555332,36.589333
37.472668,38.345333,37.140667,38.200001
39.344002,43.466667,38.702,43.396667
46.598,49.458668,46.161999,47.326
49.466667,50.208668,47.333332,48.655334
47.796001,50.630001,47.114666,49.680668
51.485332,51.663334,49.844002,50.259335
48.846668,51.037998,47.480667,49.757332
48.674667,50.222,44.919334,45.781334
46.931999,48.933334,45.914001,48.807335
48.506668,48.933334,46.875332,47.042
47.387333,48.715332,46.545334,48.343334
49.174,53.299332,49.0,53.25
53.042667,53.666668,50.445999,51.274666
52.678001,53.546665,52.210667,53.367332
57.012669,57.987999,50.900002,52.125332
50.333332,51.518002,45.535999,46.754665
46.733334,50.799999,46.533333,50.745998
52.652668,53.261333,50.812,51.214001
51.766666,52.653332,50.740665,52.172001
51.813999,53.093334,51.490002,52.002666
52.917999,54.933334,52.467335,54.627998
52.700668,54.933334,52.333332,54.085999
55.133331,56.219334,53.866669,53.960667
54.722,55.066666,50.886665,52.730667
52.0,53.557335,50.933334,53.555332
52.689999,53.669998,52.436668,53.278
55.185333,55.647999,53.591999,54.242001
54.344666,54.804668,53.738667,53.867332
54.700001,55.066666,54.119999,54.370667
54.400002,55.5,53.066666,55.173332
54.811333,55.452,54.133331,54.458668
55.633331,55.639999,54.380669,54.591331
54.723999,55.180668,52.333332,54.681999
54.234001,54.983334,53.445999,53.720669
53.916668,55.666668,53.613998,55.666668
57.200001,59.933334,56.939999,59.873333
59.646667,60.577332,58.066666,58.770668
59.208,59.862667,58.673332,58.863998
59.325333,59.716667,57.229332,57.625332
58.522667,59.101334,57.746666,59.043999
61.266666,63.333332,60.610668,63.327999
62.667332,63.629333,61.595333,62.711334
66.125336,68.498665,65.5,68.33667
66.013336,67.930664,64.800003,64.856003
65.333336,65.865334,60.84,62.352001
61.186001,66.589333,60.566666,66.059998
67.456665,67.52533,64.159332,65.475334
65.847336,67.0,65.504669,66.119331
66.866669,67.946671,66.297997,66.930664
67.518669,67.731331,66.089333,66.726669
66.66333,67.258667,66.001335,66.288002
66.592003,67.466667,66.267334,66.785332
66.274002,66.725334,63.542667,64.056664
63.618,65.732002,62.476665,65.732002
66.318665,66.333336,63.658001,63.982666
64.60067,67.333336,63.234669,67.290001
67.099998,72.512665,66.915337,71.987335
72.199997,75.688667,72.033333,74.641998
81.431999,81.866669,79.040001,80.577332
85.112663,91.852669,84.402664,91.438667
93.667336,95.300003,89.113998,92.657333
93.666664,94.484001,87.422668,91.05867
93.132668,93.903999,90.085335,92.952003
93.066666,103.26133,91.734001,102.976669
110.599998,119.666,98.073997,99.804001
103.73333,106.0,95.400002,101.120003
102.866669,103.333336,97.133331,103.067329
98.477333,102.113998,97.73333,100.042664
100.896667,102.500664,99.333336,100.056
101.267334,110.0,99.199997,109.533333
109.328667,111.666664,103.866669,104.557335
106.599998,108.428001,104.133331,106.155334
111.93,112.599998,98.718002,100.87133
94.400665,97.666664,91.102669,94.466667
95.666664,103.195999,94.199997,102.639999
100.26667,104.313332,98.29467,98.432671
100.066666,102.320663,99.133331,99.940666
99.199997,100.882668,98.066666,99.166
101.0,101.136665,94.732002,95.384003
96.613335,100.653999,96.292,99.0
99.667336,101.827332,97.466667,99.133331
99.532669,99.989334,97.887337,99.001335
99.388664,101.153999,98.484001,99.305336
99.96933,99.98333,94.334,96.847336
96.533333,97.166664,92.389336,94.571335
93.066666,94.666664,91.0,91.625999
98.0,105.666664,95.666664,103.650665
107.400002,110.078667,104.484001,108.066666
110.999336,111.253334,108.442665,110.047333
111.800003,123.057335,111.522003,122.375999
126.599335,128.259995,123.007332,125.806
124.333336,127.400002,122.74733,125.235336
124.045334,134.799332,123.804001,133.455338
136.317337,139.699326,135.003326,136.665329
141.751999,141.933334,128.501328,134.279999
131.659332,135.196671,131.199997,134.889328
137.333328,144.399994,136.908661,143.544662
145.363998,153.039993,142.833328,149.25
153.007996,154.565994,145.768005,147.559998
148.203339,166.713333,146.703339,166.106674
167.380005,167.496674,156.83667,158.350006
159.66333,159.679993,135.039993,149.123337
135.743332,143.933334,134.0,135.666672
134.270004,142.666672,124.006668,139.440002
118.666664,122.91333,109.959999,110.07
118.866669,123.0,113.83667,122.09333
128.736664,132.996674,120.186668,123.779999
127.313332,127.5,120.166664,124.239998
126.98333,140.0,124.433334,139.873337
145.520004,153.979996,143.566666,149.919998
146.623337,152.596664,145.103333,147.253326
138.53334,145.929993,136.0,141.143326
149.313339,150.333328,142.933334,147.383331
151.043335,151.893326,135.690002,149.796661
143.199997,145.919998,139.199997,141.410004
135.053329,137.383331,125.293335,126.786667
121.26667,133.166672,117.099998,129.263336
131.156662,136.243332,130.433334,135.779999
141.539993,142.693329,138.516663,140.399994
138.666672,142.833328,137.199997,139.690002
140.440002,144.643326,140.156662,143.003326
146.919998,149.626663,144.806671,149.386673
140.463333,146.376663,138.333328,138.363327
141.116669,144.546661,139.776672,141.893326
141.263336,142.926666,135.350006,137.993332
139.956665,143.300003,137.949997,141.766663
146.146667,146.333328,141.766663,141.973328
143.376663,144.863327,142.153336,144.666672
147.333328,149.580002,146.193329,147.433334
147.78334,149.630005,145.53334,148.883331
149.926666,155.300003,149.116669,153.766663
150.103333,152.190002,147.5,149.626663
151.479996,151.983337,146.28334,146.556671
148.746674,149.0,142.956665,143.610001
143.916672,143.916672,139.683334,140.646667
140.899994,144.316666,140.416672,140.880005
147.306671,148.410004,141.503326,141.929993
140.613327,140.963333,135.793335,140.210007
137.210007,141.919998,136.666672,140.093338
141.253326,143.5,140.03334,141.559998
138.82666,139.53334,135.333328,135.339996
136.653336,139.353333,135.486664,136.943329
135.633331,135.863327,126.370003,129.346664
131.333328,135.660004,130.766663,133.503326
136.57666,142.589996,135.563339,141.300003
143.539993,145.133331,139.03334,140.32666
142.766663,146.666672,141.333328,146.029999
145.366669,145.523331,141.426666,143.316666
146.5,150.833328,140.333328,140.419998
140.029999,140.029999,132.009995,136.786667
138.816666,139.566666,136.860001,139.043335
138.350006,141.0,136.506668,137.253326
136.949997,137.509995,133.886673,136.166672
136.309998,137.483337,134.696671,136.029999
153.389999,154.0,144.33667,147.203339
149.449997,165.333328,147.833328,162.213333
164.0,169.536667,162.523331,166.42334
165.996674,167.5,163.020004,163.203339
167.833328,175.333328,167.263336,173.949997
180.133331,186.66333,175.399994,185.126663
183.353333,191.333328,181.789993,191.333328
193.720001,199.593338,192.816666,195.253326
200.736664,202.600006,184.83667,189.199997
199.196671,199.28334,190.683334,194.919998
185.479996,190.513336,180.403336,189.606674
196.67334,199.656662,194.143326,197.793335
197.003326,199.679993,195.166672,199.679993
201.639999,216.263336,201.016663,213.919998
208.503326,217.093338,206.166672,216.626663
217.896667,218.106674,196.0,201.493332
191.456665,209.25,188.779999,209.023331
205.003326,208.0,198.933334,203.330002
206.333328,214.25,203.399994,213.276672
214.426666,215.633331,207.933334,211.083328
209.410004,210.833328,201.666672,207.589996
209.396667,219.606674,206.5,218.633331
222.96666,231.666672,209.513336,231.666672
222.080002,222.833328,215.356674,216.619995
216.0,216.626663,204.743332,213.446671
210.733337,217.166672,207.523331,215.32666
214.330002,222.029999,213.666672,220.589996
224.83667,227.133331,220.266663,221.229996
220.333328,223.300003,218.333328,221.996674
224.0,232.199997,222.786667,231.593338
233.330002,239.573334,230.373337,235.223328
239.820007,248.16333,239.063339,243.256668
241.220001,246.946671,239.733337,245.036667
252.830002,258.0,249.699997,251.993332
259.209991,272.329987,258.399994,272.013336
285.333344,294.829987,279.463318,293.339996
283.133331,284.809998,267.873322,270.396667
277.0,289.333344,275.779999,283.146667
284.253326,286.823334,277.333344,284.803345
281.130005,287.666656,279.583344,281.666656
284.0,286.633331,273.033325,275.386658
279.266663,283.333344,277.666656,281.516663
286.246674,286.5,279.093323,283.483337
285.0,285.23999,280.473328,281.66333
278.103333,282.666656,276.206665,282.213318
285.0,300.133331,279.606659,293.600006
297.126678,298.633331,290.533325,294.363342
290.116669,297.166656,286.220001,288.053345
273.333344,282.666656,267.0,278.476654
276.666656,280.803345,260.033325,264.51001
271.429993,280.666656,265.186676,279.936676
281.559998,293.5,280.733337,290.929993
292.339996,292.693329,284.353333,284.896667
285.0,285.5,277.806671,283.329987
281.666656,288.256653,279.656677,284.07666
289.890015,292.589996,284.916656,287.806671
285.040009,286.600006,280.583344,283.15332
281.213318,281.606659,266.67334,268.273346
270.813324,276.626678,267.243347,270.553345
267.08667,272.443329,261.776672,272.040009
272.666656,273.666656,264.146667,265.406677
259.696655,266.613342,254.003326,266.049988
260.299988,264.896667,258.756653,262.459991
265.0,265.59668,259.123322,260.433319
254.213333,256.166656,236.733337,238.166672
220.710007,237.869995,206.333328,232.946671
237.28334,248.333328,231.389999,247.339996
242.050003,245.736664,223.526672,227.406662
233.333328,235.566666,219.83667,225.166672
230.036667,239.666672,228.350006,239.476669
239.426666,240.369995,228.333328,228.813339
229.330002,233.566666,217.236664,217.733337
218.600006,222.816666,200.0,207.146667
208.686661,209.279999,179.830002,199.316666
200.183334,206.710007,186.263336,187.666672
202.726669,226.029999,198.403336,224.526672
233.433334,239.28334,218.353333,222.686661
233.133331,234.166672,225.726669,233.199997
223.333328,231.626663,222.046661,231.243332
231.363327,237.726669,228.013336,235.979996
234.449997,235.973328,223.666672,225.626663
218.956665,234.57666,217.003326,233.936661
228.096664,229.743332,217.333328,217.720001
215.53334,219.07666,208.206665,218.289993
228.196671,233.206665,222.916672,223.333328
225.256668,225.933334,219.169998,220.720001
222.636673,222.67334,210.036667,210.089996
204.333328,215.166672,203.166672,213.463333
213.956665,214.606674,199.963333,206.236664
205.213333,205.493332,198.67334,203.763336
200.583328,212.553329,197.003326,211.873337
215.539993,224.0,213.703339,222.643326
229.456665,230.806671,219.806671,220.583328
235.903336,236.053329,228.233337,230.350006
230.100006,232.183334,227.123337,230.539993
229.0,230.460007,222.613327,223.656662
225.793335,229.850006,223.883331,227.933334
225.92334,226.990005,223.143326,225.67334
228.566666,234.933334,227.363327,233.993332
237.566666,254.333328,236.886673,254.106674
256.899994,260.263336,242.676666,244.07666
247.699997,247.896667,240.436661,246.28334
242.883331,249.803329,241.53334,246.593338
239.866669,241.800003,230.600006,238.210007
239.139999,245.75,236.896667,239.66333
234.92334,248.279999,232.666672,248.039993
247.166672,251.256668,239.346664,239.896667
239.933334,245.786667,238.486664,243.133331
247.0,249.766663,244.203339,246.066666
239.320007,241.333328,234.449997,234.91333
232.136673,236.166672,231.199997,231.46666
233.169998,234.083328,222.833328,225.666672
222.529999,238.490005,222.046661,236.479996
234.600006,235.333328,226.833328,228.300003
226.313339,227.816666,219.233337,224.53334
227.020004,228.433334,222.446671,223.646667
226.919998,227.006668,216.666672,221.179993
221.933334,230.0,220.073334,224.123337
221.633331,221.683334,209.203339,209.679993
199.746674,209.03334,198.53334,205.733337
200.830002,206.803329,195.589996,196.630005
200.513336,202.153336,186.550003,190.563339
194.470001,197.623337,190.153336,196.580002
191.850006,196.57666,187.066666,192.276672
189.333328,198.75,187.793335,192.623337
184.183334,188.736664,182.32666,187.820007
191.666672,196.28334,190.356674,195.593338
198.703339,198.893326,193.333328,193.626663
193.866669,204.82666,191.21666,202.146667
202.436661,204.66333,198.570007,201.563339
202.520004,208.723328,200.5,206.376663
206.746674,210.376663,205.403336,210.28334
209.5,211.863327,207.460007,208.406662
209.266663,211.266663,206.850006,207.96666
206.710007,207.786667,199.713333,201.706665
200.600006,201.516663,190.406662,190.946671
193.236664,200.203339,192.399994,199.683334
197.276672,203.333328,194.293335,201.710007
207.669998,207.696671,198.5,201.196671
200.723328,203.929993,199.210007,199.593338
201.293335,205.529999,200.166672,203.373337
203.410004,204.186661,200.506668,203.296661
204.07666,208.496674,203.059998,205.896667
205.563339,205.596664,199.410004,199.786667
199.179993,202.833328,197.833328,201.623337
200.630005,207.156662,200.446671,205.53334
204.456665,209.449997,203.933334,207.770004
208.160004,210.463333,202.960007,206.943329
206.083328,209.523331,205.166672,207.903336
210.666672,219.066666,210.013336,218.856674
224.996674,232.539993,222.536667,226.606674
229.860001,231.270004,222.899994,223.956665
223.880005,231.566666,223.440002,229.573334
228.21666,229.169998,225.296661,226.919998
226.589996,230.936661,226.046661,226.566666
227.973328,229.330002,224.266663,225.973328
226.32666,233.333328,224.419998,226.300003
227.236664,228.0,217.133331,219.860001
221.42334,221.899994,212.773331,214.883331
209.456665,218.143326,206.820007,217.603333
217.726669,219.636673,214.896667,218.983337
220.733337,229.080002,220.720001,228.566666
228.773331,231.093338,222.100006,222.846664
223.583328,226.203339,217.613327,217.793335
219.463333,222.046661,212.626663,216.866669
218.226669,218.899994,214.066666,214.740005
209.963333,215.733337,207.096664,215.406662
217.330002,220.796661,213.5,220.166672
219.869995,221.619995,216.763336,218.429993
218.813339,220.723328,214.866669,216.419998
215.453339,216.266663,212.433334,214.460007
216.990005,222.733337,215.703339,219.206665
221.133331,222.166672,209.080002,214.926666
215.666672,218.323334,213.133331,215.660004
216.596664,227.896667,216.266663,225.78334
223.919998,232.509995,223.0,229.066666
233.333328,242.313339,232.800003,236.556671
239.666672,240.883331,233.669998,236.580002
237.0,241.633331,236.309998,236.973328
238.666672,240.316666,237.136673,238.210007
237.300003,238.776672,232.543335,233.03334
236.723328,239.676666,235.043335,237.919998
237.996674,238.863327,233.960007,236.66333
237.570007,238.393326,234.736664,235.940002
235.446671,240.933334,233.133331,240.75
241.236664,243.300003,238.113327,239.056671
235.023331,236.5,225.46666,228.723328
224.220001,224.860001,216.279999,221.903336
223.25,231.92334,223.116669,229.66333
226.070007,228.850006,222.529999,224.490005
227.616669,230.710007,224.566666,226.753326
228.479996,237.376663,226.916672,235.433334
236.893326,238.406662,234.213333,236.16333
235.676666,238.990005,234.666672,237.066666
236.103333,238.46666,232.539993,233.720001
235.0,238.333328,234.03334,237.306671
238.240005,243.666672,237.57666,243.636673
244.333328,246.796661,242.146667,245.240005
244.693329,247.330002,243.756668,244.696671
244.833328,246.990005,243.513336,244.130005
244.083328,244.666672,241.399994,244.523331
246.666672,253.399994,246.419998,250.973328
253.860001,254.816666,246.92334,251.289993
251.136673,254.03334,250.543335,251.619995
253.199997,254.203339,244.839996,245.42334
246.736664,248.259995,236.28334,247.666672
247.523331,251.490005,245.46666,248.16333
248.333328,252.286667,246.119995,251.943329
250.943329,252.970001,249.203339,252.330002
252.383331,253.679993,250.0,253.16333
244.853333,247.333328,239.539993,243.389999
244.929993,248.246674,243.479996,246.460007
247.843338,251.223328,246.373337,250.646667
251.666672,252.733337,249.306671,251.213333
248.630005,258.266663,248.186661,258.130005
257.706665,266.333344,256.436676,263.786682
262.399994,265.213318,255.393326,259.186676
259.933319,264.5,256.893341,260.436676
260.333344,263.043335,258.333344,258.493347
259.466675,260.26001,254.529999,258.406677
265.5,268.98999,258.706665,260.51001
261.600006,265.769989,258.066681,260.196655
258.733337,262.220001,257.73999,260.916656
261.820007,268.333344,261.126678,264.536682
265.40332,265.459991,260.303345,261.829987
262.549988,267.079987,261.833344,263.980011
266.976654,270.773346,265.523346,268.573334
270.156677,271.803345,268.593323,270.359985
271.829987,273.416656,271.116669,272.773346
274.579987,281.070007,274.116669,281.01001
283.929993,291.753326,283.823334,290.036682
292.51001,292.649994,287.503326,288.089996
288.450012,289.829987,285.793335,288.600006
285.333344,300.0,285.166656,298.0
298.5,303.333344,296.986664,303.226654
316.843323,348.339996,314.733337,341.619995
341.563324,364.980011,333.813324,339.476654
346.553345,356.959991,343.593323,345.953339
356.103333,360.333344,351.399994,359.013336
360.619995,371.736664,357.736664,371.333344
381.666656,403.25,372.886658,402.863342
386.453339,402.863342,382.0,390.666656
392.443329,405.130005,384.206665,404.619995
411.470001,414.496674,405.666656,409.970001
409.333344,413.290009,402.666656,407.363342
383.263336,399.0,377.666656,387.646667
391.200012,391.5,337.17334,341.166656
336.803345,359.366669,329.103333,355.983337
367.589996,368.323334,351.559998,354.503326
349.166656,351.5,339.733337,344.473328
339.209991,343.993347,326.200012,337.796661
334.436676,352.399994,334.059998,351.57666
354.503326,373.213318,351.833344,363.003326
368.850006,370.666656,358.339996,365.459991
366.290009,379.573334,364.233337,379.019989
387.443329,400.649994,377.476654,385.623322
389.170013,393.5,354.233337,369.676666
360.130005,377.589996,354.0,372.0
366.48999,369.593323,360.333344,360.640015
366.996674,380.890015,366.730011,378.996674
381.456665,389.333344,372.666656,381.58667
386.899994,390.946655,363.58667,365.0
366.353333,371.0,352.216675,361.533325
361.59668,363.526672,333.40332,338.323334
333.83667,340.546661,316.833344,336.33667
348.066681,352.556671,342.269989,350.583344
350.90332,357.459991,344.333344,356.320007
353.546661,354.16333,334.119995,334.600006
336.25,340.32666,327.51001,339.01001
333.696655,335.0,317.140015,322.136658
315.0,322.136658,310.0,319.503326
317.736664,326.25,309.416656,325.329987
331.5,331.660004,307.283325,308.973328
304.92334,320.220001,303.013336,310.856659
303.566681,307.230011,297.796661,299.980011
305.623322,313.166656,295.373322,312.843323
321.886658,338.553345,319.016663,336.290009
335.600006,357.660004,332.519989,355.666656
357.890015,372.333344,356.906677,364.646667
369.829987,373.0,359.473328,362.823334
366.213318,368.0,354.713318,362.063324
353.776672,365.183319,351.049988,356.779999
357.813324,360.666656,351.529999,352.26001
382.583344,400.356659,378.679993,399.926666
396.516663,402.666656,374.350006,383.196655
382.216675,390.113342,360.33667,362.706665
359.0,362.666656,340.166656,354.899994
360.123322,360.309998,336.666656,342.320007
333.333344,353.033325,326.666656,352.706665
351.223328,358.616669,346.273346,354.799988
359.616669,371.613342,357.529999,368.73999
369.690002,371.866669,342.179993,343.853333
339.959991,350.666656,337.793335,349.869995
342.203339,356.929993,338.686676,343.503326
347.236664,351.556671,331.666656,331.883331
336.57666,347.220001,331.333344,332.089996
332.113342,334.850006,313.5,314.633331
301.58667,311.170013,283.823334,310.0
304.733337,317.08667,301.070007,306.133331
317.476654,329.230011,302.0,312.470001
311.119995,311.796661,276.333344,276.366669
277.186676,285.833344,264.003326,282.116669
290.90332,312.66333,287.350006,312.23999
311.736664,314.566681,301.666656,310.416656
309.393341,310.5,296.470001,301.886658
294.0,312.333344,293.506653,297.046661
299.073334,312.166656,293.723328,307.773346
307.929993,315.92334,300.90332,302.446655
301.843323,308.763336,298.266663,307.333344
311.666656,315.42334,306.666656,310.666656
302.790009,314.603333,298.899994,301.516663
303.209991,305.320007,283.566681,286.666656
287.190002,299.626678,284.383331,291.920013
300.0,307.666656,297.793335,307.476654
304.683319,308.809998,300.40332,307.796661
304.420013,306.166656,291.366669,292.116669
295.333344,295.623322,279.203339,285.660004
278.043335,285.57666,267.033325,273.843323
276.809998,278.433319,253.520004,254.679993
233.463333,267.493347,233.333328,266.92334
269.743347,273.166656,260.799988,269.956665
271.670013,292.286682,271.570007,290.143341
289.893341,296.626678,284.593323,288.123322
290.709991,295.493347,281.42334,293.296661
292.92334,295.480011,277.533325,279.763336
283.033325,285.216675,275.053345,279.429993
285.433319,288.713318,268.190002,268.193329
265.176666,283.329987,260.723328,274.799988
279.82666,286.853333,277.33667,286.323334
283.816681,284.816681,270.119995,279.433319
280.066681,281.266663,264.589996,265.116669
260.203339,266.899994,252.013336,255.456665
258.42334,268.523346,252.190002,267.296661
269.666656,280.666656,267.420013,280.07666
276.996674,291.666656,275.23999,290.533325
291.496674,302.616669,289.130005,301.796661
304.993347,314.283325,302.363342,307.053345
310.0,332.619995,307.25,331.32666
326.646667,346.899994,325.466675,333.036682
336.57666,341.496674,329.600006,337.973328
336.0,340.600006,332.440002,336.880005
355.033325,365.959991,351.200012,363.946655
369.329987,371.589996,357.703339,366.523346
363.723328,371.316681,361.333344,364.66333
364.856659,367.713318,358.880005,359.200012
360.383331,364.916656,355.546661,361.529999
363.126678,383.303345,357.51001,381.816681
378.766663,384.290009,362.433319,363.753326
357.823334,359.666656,342.566681,348.58667
350.796661,358.863342,340.513336,352.420013
347.736664,349.480011,340.813324,341.829987
326.799988,336.156677,324.880005,325.309998
332.546661,340.396667,325.533325,328.983337
327.026672,342.079987,324.366669,340.790009
333.09668,337.570007,327.396667,328.333344
329.676666,338.306671,324.470001,334.763336
335.019989,344.980011,331.776672,342.716675
343.333344,344.666656,325.083344,325.733337
358.243347,364.073334,332.140015,336.26001
338.303345,344.950012,331.333344,335.016663
326.323334,336.206665,325.100006,332.67334
331.809998,333.333344,291.666656,292.140015
299.526672,306.0,292.453339,293.83667
299.993347,300.0,273.899994,292.503326
300.75,311.466675,290.0,290.253326
286.92334,302.119995,282.676666,300.980011
301.059998,308.026672,296.196655,303.083344
301.313324,318.5,295.093323,317.540009
313.006653,315.200012,285.899994,291.093323
295.666656,296.0,281.036682,288.549988
278.816681,281.876678,260.383331,262.369995
273.103333,275.119995,258.083344,266.679993
265.0,269.92334,242.399994,244.666672
233.666672,253.220001,226.666672,242.666672
257.82666,262.450012,250.523331,256.529999
255.720001,256.58667,239.696671,241.456665
249.119995,254.82666,242.949997,253.869995
248.17334,253.5,233.603333,236.603333
235.666672,244.666672,231.369995,236.473328
237.996674,240.526672,211.0,221.300003
218.339996,226.653336,212.686661,224.96666
217.843338,217.973328,206.856674,209.386673
207.949997,223.106674,207.669998,219.600006
220.473328,239.556671,217.886673,235.910004
241.083328,253.266663,240.176666,253.210007
257.946655,259.600006,244.743332,252.753326
251.720001,257.32666,243.639999,246.789993
244.156662,264.209991,242.066666,258.333344
243.226669,247.796661,233.416672,234.516663
244.353333,244.866669,234.350006,238.279999
234.0,239.996674,230.093338,238.886673
240.08667,249.963333,239.176666,241.866669
249.339996,255.546661,239.32666,239.706665
235.156662,239.5,227.91333,232.229996
223.166672,226.633331,214.683334,215.736664
218.286667,226.330002,211.736664,220.889999
220.916672,235.66333,218.149994,233.0
222.736664,225.166672,208.693329,213.100006
213.433334,220.970001,213.196671,216.759995
224.603333,243.57666,224.333328,237.036667
234.503326,246.833328,233.82666,236.08667
237.906662,239.316666,228.636673,235.070007
237.470001,246.066666,236.08667,245.706665
249.366669,252.070007,242.566666,244.919998
244.483337,249.970001,232.343338,232.66333
230.5,231.17334,222.273331,228.490005
224.509995,229.456665,218.863327,224.473328
227.0,230.229996,222.119995,227.263336
223.0,233.146667,216.166672,233.066666
230.779999,234.563339,227.186661,231.733337
233.919998,245.363327,232.210007,244.543335
242.333328,254.979996,241.160004,250.763336
252.103333,253.063339,233.626663,234.343338
236.846664,239.773331,228.369995,233.070007
225.5,242.059998,225.03334,237.039993
234.896667,238.653336,229.333328,238.313339
240.0,243.623337,236.889999,240.066666
244.936661,250.516663,239.603333,240.546661
245.0,247.139999,236.976669,245.529999
246.78334,250.66333,243.483337,247.5
255.106674,273.266663,254.866669,271.706665
276.220001,280.786682,270.713318,272.243347
272.216675,274.146667,267.399994,268.433319
266.513336,267.309998,256.263336,258.859985
263.809998,275.926666,261.790009,274.820007
280.066681,283.299988,272.799988,280.899994
280.700012,298.320007,279.100006,297.149994
301.276672,311.876678,295.0,297.276672
294.003326,307.833344,292.666656,300.58667
305.0,309.549988,301.149994,307.396667
311.0,313.606659,305.0,308.633331
302.670013,304.606659,285.543335,288.170013
295.0,305.200012,289.08667,290.42334
290.293335,292.396667,279.353333,283.333344
297.066681,297.51001,283.369995,294.356659
296.513336,298.236664,285.833344,286.630005
289.416656,300.160004,285.033325,300.029999
301.786682,313.133331,301.230011,309.320007
311.666656,314.666656,302.883331,306.563324
303.396667,309.656677,300.033325,303.996674
306.0,306.5,301.853333,302.869995
299.0,300.359985,292.5,296.666656
291.91333,292.399994,286.296661,289.91333
291.453339,298.82666,287.92334,296.453339
297.563324,303.646667,296.5,297.09668
302.359985,302.959991,291.600006,296.070007
297.429993,302.0,287.470001,288.089996
282.829987,287.73999,280.700012,284.820007
287.869995,288.480011,272.649994,277.700012
280.619995,281.25,271.809998,275.609985
272.579987,277.579987,266.149994,277.160004
281.070007,282.350006,269.079987,270.209991
272.679993,275.98999,265.73999,274.420013
273.100006,283.839996,272.269989,283.700012
281.299988,289.5,279.76001,289.26001
291.670013,299.850006,291.25,299.679993
300.720001,305.48999,300.399994,304.420013
292.899994,297.399994,290.399994,292.130005
292.23999,306.0,291.640015,302.609985
301.829987,309.119995,300.720001,303.75
299.609985,303.709991,295.600006,303.350006
300.089996,309.839996,297.799988,309.070007
306.910004,313.329987,305.579987,308.730011
308.290009,313.799988,300.630005,300.799988
299.859985,301.290009,285.820007,288.589996
283.089996,284.5,272.820007,275.329987
271.829987,284.089996,270.309998,276.01001
283.839996,288.670013,277.51001,282.940002
283.079987,289.0,277.570007,287.809998
282.76001,283.649994,265.779999,268.209991
266.149994,275.570007,262.470001,265.25
254.5,255.160004,241.009995,242.399994
250.520004,257.5,242.009995,249.440002
245.009995,246.669998,233.270004,240.809998
239.440002,244.580002,235.350006,238.130005
233.940002,234.570007,222.020004,223.070007
223.929993,226.990005,218.360001,222.960007
220.949997,225.75,215.0,216.5
215.330002,219.300003,211.509995,217.240005
208.300003,222.990005,206.220001,221.720001
224.009995,226.259995,204.160004,204.990005
210.039993,221.860001,209.449997,219.350006
229.5,229.820007,217.25,220.190002
219.800003,222.929993,217.779999,222.039993
208.279999,215.550003,202.0,207.279999
206.419998,214.660004,203.800003,214.440002
205.820007,213.5,198.589996,211.25
210.100006,224.350006,210.0,222.419998
219.399994,230.600006,218.199997,224.639999
229.770004,233.809998,222.850006,225.089996
225.399994,228.860001,216.350006,228.520004
226.190002,229.850006,221.940002,227.539993
234.050003,237.399994,227.279999,227.820007
226.039993,227.869995,214.820007,214.979996
211.360001,221.199997,210.139999,215.309998
222.600006,223.800003,203.080002,207.470001
208.649994,208.899994,196.660004,197.080002
194.020004,195.199997,186.75,191.300003
190.779999,195.889999,177.119995,177.589996
189.899994,191.0,180.029999,190.720001
186.0,196.520004,182.589996,195.970001
192.770004,195.729996,186.339996,190.949997
195.880005,200.820007,192.059998,194.419998
191.509995,192.570007,185.660004,186.919998
183.960007,186.160004,180.899994,183.169998
185.050003,185.190002,176.550003,180.190002
175.850006,176.770004,167.539993,167.869995
168.630005,170.919998,166.190002,169.910004
173.570007,183.619995,172.5,183.199997
185.059998,185.199997,180.630005,182.860001
179.960007,188.5,179.0,182.919998
184.990005,186.380005,178.75,180.830002
182.429993,194.759995,180.630005,194.699997
197.080002,198.919998,191.800003,194.699997
191.779999,196.25,191.110001,194.860001
189.440002,191.270004,180.550003,182.449997
181.220001,183.649994,175.330002,179.820007
175.029999,179.380005,172.220001,174.039993
172.199997,175.199997,169.059998,173.440002
173.839996,182.5,173.360001,179.050003
176.100006,177.369995,167.520004,167.820007
174.869995,175.050003,156.910004,160.949997
159.25,161.619995,155.309998,156.800003
153.440002,160.929993,153.279999,157.669998
159.639999,160.990005,150.039993,150.229996
154.0,155.25,145.820007,149.869995
146.050003,148.470001,137.660004,137.800003
139.339996,141.259995,135.889999,137.570007
136.0,136.630005,122.260002,125.349998
126.370003,128.619995,121.019997,123.150002
117.5,119.669998,108.760002,109.099998
110.349998,116.269997,108.239998,112.709999
120.389999,123.57,117.5,121.82
119.949997,124.480003,119.75,123.18
118.470001,118.800003,104.639999,108.099998
109.110001,114.589996,107.519997,113.639999
110.510002,111.75,107.160004,110.339996
103.0,114.389999,101.809998,113.059998
118.959999,123.519997,117.110001,119.769997
121.07,122.760002,114.919998,118.849998
122.089996,125.949997,120.510002,123.220001
122.559998,124.129997,117.0,123.559998
116.550003,122.629997,115.599998,122.400002
125.699997,131.699997,125.019997,131.490005
136.559998,136.679993,127.010002,128.779999
127.260002,129.990005,124.309998,127.169998
128.679993,133.509995,127.349998,133.419998
135.869995,145.380005,134.270004,143.75
143.0,146.5,141.100006,143.889999
141.910004,146.410004,138.070007,144.429993
159.970001,161.419998,154.759995,160.270004
162.429993,180.679993,161.169998,177.899994
178.050003,179.770004,166.5,166.660004
164.570007,174.300003,162.779999,173.220001
173.889999,183.809998,169.929993,181.410004
187.330002,196.75,182.610001,188.270004
183.949997,199.0,183.690002,189.979996
193.009995,198.169998,189.919998,194.759995
196.429993,197.5,189.550003,196.809998
196.100006,203.0,194.309998,201.289993
207.779999,214.0,204.770004,207.320007
202.229996,206.199997,192.889999,196.889999
194.419998,196.300003,187.610001,194.639999
191.940002,209.820007,189.440002,209.25
211.759995,214.660004,206.110001,214.240005
210.779999,217.649994,201.839996,202.039993
199.990005,208.440002,197.5,208.309998
204.990005,209.710007,197.220001,197.369995
197.929993,201.990005,191.779999,200.860001
203.910004,205.139999,196.330002,202.070007
196.330002,197.669998,192.800003,196.880005
202.029999,209.419998,201.259995,207.630005
210.589996,211.229996,203.75,205.710007
206.210007,207.199997,198.520004,202.770004
186.740005,193.75,186.009995,190.899994
194.800003,200.479996,192.880005,197.789993
198.539993,198.600006,192.300003,193.809998
191.380005,194.199997,186.100006,187.710007
185.039993,186.5,180.0,182.0
180.25,185.179993,172.509995,172.919998
175.130005,178.289993,168.440002,173.440002
167.460007,177.350006,163.910004,174.479996
177.309998,183.800003,177.139999,183.259995
180.800003,182.339996,176.029999,180.449997
180.369995,185.809998,178.839996,184.130005
184.520004,186.220001,177.330002,180.130005
178.080002,186.440002,176.350006,183.25
188.279999,198.0,188.039993,197.580002
199.300003,200.660004,190.949997,191.149994
195.259995,199.309998,188.649994,192.220001
191.649994,192.360001,187.149994,190.410004
194.419998,197.389999,189.940002,191.809998
192.0,192.350006,185.429993,189.190002
193.130005,195.289993,189.440002,193.880005
195.580002,197.330002,194.419998,195.279999
197.529999,207.789993,197.199997,207.460007
199.910004,202.690002,192.199997,194.770004
197.320007,198.740005,190.320007,192.580002
190.520004,190.679993,183.759995,185.520004
183.080002,186.389999,179.740005,185.059998
179.940002,185.100006,176.110001,184.509995
186.690002,189.190002,185.649994,186.789993
190.740005,191.580002,180.309998,180.539993
182.960007,186.5,180.940002,185.899994
183.949997,186.279999,182.009995,185.0
186.320007,189.690002,182.690002,187.039993
187.149994,187.690002,183.580002,184.309998
179.100006,183.5,177.649994,180.589996
166.169998,169.699997,160.559998,162.990005
164.800003,166.0,161.320007,165.080002
164.649994,165.649994,158.610001,162.550003
159.820007,163.470001,158.75,160.669998
160.289993,160.669998,153.139999,153.75
152.639999,160.479996,152.369995,160.190002
160.899994,165.0,157.320007,164.309998
163.169998,163.279999,158.830002,161.830002
161.880005,165.490005,158.929993,160.309998
160.009995,165.0,159.910004,160.610001
162.710007,162.949997,159.649994,161.199997
163.970001,170.789993,163.509995,170.059998
173.720001,173.800003,169.190002,171.789993
168.949997,169.820007,166.559998,169.149994
172.550003,174.429993,166.679993,168.539993
168.699997,173.570007,166.789993,172.080002
176.070007,177.380005,167.229996,167.979996
167.660004,169.759995,164.550003,166.350006
165.649994,169.520004,164.350006,166.520004
168.410004,174.5,167.190002,173.860001
174.220001,177.059998,172.449997,176.889999
177.169998,181.949997,176.309998,180.139999
180.699997,189.320007,180.110001,188.869995
186.199997,192.960007,185.259995,185.770004
182.229996,184.220001,178.220001,182.899994
186.539993,186.779999,180.580002,184.470001
184.619995,198.600006,184.529999,193.169998
200.100006,204.479996,197.529999,201.160004
199.779999,203.949997,195.119995,203.929993
202.589996,209.800003,199.369995,207.520004
210.149994,217.25,209.75,213.970001
217.800003,221.289993,214.520004,217.610001
216.139999,221.910004,212.529999,221.309998
228.0,230.830002,223.199997,224.570007
224.220001,235.229996,223.009995,234.860001
249.070007,252.419998,242.020004,244.399994
247.940002,250.970001,244.589996,249.830002
253.509995,259.679993,251.339996,258.709991
260.170013,261.570007,250.5,256.790009
248.399994,258.950012,247.289993,255.899994
258.920013,263.600006,257.209991,260.540009
261.5,274.75,261.119995,274.450012
275.130005,276.98999,257.779999,259.459991
250.770004,265.0,248.25,264.609985
259.290009,262.450012,252.800003,256.600006
250.070007,258.369995,240.699997,241.050003
243.240005,250.389999,240.850006,250.210007
249.699997,259.880005,248.889999,256.23999
258.029999,260.73999,253.610001,257.5
260.600006,264.450012,259.890015,261.769989
276.48999,284.25,275.109985,279.820007
278.820007,283.850006,277.600006,282.480011
278.089996,279.970001,272.880005,276.540009
278.429993,280.779999,273.769989,274.429993
276.470001,277.519989,265.100006,269.609985
268.649994,270.899994,266.369995,269.790009
276.329987,276.519989,271.459991,271.98999
274.589996,279.450012,270.600006,277.899994
277.01001,285.299988,276.309998,281.380005
286.630005,292.230011,283.570007,290.380005
290.149994,295.26001,286.01001,293.339996
296.040009,299.290009,289.519989,291.26001
279.559998,280.929993,261.200012,262.899994
268.0,268.0,255.800003,260.019989
255.850006,269.850006,254.119995,269.059998
272.380005,272.899994,265.0,265.279999
263.25,268.040009,261.75,264.350006
268.309998,269.130005,255.300003,255.710007
259.859985,267.25,258.230011,266.440002
267.480011,269.079987,263.779999,267.429993
266.26001,266.470001,260.25,261.070007
255.570007,259.519989,250.490005,254.110001
252.039993,260.48999,252.0,259.320007
260.970001,264.769989,253.110001,253.860001
251.449997,253.649994,242.759995,251.449997
247.449997,250.919998,245.009995,249.699997
250.869995,251.100006,241.899994,242.190002
245.399994,251.800003,243.0,245.339996
241.770004,243.789993,238.020004,242.649994
235.699997,240.660004,233.75,239.759995
238.729996,240.5,232.610001,232.960007
228.020004,233.970001,225.380005,225.600006
226.059998,226.740005,218.830002,219.220001
214.119995,217.580002,212.360001,215.490005
221.550003,232.130005,220.580002,231.279999
240.25,240.820007,229.550003,233.190002
229.339996,238.979996,229.289993,236.860001
238.660004,238.919998,228.179993,230.039993
231.309998,239.0,230.350006,238.589996
242.580002,244.380005,235.350006,238.820007
238.580002,257.480011,237.770004,257.179993
254.199997,260.51001,250.589996,256.899994
255.979996,261.179993,255.050003,258.079987
257.26001,259.079987,242.009995,245.009995
245.0,258.0,244.860001,256.48999
255.139999,255.389999,245.059998,251.919998
245.070007,252.809998,243.270004,251.490005
251.220001,256.519989,246.669998,248.5
264.269989,274.850006,260.609985,273.579987
270.76001,278.390015,266.600006,267.480011
270.070007,274.980011,268.100006,271.299988
271.320007,276.709991,270.420013,276.040009
277.549988,278.980011,271.0,274.390015
271.160004,271.440002,263.76001,265.279999
264.350006,267.850006,261.200012,266.5
267.040009,273.929993,262.459991,262.589996
257.850006,260.859985,254.210007,255.699997
257.399994,257.790009,244.479996,244.880005
243.380005,247.100006,238.309998,246.990005
242.979996,249.550003,241.660004,244.119995
244.259995,245.330002,234.580002,240.5
240.020004,247.550003,238.649994,246.380005
250.0,254.770004,246.350006,250.220001
244.809998,254.279999,242.619995,251.600006
248.610001,250.020004,244.449997,246.529999
248.139999,261.859985,247.600006,261.160004
260.0,263.600006,256.25,260.049988
253.979996,261.649994,250.649994,260.529999
255.309998,261.359985,252.050003,259.670013
257.75,268.940002,257.649994,263.619995
266.200012,268.600006,260.899994,262.98999
262.920013,265.410004,256.630005,258.869995
258.899994,259.600006,250.220001,251.119995
250.050003,255.399994,248.479996,253.919998
250.100006,257.179993,247.080002,254.850006
252.699997,254.630005,242.080002,242.679993
225.949997,230.610001,216.779999,220.110001
217.009995,218.860001,210.419998,211.990005
210.0,216.979996,202.509995,212.080002
216.5,222.050003,214.110001,216.520004
215.880005,220.100006,212.199997,212.419998
211.320007,214.800003,204.880005,205.759995
210.600006,212.410004,205.770004,207.300003
209.279999,210.880005,194.669998,197.360001
196.119995,202.800003,194.070007,200.839996
204.039993,205.990005,197.850006,205.660004
212.970001,219.199997,211.449997,218.509995
221.149994,226.369995,218.399994,219.960007
223.979996,226.320007,215.0,219.270004
219.979996,223.119995,215.720001,222.179993
223.149994,224.149994,217.639999,222.110001
219.75,220.800003,206.679993,209.979996
210.029999,215.380005,205.690002,214.649994
215.600006,225.399994,211.610001,223.710007
235.029999,238.139999,230.720001,237.410004
239.289993,246.699997,236.449997,242.839996
239.490005,240.880005,230.960007,233.589996
232.0,237.389999,226.539993,234.300003
234.039993,237.100006,231.020004,235.600006
235.039993,243.619995,233.339996,241.199997
242.039993,244.009995,231.399994,234.210007
233.75,238.75,232.330002,235.449997
236.889999,238.330002,232.100006,236.080002
236.679993,247.0,234.009995,246.720001
249.210007,252.75,242.759995,244.139999
245.139999,245.220001,236.910004,240.080002
233.139999,240.190002,231.899994,238.830002
235.75,239.369995,233.289993,235.580002
233.869995,246.660004,233.699997,238.720001
242.919998,246.570007,239.169998,239.369995
241.550003,244.080002,236.979996,242.639999
240.270004,245.270004,239.270004,243.839996
242.740005,243.440002,237.449997,239.740005
238.550003,238.990005,233.869995,237.009995
234.190002,240.300003,228.199997,239.289993
241.220001,253.880005,240.789993,251.050003
251.210007,254.130005,248.300003,253.5
253.779999,258.73999,251.360001,252.080002
253.479996,258.339996,253.009995,257.220001
256.410004,259.839996,247.0,247.139999
251.899994,254.800003,248.550003,254.5
256.76001,258.220001,251.369995,252.539993
254.490005,257.970001,252.910004,256.609985
258.350006,263.339996,257.519989,261.440002
263.660004,265.130005,252.710007,253.179993
255.100006,255.190002,247.429993,248.479996
250.080002,251.25,244.410004,248.419998
244.979996,245.679993,236.320007,238.449997
239.25,242.699997,237.729996,237.929993
236.860001,240.119995,234.899994,237.490005
236.139999,241.25,235.300003,240.449997
238.110001,238.960007,232.039993,234.960007
235.100006,235.5,231.289993,233.940002
230.570007,230.929993,225.369995,227.220001
220.080002,225.339996,217.149994,218.889999
215.100006,223.490005,212.179993,219.910004
214.860001,215.669998,212.009995,215.550003
216.880005,217.449997,208.740005,211.880005
209.990005,213.190002,207.559998,212.190002
212.259995,217.800003,206.270004,208.800003
211.300003,215.649994,207.75,209.139999
211.880005,212.729996,206.770004,207.830002
189.699997,193.0,180.059998,182.630005
185.5,186.779999,182.100006,183.25
185.630005,191.479996,183.669998,190.929993
195.330002,196.360001,190.610001,191.589996
187.0,193.970001,185.850006,187.289993
188.5,189.880005,184.279999,188.860001
185.039993,188.690002,182.0,187.910004
184.259995,184.679993,175.009995,181.059998
177.210007,186.490005,177.110001,185.100006
188.179993,189.789993,182.679993,187.580002
189.0,191.619995,185.580002,189.559998
190.179993,194.119995,189.479996,193.570007
192.110001,194.729996,187.279999,188.130005
183.990005,187.259995,182.110001,184.020004
185.300003,188.889999,183.350006,188.710007
189.160004,200.880005,188.860001,200.449997
202.059998,203.169998,197.399994,199.949997
196.130005,198.600006,189.130005,193.759995
193.360001,199.440002,191.949997,194.770004
194.0,198.320007,191.360001,197.410004
195.309998,197.570007,191.5,191.970001
192.289993,201.779999,192.0,199.399994
204.039993,205.600006,198.259995,199.729996
200.419998,205.300003,198.440002,202.039993
204.179993,205.279999,198.449997,201.880005
200.520004,204.520004,198.5,202.639999
198.729996,199.75,186.720001,188.139999
183.050003,184.589996,177.570007,180.740005
179.990005,181.580002,173.699997,176.539993
174.350006,180.039993,173.699997,178.649994
181.5,182.729996,174.699997,175.339996
175.449997,182.869995,174.800003,177.770004
177.770004,179.429993,172.410004,177.539993
173.050003,176.050003,169.149994,169.479996
167.770004,171.169998,160.509995,162.5
163.160004,165.179993,160.759995,163.570007
170.020004,174.720001,165.899994,173.800003
172.360001,172.820007,167.419998,171.320007
173.0,176.25,170.820007,175.660004
176.389999,178.179993,171.800003,172.820007
166.690002,171.199997,166.300003,170.830002
168.759995,175.240005,168.729996,172.630005
178.580002,184.25,177.380005,177.669998
181.410004,181.910004,176.0,179.830002
177.449997,179.570007,175.300003,175.789993
176.169998,176.75,170.210007,175.220001
164.75,167.690002,163.429993,166.630005
164.020004,168.820007,163.279999,168.380005
170.070007,177.190002,168.009995,171.110001
169.080002,170.860001,160.509995,164.899994
169.339996,174.5,167.789993,172.979996
172.910004,179.220001,171.919998,176.880005
173.039993,174.929993,170.009995,171.759995
172.550003,175.880005,168.509995,174.600006
172.339996,173.809998,170.360001,171.050003
170.240005,170.690002,161.380005,161.479996
156.740005,158.190002,153.75,157.110001
157.639999,158.330002,153.779999,155.449997
151.25,152.199997,148.699997,149.929993
148.970001,150.940002,146.220001,147.050003
140.559998,144.440002,138.800003,142.050003
143.330002,147.259995,141.110001,144.679993
162.839996,167.970001,157.509995,162.130005
158.960007,170.880005,158.360001,170.179993
168.850006,172.119995,166.369995,168.289993
188.419998,198.869995,184.539993,194.050003
186.979996,190.949997,182.839996,183.279999
182.0,185.860001,179.009995,179.990005
182.860001,184.600006,176.020004,180.009995
182.100006,184.779999,178.419998,181.190002
183.800003,187.559998,182.199997,184.759995
182.399994,183.259995,177.399994,177.809998
171.589996,176.059998,170.149994,174.720001
175.009995,175.619995,171.369995,171.970001
173.050003,173.059998,167.75,168.470001
170.0,175.399994,169.0,171.889999
174.5,179.490005,174.070007,177.550003
179.899994,180.0,173.110001,173.990005
174.100006,175.789993,171.429993,174.839996
173.550003,179.630005,172.75,177.460007
177.559998,177.75,173.520004,174.949997
175.509995,186.880005,174.710007,186.600006
182.850006,183.800003,178.119995,180.110001
181.800003,181.899994,173.259995,173.740005
174.839996,180.080002,173.729996,179.240005
176.399994,178.25,173.160004,176.75
174.190002,178.149994,173.929993,176.190002
178.580002,182.669998,175.380005,178.789993
178.5,180.320007,173.820007,178.080002
178.130005,182.639999,174.490005,176.289993
174.779999,177.759995,174.0,174.770004
175.350006,176.149994,172.130005,175.0
174.600006,179.729996,172.729996,177.940002
176.130005,179.350006,175.580002,177.479996
176.059998,178.570007,173.169998,173.789993
173.919998,174.75,167.410004,170.660004
171.119995,180.550003,169.800003,177.289993
188.389999,191.080002,181.229996,182.470001
185.800003,186.0,176.919998,178.009995
177.919998,188.809998,177.0,187.440002
186.559998,187.199997,182.369995,184.860001
184.679993,185.210007,179.660004,181.570007
182.300003,183.949997,180.690002,183.009995
184.970001,188.800003,182.550003,182.580002
184.399994,187.970001,182.009995,187.350006
186.539993,197.759995,186.360001,196.369995
195.169998,198.720001,194.050003,197.419998
199.550003,203.199997,195.259995,197.880005
201.020004,213.229996,200.850006,209.860001
218.889999,231.300003,218.059998,231.259995
234.559998,248.350006,234.25,246.389999
249.809998,252.369995,242.460007,251.520004
247.710007,259.440002,244.570007,252.940002
251.0,265.609985,250.300003,262.329987
262.799988,267.589996,257.859985,263.26001
263.299988,271.0,239.649994,241.029999
235.800003,251.839996,233.089996,248.229996
255.970001,265.600006,251.729996,252.639999
255.309998,258.619995,245.800003,256.559998
252.729996,258.470001,246.179993,248.5
251.089996,257.140015,247.199997,249.229996
247.789993,249.440002,236.830002,239.199997
244.210007,253.210007,243.75,251.509995
253.600006,255.759995,245.630005,246.380005
225.419998,225.990005,214.710007,215.990005
216.800003,226.0,216.229996,220.25
221.190002,222.279999,215.330002,219.800003
224.899994,234.270004,224.699997,232.100006
232.25,232.410004,220.0,222.619995
227.899994,234.679993,226.789993,232.070007
227.690002,231.869995,214.330002,216.860001
214.880005,216.130005,205.779999,207.669998
185.220001,203.880005,182.0,198.880005
200.75,202.899994,192.669998,200.639999
200.770004,203.490005,191.479996,191.759995
195.699997,200.699997,192.039993,198.839996
197.050003,200.880005,195.110001,200.0
199.020004,199.259995,194.669998,197.490005
198.470001,208.490005,197.059998,207.830002
207.389999,208.440002,198.75,201.380005
205.020004,215.880005,204.820007,214.139999
211.149994,219.800003,210.800003,216.119995
217.070007,222.979996,214.089996,222.720001
224.880005,228.220001,219.559998,221.100006
222.669998,224.660004,218.860001,223.270004
223.820007,224.800003,210.320007,210.660004
214.460007,221.479996,214.210007,220.320007
218.75,219.089996,211.009995,213.210007
213.25,215.660004,206.940002,209.210007
209.720001,211.839996,202.589996,205.75
209.800003,214.889999,205.970001,206.279999
208.630005,214.570007,207.029999,214.110001
215.259995,219.899994,209.639999,210.600006
210.589996,222.220001,210.570007,219.410004
223.490005,235.0,222.25,230.169998
232.600006,233.600006,210.509995,210.729996
216.199997,219.869995,213.669998,216.270004
220.070007,226.399994,218.639999,226.169998
224.550003,228.470001,216.800003,228.130005
224.660004,231.449997,223.830002,229.809998
228.0,232.669998,226.320007,230.289993
229.300003,229.960007,223.529999,226.779999
229.449997,234.570007,226.550003,227.869995
230.089996,235.679993,226.880005,227.199997
234.0,244.240005,232.130005,243.919998
241.520004,243.990005,235.919998,238.25
242.610001,250.0,241.919998,250.0
254.080002,257.190002,249.050003,254.270004
252.539993,257.049988,252.279999,257.019989
260.600006,261.75,251.529999,254.220001
257.380005,260.700012,254.119995,260.459991
259.040009,264.859985,255.770004,261.630005
262.670013,263.980011,248.529999,258.019989
247.550003,251.160004,241.5,249.020004
244.479996,249.789993,237.809998,240.660004
246.690002,250.960007,244.580002,250.080002
249.0,249.830002,240.699997,240.830002
243.559998,246.210007,240.559998,244.5
243.820007,247.429993,239.509995,241.050003
241.809998,242.789993,232.339996,238.770004
220.130005,223.339996,214.380005,217.800003
220.130005,221.910004,213.740005,219.160004
220.009995,224.259995,217.119995,219.570007
221.399994,222.820007,218.929993,221.330002
221.589996,222.080002,217.899994,220.889999
220.710007,222.279999,219.229996,220.699997
218.899994,220.479996,215.729996,218.850006
217.309998,218.220001,215.259995,217.970001
217.130005,218.720001,212.110001,213.649994
244.679993,262.119995,242.649994,260.480011
256.01001,269.48999,255.320007,269.190002
270.0,273.540009,262.23999,262.51001
264.51001,264.980011,255.509995,259.519989
258.040009,263.350006,255.820007,257.549988
257.98999,259.75,249.25,249.850006
252.039993,254.0,246.630005,248.979996
244.559998,248.899994,238.880005,242.839996
247.339996,255.279999,246.210007,251.440002
284.670013,289.589996,275.619995,288.529999
288.890015,299.75,285.519989,296.910004
299.140015,328.709991,297.660004,321.220001
346.299988,358.640015,336.0,350.0
342.73999,345.839996,323.309998,328.48999
335.850006,344.600006,322.5,330.23999
327.690002,329.980011,310.369995,311.179993
310.570007,324.679993,309.220001,320.720001
340.730011,348.549988,330.01001,338.73999
335.76001,347.380005,332.75,346.0
345.0,346.600006,334.299988,342.029999
343.809998,347.98999,335.279999,339.640015
341.089996,361.529999,337.700012,352.559998
360.140015,361.929993,338.200012,338.589996
341.0,346.959991,335.660004,338.230011
341.799988,342.549988,326.589996,332.890015
336.079987,345.450012,334.649994,345.160004
352.380005,360.0,351.149994,357.089996
351.799988,355.690002,348.200012,351.420013
353.0,358.100006,348.600006,357.929993
359.869995,375.429993,359.5,369.48999
377.420013,389.48999,370.799988,389.220001
397.609985,404.799988,378.01001,389.790009
392.679993,409.730011,390.850006,400.98999
409.700012,424.880005,402.380005,424.769989
424.839996,429.299988,415.0,418.100006
420.0,436.299988,415.709991,436.230011
441.089996,463.190002,436.149994,463.019989
475.899994,483.98999,457.51001,479.859985
466.5,488.540009,427.01001,440.130005
451.880005,456.359985,420.019989,436.170013
425.51001,447.079987,417.640015,421.059998
431.0,434.51001,415.410004,430.600006
435.899994,462.779999,435.140015,462.279999
465.160004,465.329987,451.019989,454.130005
449.519989,450.0,426.5,431.660004
419.399994,427.0,415.75,417.410004
423.790009,427.929993,402.540009,403.839996
390.100006,392.730011,373.040009,379.279999
381.480011,411.880005,379.450012,410.440002
423.200012,426.429993,401.700012,411.049988
405.829987,414.329987,390.0,394.359985
392.950012,402.5,387.399994,394.940002
391.399994,399.279999,377.290009,394.73999
383.209991,403.790009,380.070007,403.309998
414.339996,422.640015,394.540009,396.359985
409.899994,429.799988,405.660004,428.220001
423.48999,424.0,409.130005,413.820007
421.5,439.73999,419.75,426.5
432.640015,433.200012,406.309998,424.070007
416.809998,428.0,414.589996,415.109985
416.059998,420.730011,408.950012,412.380005
414.450012,418.880005,405.779999,406.579987
394.799988,406.690002,389.0,397.149994
396.910004,400.589996,386.5,398.089996
395.209991,398.589996,384.480011,389.100006
410.779999,412.5,384.410004,400.279999
401.529999,419.98999,401.339996,404.600006
386.679993,389.170013,374.359985,383.679993
382.630005,394.0,381.399994,392.209991
387.51001,388.390015,375.529999,378.170013
373.029999,375.399994,363.179993,374.320007
370.190002,380.549988,360.339996,361.619995
356.209991,362.700012,350.51001,350.730011
345.799988,349.369995,325.100006,328.5
329.940002,346.399994,329.119995,336.51001
345.0,358.690002,342.850006,355.940002
360.619995,362.0,347.5,355.839996
355.01001,359.100006,350.019989,354.109985
354.0,367.339996,353.670013,360.559998
361.51001,362.299988,348.0,354.399994
353.440002,354.980011,334.420013,337.799988
338.140015,342.399994,324.700012,330.529999
327.019989,328.890015,297.25,302.799988
303.709991,309.0,288.040009,290.799988
291.160004,297.230011,280.880005,281.950012
279.5,293.880005,273.600006,292.980011
300.339996,303.940002,277.299988,284.649994
270.929993,284.350006,261.839996,272.040009
272.920013,279.549988,267.709991,279.100006
272.059998,272.649994,260.019989,263.450012
259.320007,266.25,250.729996,262.670013
252.539993,253.369995,220.0,222.149994
225.309998,237.059998,217.020004,230.580002
247.220001,251.839996,241.100006,248.089996
248.130005,248.289993,232.600006,240.679993
247.309998,251.580002,240.729996,249.979996
245.059998,245.399994,232.800003,238.009995
228.160004,230.100006,222.279999,225.309998
231.610001,241.410004,229.199997,235.860001
233.350006,238.0,230.050003,236.259995
234.990005,249.520004,234.550003,248.710007
258.079987,278.640015,256.329987,278.390015
283.600006,288.200012,271.279999,288.140015
282.660004,284.899994,266.51001,272.059998
272.480011,291.850006,271.820007,273.130005
275.579987,276.100006,260.570007,263.549988
249.309998,260.559998,243.360001,259.160004
263.799988,277.450012,259.25,268.459991
254.600006,284.98999,251.270004,282.76001
265.290009,276.299988,261.51001,267.279999
255.380005,261.0,236.0,239.429993
223.779999,252.0,214.25,233.289993
245.0,250.440002,217.800003,221.860001
224.690002,274.690002,223.880005,272.200012
260.0,262.48999,239.330002,252.399994
251.839996,257.73999,241.360001,252.309998
258.359985,261.799988,245.929993,252.350006
249.910004,258.75,247.539993,254.110001
247.610001,251.970001,233.889999,241.550003
243.470001,244.339996,237.679993,241.369995
230.259995,232.210007,222.789993,227.5
230.960007,242.789993,229.850006,237.970001
254.860001,259.450012,244.429993,250.740005
250.5,259.540009,249.199997,259.51001
261.690002,286.850006,259.630005,284.950012
288.980011,294.859985,272.420013,285.880005
285.5,293.320007,279.470001,292.029999
279.899994,284.450012,270.779999,282.160004
280.01001,290.869995,279.809998,280.519989
284.899994,294.779999,279.809998,287.209991
284.570007,284.850006,274.399994,280.26001
273.109985,277.730011,271.350006,275.350006
276.880005,277.920013,271.0,276.220001
279.630005,289.799988,279.410004,284.820007
290.209991,307.040009,290.0,298.26001
321.98999,322.209991,311.5,318.380005
320.0,337.589996,316.799988,334.070007
342.5,350.0,337.0,347.679993
340.339996,346.140015,334.720001,342.820007
346.23999,351.619995,342.329987,349.980011
336.299988,343.0,333.369995,342.089996
347.869995,354.98999,341.630005,343.820007
344.429993,347.350006,332.200012,334.619995
331.899994,347.269989,331.390015,341.040009
337.920013,343.179993,333.209991,339.339996
347.350006,363.790009,347.320007,362.890015
364.839996,365.0,355.910004,356.899994
365.290009,367.709991,356.0,358.429993
355.519989,363.679993,345.290009,346.459991
343.5,348.019989,333.329987,342.690002
346.600006,355.399994,343.040009,344.269989
345.100006,345.600006,327.329987,332.049988
322.48999,324.549988,273.209991,284.700012
298.829987,305.5,291.140015,295.140015
285.959991,309.829987,281.850006,308.579987
314.940002,327.829987,310.670013,326.089996
334.399994,335.5,322.5,326.429993
323.079987,332.559998,316.859985,319.109985
313.970001,332.98999,313.299988,325.309998
331.290009,332.049988,326.410004,329.130005
326.089996,327.26001,314.73999,316.350006
317.309998,329.320007,315.450012,322.049988
327.950012,332.359985,317.779999,322.160004
327.540009,357.540009,327.480011,348.679993
356.170013,356.26001,340.440002,340.470001
342.700012,343.0,320.399994,327.549988
324.609985,331.049988,323.609985,325.779999
324.51001,329.339996,317.5,323.630005
319.899994,325.579987,316.600006,317.660004
298.459991,305.890015,293.209991,300.709991
312.630005,316.829987,303.820007,315.649994
317.98999,318.450012,312.76001,315.350006
291.369995,296.149994,288.769989,293.940002
297.0,304.049988,294.350006,297.809998
297.549988,300.149994,293.549988,295.880005
300.049988,310.480011,300.0,309.869995
307.890015,314.089996,305.649994,313.51001
317.730011,322.600006,312.670013,316.899994
319.679993,321.200012,310.5,310.779999
312.799988,323.5,312.619995,321.670013
323.149994,324.339996,317.059998,319.410004
321.660004,330.899994,321.420013,329.649994
334.399994,338.0,326.880005,328.48999
329.73999,335.410004,321.549988,332.109985
330.899994,336.200012,328.670013,332.559998
310.0,310.149994,300.410004,305.299988
308.73999,323.630005,308.01001,316.059998
318.450012,330.48999,315.690002,325.589996
325.549988,326.25,318.25,321.200012
322.179993,324.450012,311.619995,319.040009
319.609985,321.369995,306.100006,308.269989
306.209991,309.309998,297.820007,302.630005
309.079987,312.119995,303.0,309.26001
308.950012,312.450012,305.5,308.720001
307.890015,320.470001,306.929993,319.910004
319.790009,322.399994,316.160004,322.269989
321.429993,335.149994,320.980011,329.649994
335.0,346.640015,334.149994,339.029999
345.0,345.26001,332.940002,340.839996
341.5,348.980011,338.200012,339.380005
335.76001,340.470001,330.399994,335.579987
337.660004,339.299988,327.019989,330.559998
329.619995,336.269989,329.589996,335.160004
335.790009,340.549988,327.850006,329.309998
329.220001,331.369995,314.600006,323.899994
322.079987,324.899994,318.679993,320.109985
321.660004,340.25,319.690002,340.01001
338.899994,349.529999,335.029999,346.600006
344.929993,351.899994,343.720001,351.670013
351.940002,355.390015,349.160004,349.600006
350.910004,353.549988,340.26001,345.980011
347.230011,348.75,331.700012,333.869995
328.230011,333.329987,325.600006,329.359985
335.200012,343.329987,328.51001,334.089996
336.149994,338.890015,331.480011,338.529999
348.0,355.869995,344.679993,350.839996
354.640015,358.440002,344.839996,346.399994
348.440002,350.769989,343.820007,346.970001
350.549988,356.329987,346.070007,347.790009
350.170013,368.98999,347.600006,368.809998
370.940002,396.690002,370.23999,395.940002
423.130005,425.700012,402.429993,410.040009
414.5,423.25,411.429993,421.619995
415.75,428.309998,409.670013,425.859985
428.869995,432.220001,416.559998,416.850006
421.820007,429.470001,421.720001,426.070007
431.109985,444.980011,429.130005,434.209991
439.880005,440.970001,423.720001,425.850006
429.829987,444.209991,429.029999,442.790009
435.23999,435.350006,419.079987,423.390015
428.299988,440.470001,421.019989,440.399994
444.350006,450.980011,439.5,443.209991
441.519989,445.0,433.119995,444.720001
443.799988,462.290009,440.75,459.459991
470.540009,470.75,435.570007,436.0
443.290009,446.769989,416.579987,429.829987
440.75,453.549988,436.690002,453.25
447.820007,452.679993,432.450012,433.089996
437.570007,441.329987,425.230011,438.690002
431.809998,436.350006,426.179993,435.540009
436.540009,443.130005,411.450012,413.48999
423.529999,436.890015,419.700012,435.899994
426.790009,434.200012,417.859985,429.23999
434.899994,440.51001,426.329987,435.149994
434.730011,439.350006,421.309998,428.75
425.5,441.459991,423.600006,439.309998
443.869995,449.799988,440.609985,447.429993
445.76001,449.299988,442.049988,442.600006
443.450012,445.540009,429.0,438.970001
420.0,449.399994,413.899994,448.980011
446.829987,451.679993,430.170013,433.720001
439.980011,460.160004,438.690002,452.420013
454.779999,467.0,451.600006,460.549988
462.5,465.700012,452.649994,461.51001
451.049988,455.059998,439.609985,440.100006
446.75,458.0,443.690002,456.559998
455.98999,474.070007,453.799988,468.369995
454.459991,460.220001,443.600006,444.26001
452.049988,466.329987,440.709991,462.070007
461.959991,467.450012,435.089996,445.910004
437.920013,439.359985,421.880005,429.519989
439.600006,449.670013,433.359985,445.230011
439.399994,442.48999,432.359985,439.619995
442.149994,442.329987,426.559998,430.600006
423.130005,424.5,396.339996,401.98999
386.299988,412.190002,382.779999,404.350006
398.73999,423.959991,398.73999,408.920013
405.380005,408.899994,393.709991,401.25
406.179993,411.779999,398.5,403.98999
414.630005,428.940002,394.73999,395.230011
402.320007,402.799988,383.76001,391.089996
402.170013,421.720001,401.089996,417.779999
414.420013,420.480011,405.950012,419.399994
423.950012,426.940002,416.890015,426.579987
426.589996,432.929993,426.200012,430.170013
425.320007,433.660004,425.290009,430.140015
430.809998,436.799988,422.119995,429.23999
432.100006,447.920013,431.109985,446.73999
449.940002,454.630005,445.390015,454.529999
453.029999,458.869995,451.660004,455.0
447.450012,449.75,435.25,439.579987
437.540009,452.390015,435.700012,445.170013
446.070007,456.880005,443.609985,451.450012
448.950012,449.269989,440.329987,446.890015
448.089996,463.01001,441.670013,458.959991
469.440002,481.769989,467.660004,475.309998
472.209991,491.5,465.829987,489.880005
488.220001,495.279999,466.200012,467.26001
478.160004,490.859985,473.119995,483.369995
488.119995,490.48999,474.720001,481.200012
489.880005,498.829987,485.329987,488.730011
489.399994,491.970001,482.839996,485.559998
488.480011,490.899994,476.799988,485.399994
485.230011,489.089996,473.820007,475.190002
469.0,469.399994,459.0,459.640015
461.089996,463.119995,453.829987,454.429993
456.100006,456.549988,449.299988,449.720001
457.799988,458.339996,435.299988,438.070007
447.98999,457.549988,444.570007,451.670013
446.380005,448.25,428.779999,432.959991
435.899994,438.369995,431.290009,431.410004
427.890015,436.890015,424.369995,435.799988
435.950012,449.049988,430.390015,445.01001
441.230011,454.299988,438.0,448.959991
450.200012,451.809998,443.950012,447.200012
442.809998,443.910004,434.220001,439.200012
441.130005,445.359985,437.649994,438.570007
439.5,447.25,435.26001,437.5
429.359985,430.730011,417.440002,419.25
421.660004,438.200012,419.619995,431.440002
435.160004,449.5,432.630005,449.359985
447.429993,452.429993,444.040009,449.059998
445.0,445.040009,434.279999,435.200012
437.410004,437.519989,430.690002,430.899994
431.910004,438.26001,430.100006,431.459991
437.799988,440.230011,414.619995,416.559998
425.350006,439.880005,422.700012,430.410004
421.290009,427.149994,414.5,421.809998
424.269989,428.559998,413.690002,421.959991
420.459991,423.899994,399.179993,406.01001
397.019989,402.100006,387.529999,397.209991
400.869995,414.549988,397.75,411.109985
409.910004,421.25,407.290009,417.320007
418.079987,427.25,417.0,425.209991
427.959991,436.350006,420.029999,428.269989
430.299988,436.230011,414.0,417.070007
414.309998,424.059998,410.880005,417.440002
412.359985,413.720001,400.51001,410.630005
411.109985,416.899994,409.579987,411.320007
407.25,415.25,404.109985,411.709991
408.299988,414.700012,405.5,411.820007
407.290009,407.700012,394.040009,399.829987
399.5,410.820007,397.640015,409.380005
412.149994,420.339996,412.149994,417.399994
414.420013,416.809998,403.660004,408.579987
402.940002,407.119995,398.109985,402.51001
390.600006,404.540009,388.25,403.320007
395.089996,396.339996,385.390015,392.429993
397.850006,408.329987,394.579987,405.940002
401.570007,408.619995,399.420013,405.549988
398.089996,402.350006,394.209991,396.730011
390.049988,401.589996,381.399994,398.679993
402.220001,406.589996,398.190002,399.23999
402.279999,416.380005,402.149994,407.820007
405.179993,406.5,394.649994,395.01001
399.170013,400.200012,389.950012,391.200012
396.220001,403.730011,394.420013,395.559998
395.690002,400.119995,393.0,399.269989
399.0,403.070007,392.309998,392.779999
387.269989,387.269989,378.730011,380.299988
379.850006,379.890015,364.459991,367.959991
373.089996,385.329987,372.730011,380.850006
376.559998,387.480011,376.309998,383.029999
389.98999,396.230011,385.01001,385.950012
381.600006,384.440002,371.869995,372.109985
369.690002,369.859985,359.470001,361.829987
365.859985,367.290009,352.140015,355.279999
361.51001,373.329987,361.0,371.75
378.630005,383.140015,374.079987,381.26001
364.200012,370.279999,359.029999,360.589996
362.589996,367.720001,346.640015,352.820007
346.440002,348.019989,337.23999,346.649994
363.790009,364.5,339.670013,343.25
343.149994,348.880005,337.25,345.619995
346.290009,350.359985,342.73999,348.950012
350.070007,356.350006,348.570007,352.420013
357.670013,367.630005,354.769989,364.200012
366.829987,394.649994,362.5,391.950012
393.809998,394.059998,381.799988,388.899994
395.920013,409.279999,391.649994,400.619995
402.579987,406.799988,388.329987,392.5
393.0,393.950012,385.220001,386.420013
387.570007,393.01001,385.299988,387.51001
375.279999,386.0,368.390015,373.720001
373.5,382.76001,370.730011,376.299988
372.089996,380.779999,364.019989,378.670013
374.679993,382.290009,372.540009,376.019989
375.399994,376.399994,370.040009,372.799988
372.75,384.75,368.170013,381.630005
382.48999,397.820007,378.799988,390.820007
390.230011,394.640015,384.799988,392.51001
395.190002,402.119995,389.0,389.369995
386.25,401.679993,384.019989,398.730011
407.480011,415.829987,402.119995,411.790009
416.480011,431.200012,416.390015,428.350006
422.160004,449.160004,416.799988,445.0
441.410004,447.799988,422.26001,433.450012
436.670013,453.399994,430.209991,445.269989
446.48999,451.980011,441.160004,443.299988
433.980011,434.660004,422.0,422.23999
419.269989,421.130005,405.329987,409.98999
403.160004,405.630005,393.630005,404.109985
407.600006,417.459991,406.390015,417.26001
422.179993,426.950012,412.899994,417.850006
422.670013,431.51001,420.51001,426.01001
430.26001,435.200012,426.119995,433.589996
442.890015,445.600006,435.519989,440.359985
437.619995,443.959991,436.299988,442.100006
439.850006,441.070007,428.140015,435.790009
427.48999,429.600006,415.429993,415.880005
418.220001,424.420013,413.649994,423.73999
418.700012,433.600006,416.0,423.700012
419.839996,426.349915,417.160004,418.450012
